{"type":"FeatureCollection","name":"nanjing_network_nodes","crs":{"type":"name","properties":{"name":"urn:ogc:def:crs:OGC:1.3:CRS84"}},"features":[{"type":"Feature","properties":{"node_id":"10015438303","node_origin":"osm_node","degree":2,"is_intersection":false,"source":"OpenStreetMap"},"geometry":{"type":"Point","coordinates":[118.7891884,32.0599563]}},{"type":"Feature","properties":{"node_id":"10015438304","node_origin":"osm_node","degree":2,"is_intersection":false,"source":"OpenStreetMap"},"geometry":{"type":"Point","coordinates":[118.7895293,32.0599349]}},{"type":"Feature","properties":{"node_id":"10015438305","node_origin":"osm_node","degree":2,"is_intersection":false,"source":"OpenStreetMap"},"geometry":{"type":"Point","coordinates":[118.7901059,32.0598057]}},{"type":"Feature","properties":{"node_id":"10016086239","node_origin":"osm_node","degree":2,"is_intersection":false,"source":"OpenStreetMap"},"geometry":{"type":"Point","coordinates":[118.8233172,32.0418117]}},{"type":"Feature","properties":{"node_id":"10016086240","node_origin":"osm_node","degree":2,"is_intersection":false,"source":"OpenStreetMap"},"geometry":{"type":"Point","coordinates":[118.8226958,32.0411875]}},{"type":"Feature","properties":{"node_id":"10016086241","node_origin":"osm_node","degree":2,"is_intersection":false,"source":"OpenStreetMap"},"geometry":{"type":"Point","coordinates":[118.8229073,32.0412949]}},{"type":"Feature","properties":{"node_id":"10016086242","node_origin":"osm_node","degree":2,"is_intersection":false,"source":"OpenStreetMap"},"geometry":{"type":"Point","coordinates":[118.8231259,32.0414759]}},{"type":"Feature","properties":{"node_id":"10016086244","node_origin":"osm_node","degree":2,"is_intersection":false,"source":"OpenStreetMap"},"geometry":{"type":"Point","coordinates":[118.8234824,32.0418551]}},{"type":"Feature","properties":{"node_id":"10016086245","node_origin":"osm_node","degree":2,"is_intersection":false,"source":"OpenStreetMap"},"geometry":{"type":"Point","coordinates":[118.8234301,32.0420284]}},{"type":"Feature","properties":{"node_id":"10016086246","node_origin":"osm_node","degree":2,"is_intersection":false,"source":"OpenStreetMap"},"geometry":{"type":"Point","coordinates":[118.8235693,32.0418697]}},{"type":"Feature","properties":{"node_id":"10016086247","node_origin":"osm_node","degree":2,"is_intersection":false,"source":"OpenStreetMap"},"geometry":{"type":"Point","coordinates":[118.8237909,32.0419682]}},{"type":"Feature","properties":{"node_id":"10016086248","node_origin":"osm_node","degree":2,"is_intersection":false,"source":"OpenStreetMap"},"geometry":{"type":"Point","coordinates":[118.8239129,32.0420075]}},{"type":"Feature","properties":{"node_id":"10016086249","node_origin":"osm_node","degree":2,"is_intersection":false,"source":"OpenStreetMap"},"geometry":{"type":"Point","coordinates":[118.8240422,32.0420451]}},{"type":"Feature","properties":{"node_id":"10016086250","node_origin":"osm_node","degree":2,"is_intersection":false,"source":"OpenStreetMap"},"geometry":{"type":"Point","coordinates":[118.8242093,32.0420716]}},{"type":"Feature","properties":{"node_id":"10016086251","node_origin":"osm_node","degree":2,"is_intersection":false,"source":"OpenStreetMap"},"geometry":{"type":"Point","coordinates":[118.8225757,32.0411501]}},{"type":"Feature","properties":{"node_id":"10017284533","node_origin":"osm_node","degree":2,"is_intersection":false,"source":"OpenStreetMap"},"geometry":{"type":"Point","coordinates":[118.8142546,32.0640928]}},{"type":"Feature","properties":{"node_id":"10019970968","node_origin":"osm_node","degree":3,"is_intersection":true,"source":"OpenStreetMap"},"geometry":{"type":"Point","coordinates":[118.7687333,32.0362076]}},{"type":"Feature","properties":{"node_id":"10019970969","node_origin":"osm_node","degree":2,"is_intersection":false,"source":"OpenStreetMap"},"geometry":{"type":"Point","coordinates":[118.7685953,32.0358708]}},{"type":"Feature","properties":{"node_id":"10019970970","node_origin":"osm_node","degree":3,"is_intersection":true,"source":"OpenStreetMap"},"geometry":{"type":"Point","coordinates":[118.769394,32.0385598]}},{"type":"Feature","properties":{"node_id":"10019970972","node_origin":"osm_node","degree":2,"is_intersection":false,"source":"OpenStreetMap"},"geometry":{"type":"Point","coordinates":[118.7685037,32.0363091]}},{"type":"Feature","properties":{"node_id":"10019970974","node_origin":"osm_node","degree":2,"is_intersection":false,"source":"OpenStreetMap"},"geometry":{"type":"Point","coordinates":[118.7698083,32.0384143]}},{"type":"Feature","properties":{"node_id":"10019970977","node_origin":"osm_node","degree":2,"is_intersection":false,"source":"OpenStreetMap"},"geometry":{"type":"Point","coordinates":[118.7715517,32.0377254]}},{"type":"Feature","properties":{"node_id":"10019970978","node_origin":"osm_node","degree":2,"is_intersection":false,"source":"OpenStreetMap"},"geometry":{"type":"Point","coordinates":[118.7706596,32.03809]}},{"type":"Feature","properties":{"node_id":"10019970982","node_origin":"osm_node","degree":3,"is_intersection":true,"source":"OpenStreetMap"},"geometry":{"type":"Point","coordinates":[118.7700608,32.039822]}},{"type":"Feature","properties":{"node_id":"10019970984","node_origin":"osm_node","degree":2,"is_intersection":false,"source":"OpenStreetMap"},"geometry":{"type":"Point","coordinates":[118.7705213,32.0396497]}},{"type":"Feature","properties":{"node_id":"10019970987","node_origin":"osm_node","degree":2,"is_intersection":false,"source":"OpenStreetMap"},"geometry":{"type":"Point","coordinates":[118.773092,32.03886]}},{"type":"Feature","properties":{"node_id":"10019970988","node_origin":"osm_node","degree":2,"is_intersection":false,"source":"OpenStreetMap"},"geometry":{"type":"Point","coordinates":[118.7715158,32.0392926]}},{"type":"Feature","properties":{"node_id":"10019970989","node_origin":"osm_node","degree":2,"is_intersection":false,"source":"OpenStreetMap"},"geometry":{"type":"Point","coordinates":[118.772077,32.0368528]}},{"type":"Feature","properties":{"node_id":"10041169560","node_origin":"osm_node","degree":2,"is_intersection":false,"source":"OpenStreetMap"},"geometry":{"type":"Point","coordinates":[118.7692158,32.0795951]}},{"type":"Feature","properties":{"node_id":"10041169561","node_origin":"osm_node","degree":2,"is_intersection":false,"source":"OpenStreetMap"},"geometry":{"type":"Point","coordinates":[118.7697474,32.0796075]}},{"type":"Feature","properties":{"node_id":"10041169565","node_origin":"osm_node","degree":2,"is_intersection":false,"source":"OpenStreetMap"},"geometry":{"type":"Point","coordinates":[118.7697305,32.0793115]}},{"type":"Feature","properties":{"node_id":"10041169566","node_origin":"osm_node","degree":2,"is_intersection":false,"source":"OpenStreetMap"},"geometry":{"type":"Point","coordinates":[118.7691989,32.0792984]}},{"type":"Feature","properties":{"node_id":"10042257116","node_origin":"osm_node","degree":2,"is_intersection":false,"source":"OpenStreetMap"},"geometry":{"type":"Point","coordinates":[118.7787298,32.0577391]}},{"type":"Feature","properties":{"node_id":"10042287917","node_origin":"osm_node","degree":2,"is_intersection":false,"source":"OpenStreetMap"},"geometry":{"type":"Point","coordinates":[118.7789817,32.0581862]}},{"type":"Feature","properties":{"node_id":"10042287919","node_origin":"osm_node","degree":2,"is_intersection":false,"source":"OpenStreetMap"},"geometry":{"type":"Point","coordinates":[118.7787417,32.058195]}},{"type":"Feature","properties":{"node_id":"10042287920","node_origin":"osm_node","degree":2,"is_intersection":false,"source":"OpenStreetMap"},"geometry":{"type":"Point","coordinates":[118.7787808,32.0585244]}},{"type":"Feature","properties":{"node_id":"10042287921","node_origin":"osm_node","degree":2,"is_intersection":false,"source":"OpenStreetMap"},"geometry":{"type":"Point","coordinates":[118.7789986,32.0572909]}},{"type":"Feature","properties":{"node_id":"10042287923","node_origin":"osm_node","degree":2,"is_intersection":false,"source":"OpenStreetMap"},"geometry":{"type":"Point","coordinates":[118.7787477,32.0650167]}},{"type":"Feature","properties":{"node_id":"10042287924","node_origin":"osm_node","degree":2,"is_intersection":false,"source":"OpenStreetMap"},"geometry":{"type":"Point","coordinates":[118.778721,32.0573528]}},{"type":"Feature","properties":{"node_id":"10042287928","node_origin":"osm_node","degree":2,"is_intersection":false,"source":"OpenStreetMap"},"geometry":{"type":"Point","coordinates":[118.7789946,32.0579648]}},{"type":"Feature","properties":{"node_id":"10042287929","node_origin":"osm_node","degree":2,"is_intersection":false,"source":"OpenStreetMap"},"geometry":{"type":"Point","coordinates":[118.7789624,32.0584757]}},{"type":"Feature","properties":{"node_id":"10042287930","node_origin":"osm_node","degree":2,"is_intersection":false,"source":"OpenStreetMap"},"geometry":{"type":"Point","coordinates":[118.7789207,32.0599402]}},{"type":"Feature","properties":{"node_id":"10042287931","node_origin":"osm_node","degree":3,"is_intersection":true,"source":"OpenStreetMap"},"geometry":{"type":"Point","coordinates":[118.7789893,32.0601832]}},{"type":"Feature","properties":{"node_id":"10042287940","node_origin":"osm_node","degree":2,"is_intersection":false,"source":"OpenStreetMap"},"geometry":{"type":"Point","coordinates":[118.778999,32.0562197]}},{"type":"Feature","properties":{"node_id":"10042287942","node_origin":"osm_node","degree":2,"is_intersection":false,"source":"OpenStreetMap"},"geometry":{"type":"Point","coordinates":[118.77882,32.0601724]}},{"type":"Feature","properties":{"node_id":"10042287943","node_origin":"osm_node","degree":2,"is_intersection":false,"source":"OpenStreetMap"},"geometry":{"type":"Point","coordinates":[118.7792545,32.0604106]}},{"type":"Feature","properties":{"node_id":"10042287944","node_origin":"osm_node","degree":2,"is_intersection":false,"source":"OpenStreetMap"},"geometry":{"type":"Point","coordinates":[118.7791499,32.0602859]}},{"type":"Feature","properties":{"node_id":"10042287945","node_origin":"osm_node","degree":2,"is_intersection":false,"source":"OpenStreetMap"},"geometry":{"type":"Point","coordinates":[118.7792067,32.0603494]}},{"type":"Feature","properties":{"node_id":"10042287946","node_origin":"osm_node","degree":2,"is_intersection":false,"source":"OpenStreetMap"},"geometry":{"type":"Point","coordinates":[118.7790768,32.0602335]}},{"type":"Feature","properties":{"node_id":"10042287947","node_origin":"osm_node","degree":2,"is_intersection":false,"source":"OpenStreetMap"},"geometry":{"type":"Point","coordinates":[118.7789246,32.0600651]}},{"type":"Feature","properties":{"node_id":"10042287948","node_origin":"osm_node","degree":2,"is_intersection":false,"source":"OpenStreetMap"},"geometry":{"type":"Point","coordinates":[118.7789516,32.0601474]}},{"type":"Feature","properties":{"node_id":"10069771602","node_origin":"osm_node","degree":3,"is_intersection":true,"source":"OpenStreetMap"},"geometry":{"type":"Point","coordinates":[118.790872,32.0593826]}},{"type":"Feature","properties":{"node_id":"10069771603","node_origin":"osm_node","degree":2,"is_intersection":false,"source":"OpenStreetMap"},"geometry":{"type":"Point","coordinates":[118.7911683,32.0602505]}},{"type":"Feature","properties":{"node_id":"10069771604","node_origin":"osm_node","degree":2,"is_intersection":false,"source":"OpenStreetMap"},"geometry":{"type":"Point","coordinates":[118.7910242,32.0602816]}},{"type":"Feature","properties":{"node_id":"10069771605","node_origin":"osm_node","degree":4,"is_intersection":true,"source":"OpenStreetMap"},"geometry":{"type":"Point","coordinates":[118.7912039,32.0602411]}},{"type":"Feature","properties":{"node_id":"10069771606","node_origin":"osm_node","degree":2,"is_intersection":false,"source":"OpenStreetMap"},"geometry":{"type":"Point","coordinates":[118.7892797,32.0605996]}},{"type":"Feature","properties":{"node_id":"10069771607","node_origin":"osm_node","degree":3,"is_intersection":true,"source":"OpenStreetMap"},"geometry":{"type":"Point","coordinates":[118.7895083,32.0606027]}},{"type":"Feature","properties":{"node_id":"10069771608","node_origin":"osm_node","degree":3,"is_intersection":true,"source":"OpenStreetMap"},"geometry":{"type":"Point","coordinates":[118.7894359,32.0599404]}},{"type":"Feature","properties":{"node_id":"10069771609","node_origin":"osm_node","degree":3,"is_intersection":true,"source":"OpenStreetMap"},"geometry":{"type":"Point","coordinates":[118.7909428,32.0593424]}},{"type":"Feature","properties":{"node_id":"10074131439","node_origin":"osm_node","degree":2,"is_intersection":false,"source":"OpenStreetMap"},"geometry":{"type":"Point","coordinates":[118.7762955,32.0632771]}},{"type":"Feature","properties":{"node_id":"10074131443","node_origin":"osm_node","degree":2,"is_intersection":false,"source":"OpenStreetMap"},"geometry":{"type":"Point","coordinates":[118.7788205,32.0595605]}},{"type":"Feature","properties":{"node_id":"10168110215","node_origin":"osm_node","degree":2,"is_intersection":false,"source":"OpenStreetMap"},"geometry":{"type":"Point","coordinates":[118.8046602,32.0793784]}},{"type":"Feature","properties":{"node_id":"10168110216","node_origin":"osm_node","degree":2,"is_intersection":false,"source":"OpenStreetMap"},"geometry":{"type":"Point","coordinates":[118.8042409,32.0791771]}},{"type":"Feature","properties":{"node_id":"10168144817","node_origin":"osm_node","degree":2,"is_intersection":false,"source":"OpenStreetMap"},"geometry":{"type":"Point","coordinates":[118.8035139,32.0795773]}},{"type":"Feature","properties":{"node_id":"10168144818","node_origin":"osm_node","degree":2,"is_intersection":false,"source":"OpenStreetMap"},"geometry":{"type":"Point","coordinates":[118.8037935,32.0801663]}},{"type":"Feature","properties":{"node_id":"10168144819","node_origin":"osm_node","degree":2,"is_intersection":false,"source":"OpenStreetMap"},"geometry":{"type":"Point","coordinates":[118.8046262,32.0800736]}},{"type":"Feature","properties":{"node_id":"10168144820","node_origin":"osm_node","degree":2,"is_intersection":false,"source":"OpenStreetMap"},"geometry":{"type":"Point","coordinates":[118.8042547,32.0796298]}},{"type":"Feature","properties":{"node_id":"10168144821","node_origin":"osm_node","degree":2,"is_intersection":false,"source":"OpenStreetMap"},"geometry":{"type":"Point","coordinates":[118.8043638,32.0794953]}},{"type":"Feature","properties":{"node_id":"10168144822","node_origin":"osm_node","degree":2,"is_intersection":false,"source":"OpenStreetMap"},"geometry":{"type":"Point","coordinates":[118.8035029,32.0800773]}},{"type":"Feature","properties":{"node_id":"10168144823","node_origin":"osm_node","degree":2,"is_intersection":false,"source":"OpenStreetMap"},"geometry":{"type":"Point","coordinates":[118.8039537,32.0797945]}},{"type":"Feature","properties":{"node_id":"10168144824","node_origin":"osm_node","degree":2,"is_intersection":false,"source":"OpenStreetMap"},"geometry":{"type":"Point","coordinates":[118.8039089,32.0799369]}},{"type":"Feature","properties":{"node_id":"10168144834","node_origin":"osm_node","degree":2,"is_intersection":false,"source":"OpenStreetMap"},"geometry":{"type":"Point","coordinates":[118.8041535,32.0796281]}},{"type":"Feature","properties":{"node_id":"10168144835","node_origin":"osm_node","degree":2,"is_intersection":false,"source":"OpenStreetMap"},"geometry":{"type":"Point","coordinates":[118.8041842,32.0794883]}},{"type":"Feature","properties":{"node_id":"10168144836","node_origin":"osm_node","degree":2,"is_intersection":false,"source":"OpenStreetMap"},"geometry":{"type":"Point","coordinates":[118.8041454,32.0810718]}},{"type":"Feature","properties":{"node_id":"10168144838","node_origin":"osm_node","degree":2,"is_intersection":false,"source":"OpenStreetMap"},"geometry":{"type":"Point","coordinates":[118.8006491,32.0817282]}},{"type":"Feature","properties":{"node_id":"10168144839","node_origin":"osm_node","degree":2,"is_intersection":false,"source":"OpenStreetMap"},"geometry":{"type":"Point","coordinates":[118.8001873,32.0819761]}},{"type":"Feature","properties":{"node_id":"10168144840","node_origin":"osm_node","degree":2,"is_intersection":false,"source":"OpenStreetMap"},"geometry":{"type":"Point","coordinates":[118.8004076,32.0817683]}},{"type":"Feature","properties":{"node_id":"10196436199","node_origin":"osm_node","degree":2,"is_intersection":false,"source":"OpenStreetMap"},"geometry":{"type":"Point","coordinates":[118.7782711,32.0438879]}},{"type":"Feature","properties":{"node_id":"10196436207","node_origin":"osm_node","degree":2,"is_intersection":false,"source":"OpenStreetMap"},"geometry":{"type":"Point","coordinates":[118.7794794,32.0437929]}},{"type":"Feature","properties":{"node_id":"10196436209","node_origin":"osm_node","degree":2,"is_intersection":false,"source":"OpenStreetMap"},"geometry":{"type":"Point","coordinates":[118.7788992,32.0433871]}},{"type":"Feature","properties":{"node_id":"10196453917","node_origin":"osm_node","degree":2,"is_intersection":false,"source":"OpenStreetMap"},"geometry":{"type":"Point","coordinates":[118.7788376,32.0440692]}},{"type":"Feature","properties":{"node_id":"10196453918","node_origin":"osm_node","degree":2,"is_intersection":false,"source":"OpenStreetMap"},"geometry":{"type":"Point","coordinates":[118.7787188,32.0438273]}},{"type":"Feature","properties":{"node_id":"10196453919","node_origin":"osm_node","degree":2,"is_intersection":false,"source":"OpenStreetMap"},"geometry":{"type":"Point","coordinates":[118.7787797,32.0436559]}},{"type":"Feature","properties":{"node_id":"10196453920","node_origin":"osm_node","degree":2,"is_intersection":false,"source":"OpenStreetMap"},"geometry":{"type":"Point","coordinates":[118.7788582,32.0439415]}},{"type":"Feature","properties":{"node_id":"10196453921","node_origin":"osm_node","degree":4,"is_intersection":true,"source":"OpenStreetMap"},"geometry":{"type":"Point","coordinates":[118.7787438,32.0439168]}},{"type":"Feature","properties":{"node_id":"10196453922","node_origin":"osm_node","degree":2,"is_intersection":false,"source":"OpenStreetMap"},"geometry":{"type":"Point","coordinates":[118.7785739,32.0438815]}},{"type":"Feature","properties":{"node_id":"10196453923","node_origin":"osm_node","degree":2,"is_intersection":false,"source":"OpenStreetMap"},"geometry":{"type":"Point","coordinates":[118.7777918,32.0439042]}},{"type":"Feature","properties":{"node_id":"10196453924","node_origin":"osm_node","degree":4,"is_intersection":true,"source":"OpenStreetMap"},"geometry":{"type":"Point","coordinates":[118.7789789,32.0439086]}},{"type":"Feature","properties":{"node_id":"10196453925","node_origin":"osm_node","degree":2,"is_intersection":false,"source":"OpenStreetMap"},"geometry":{"type":"Point","coordinates":[118.7791549,32.0438476]}},{"type":"Feature","properties":{"node_id":"10196453926","node_origin":"osm_node","degree":2,"is_intersection":false,"source":"OpenStreetMap"},"geometry":{"type":"Point","coordinates":[118.7793485,32.0438023]}},{"type":"Feature","properties":{"node_id":"10196453927","node_origin":"osm_node","degree":2,"is_intersection":false,"source":"OpenStreetMap"},"geometry":{"type":"Point","coordinates":[118.7790567,32.0438823]}},{"type":"Feature","properties":{"node_id":"10196453928","node_origin":"osm_node","degree":2,"is_intersection":false,"source":"OpenStreetMap"},"geometry":{"type":"Point","coordinates":[118.7789162,32.0439328]}},{"type":"Feature","properties":{"node_id":"10196453929","node_origin":"osm_node","degree":2,"is_intersection":false,"source":"OpenStreetMap"},"geometry":{"type":"Point","coordinates":[118.7792506,32.04382]}},{"type":"Feature","properties":{"node_id":"10196453930","node_origin":"osm_node","degree":2,"is_intersection":false,"source":"OpenStreetMap"},"geometry":{"type":"Point","coordinates":[118.7788033,32.0439388]}},{"type":"Feature","properties":{"node_id":"10196453931","node_origin":"osm_node","degree":2,"is_intersection":false,"source":"OpenStreetMap"},"geometry":{"type":"Point","coordinates":[118.7787249,32.0438696]}},{"type":"Feature","properties":{"node_id":"10196453932","node_origin":"osm_node","degree":2,"is_intersection":false,"source":"OpenStreetMap"},"geometry":{"type":"Point","coordinates":[118.7787259,32.0437905]}},{"type":"Feature","properties":{"node_id":"10196453933","node_origin":"osm_node","degree":4,"is_intersection":true,"source":"OpenStreetMap"},"geometry":{"type":"Point","coordinates":[118.7787552,32.0437461]}},{"type":"Feature","properties":{"node_id":"10196453934","node_origin":"osm_node","degree":2,"is_intersection":false,"source":"OpenStreetMap"},"geometry":{"type":"Point","coordinates":[118.7788955,32.0416309]}},{"type":"Feature","properties":{"node_id":"10196453935","node_origin":"osm_node","degree":2,"is_intersection":false,"source":"OpenStreetMap"},"geometry":{"type":"Point","coordinates":[118.7788986,32.0433106]}},{"type":"Feature","properties":{"node_id":"10196453936","node_origin":"osm_node","degree":2,"is_intersection":false,"source":"OpenStreetMap"},"geometry":{"type":"Point","coordinates":[118.7787983,32.0413488]}},{"type":"Feature","properties":{"node_id":"10196453937","node_origin":"osm_node","degree":2,"is_intersection":false,"source":"OpenStreetMap"},"geometry":{"type":"Point","coordinates":[118.7787987,32.0416331]}},{"type":"Feature","properties":{"node_id":"10196453939","node_origin":"osm_node","degree":2,"is_intersection":false,"source":"OpenStreetMap"},"geometry":{"type":"Point","coordinates":[118.7779691,32.0421127]}},{"type":"Feature","properties":{"node_id":"10196453941","node_origin":"osm_node","degree":4,"is_intersection":true,"source":"OpenStreetMap"},"geometry":{"type":"Point","coordinates":[118.7788084,32.0401107]}},{"type":"Feature","properties":{"node_id":"10196453946","node_origin":"osm_node","degree":3,"is_intersection":true,"source":"OpenStreetMap"},"geometry":{"type":"Point","coordinates":[118.7780041,32.0356889]}},{"type":"Feature","properties":{"node_id":"10196453947","node_origin":"osm_node","degree":2,"is_intersection":false,"source":"OpenStreetMap"},"geometry":{"type":"Point","coordinates":[118.7781855,32.0362756]}},{"type":"Feature","properties":{"node_id":"10196453948","node_origin":"osm_node","degree":2,"is_intersection":false,"source":"OpenStreetMap"},"geometry":{"type":"Point","coordinates":[118.7778978,32.0363657]}},{"type":"Feature","properties":{"node_id":"10196453949","node_origin":"osm_node","degree":2,"is_intersection":false,"source":"OpenStreetMap"},"geometry":{"type":"Point","coordinates":[118.7779703,32.0366427]}},{"type":"Feature","properties":{"node_id":"10196453950","node_origin":"osm_node","degree":2,"is_intersection":false,"source":"OpenStreetMap"},"geometry":{"type":"Point","coordinates":[118.7770144,32.0366925]}},{"type":"Feature","properties":{"node_id":"10196453951","node_origin":"osm_node","degree":5,"is_intersection":true,"source":"OpenStreetMap"},"geometry":{"type":"Point","coordinates":[118.7772579,32.0372508]}},{"type":"Feature","properties":{"node_id":"10196453952","node_origin":"osm_node","degree":1,"is_intersection":false,"source":"OpenStreetMap"},"geometry":{"type":"Point","coordinates":[118.7784427,32.0400225]}},{"type":"Feature","properties":{"node_id":"10196453957","node_origin":"osm_node","degree":2,"is_intersection":false,"source":"OpenStreetMap"},"geometry":{"type":"Point","coordinates":[118.7777872,32.0438278]}},{"type":"Feature","properties":{"node_id":"10196453958","node_origin":"osm_node","degree":2,"is_intersection":false,"source":"OpenStreetMap"},"geometry":{"type":"Point","coordinates":[118.7782778,32.0438063]}},{"type":"Feature","properties":{"node_id":"10196453959","node_origin":"osm_node","degree":2,"is_intersection":false,"source":"OpenStreetMap"},"geometry":{"type":"Point","coordinates":[118.7785596,32.0437955]}},{"type":"Feature","properties":{"node_id":"10196453960","node_origin":"osm_node","degree":2,"is_intersection":false,"source":"OpenStreetMap"},"geometry":{"type":"Point","coordinates":[118.7786591,32.0437685]}},{"type":"Feature","properties":{"node_id":"10196453961","node_origin":"osm_node","degree":2,"is_intersection":false,"source":"OpenStreetMap"},"geometry":{"type":"Point","coordinates":[118.7787337,32.0437517]}},{"type":"Feature","properties":{"node_id":"10196453962","node_origin":"osm_node","degree":2,"is_intersection":false,"source":"OpenStreetMap"},"geometry":{"type":"Point","coordinates":[118.7787981,32.0437349]}},{"type":"Feature","properties":{"node_id":"10196453963","node_origin":"osm_node","degree":2,"is_intersection":false,"source":"OpenStreetMap"},"geometry":{"type":"Point","coordinates":[118.7788619,32.0437257]}},{"type":"Feature","properties":{"node_id":"10196453964","node_origin":"osm_node","degree":2,"is_intersection":false,"source":"OpenStreetMap"},"geometry":{"type":"Point","coordinates":[118.7789193,32.0437252]}},{"type":"Feature","properties":{"node_id":"10196453965","node_origin":"osm_node","degree":4,"is_intersection":true,"source":"OpenStreetMap"},"geometry":{"type":"Point","coordinates":[118.7789777,32.0437323]}},{"type":"Feature","properties":{"node_id":"10196453966","node_origin":"osm_node","degree":2,"is_intersection":false,"source":"OpenStreetMap"},"geometry":{"type":"Point","coordinates":[118.779038,32.0437392]}},{"type":"Feature","properties":{"node_id":"10196453967","node_origin":"osm_node","degree":2,"is_intersection":false,"source":"OpenStreetMap"},"geometry":{"type":"Point","coordinates":[118.7791056,32.0437398]}},{"type":"Feature","properties":{"node_id":"10196453968","node_origin":"osm_node","degree":2,"is_intersection":false,"source":"OpenStreetMap"},"geometry":{"type":"Point","coordinates":[118.7797206,32.0437014]}},{"type":"Feature","properties":{"node_id":"10196453969","node_origin":"osm_node","degree":2,"is_intersection":false,"source":"OpenStreetMap"},"geometry":{"type":"Point","coordinates":[118.7800007,32.0436814]}},{"type":"Feature","properties":{"node_id":"10196453970","node_origin":"osm_node","degree":2,"is_intersection":false,"source":"OpenStreetMap"},"geometry":{"type":"Point","coordinates":[118.7803293,32.0437323]}},{"type":"Feature","properties":{"node_id":"10196453971","node_origin":"osm_node","degree":2,"is_intersection":false,"source":"OpenStreetMap"},"geometry":{"type":"Point","coordinates":[118.7803169,32.0436592]}},{"type":"Feature","properties":{"node_id":"10196453972","node_origin":"osm_node","degree":2,"is_intersection":false,"source":"OpenStreetMap"},"geometry":{"type":"Point","coordinates":[118.7794822,32.0437162]}},{"type":"Feature","properties":{"node_id":"10196453973","node_origin":"osm_node","degree":2,"is_intersection":false,"source":"OpenStreetMap"},"geometry":{"type":"Point","coordinates":[118.7788996,32.0434395]}},{"type":"Feature","properties":{"node_id":"10196453974","node_origin":"osm_node","degree":2,"is_intersection":false,"source":"OpenStreetMap"},"geometry":{"type":"Point","coordinates":[118.7789289,32.0435682]}},{"type":"Feature","properties":{"node_id":"10196453975","node_origin":"osm_node","degree":2,"is_intersection":false,"source":"OpenStreetMap"},"geometry":{"type":"Point","coordinates":[118.7789647,32.0436915]}},{"type":"Feature","properties":{"node_id":"10196453976","node_origin":"osm_node","degree":2,"is_intersection":false,"source":"OpenStreetMap"},"geometry":{"type":"Point","coordinates":[118.7789889,32.0437672]}},{"type":"Feature","properties":{"node_id":"10196453977","node_origin":"osm_node","degree":2,"is_intersection":false,"source":"OpenStreetMap"},"geometry":{"type":"Point","coordinates":[118.7789974,32.0438169]}},{"type":"Feature","properties":{"node_id":"10196453978","node_origin":"osm_node","degree":2,"is_intersection":false,"source":"OpenStreetMap"},"geometry":{"type":"Point","coordinates":[118.7789936,32.0438625]}},{"type":"Feature","properties":{"node_id":"10196453979","node_origin":"osm_node","degree":2,"is_intersection":false,"source":"OpenStreetMap"},"geometry":{"type":"Point","coordinates":[118.7789421,32.0440137]}},{"type":"Feature","properties":{"node_id":"10196453980","node_origin":"osm_node","degree":2,"is_intersection":false,"source":"OpenStreetMap"},"geometry":{"type":"Point","coordinates":[118.7789322,32.0445011]}},{"type":"Feature","properties":{"node_id":"10196453981","node_origin":"osm_node","degree":2,"is_intersection":false,"source":"OpenStreetMap"},"geometry":{"type":"Point","coordinates":[118.7789342,32.0448501]}},{"type":"Feature","properties":{"node_id":"10196453982","node_origin":"osm_node","degree":2,"is_intersection":false,"source":"OpenStreetMap"},"geometry":{"type":"Point","coordinates":[118.7788179,32.0434798]}},{"type":"Feature","properties":{"node_id":"10196453987","node_origin":"osm_node","degree":2,"is_intersection":false,"source":"OpenStreetMap"},"geometry":{"type":"Point","coordinates":[118.7788405,32.0442672]}},{"type":"Feature","properties":{"node_id":"10196453988","node_origin":"osm_node","degree":2,"is_intersection":false,"source":"OpenStreetMap"},"geometry":{"type":"Point","coordinates":[118.7789369,32.0442661]}},{"type":"Feature","properties":{"node_id":"10196453991","node_origin":"osm_node","degree":2,"is_intersection":false,"source":"OpenStreetMap"},"geometry":{"type":"Point","coordinates":[118.7788056,32.0421514]}},{"type":"Feature","properties":{"node_id":"10221375093","node_origin":"osm_node","degree":4,"is_intersection":true,"source":"OpenStreetMap"},"geometry":{"type":"Point","coordinates":[118.7788939,32.0388684]}},{"type":"Feature","properties":{"node_id":"10221375094","node_origin":"osm_node","degree":4,"is_intersection":true,"source":"OpenStreetMap"},"geometry":{"type":"Point","coordinates":[118.7789375,32.0400851]}},{"type":"Feature","properties":{"node_id":"10221375095","node_origin":"osm_node","degree":2,"is_intersection":false,"source":"OpenStreetMap"},"geometry":{"type":"Point","coordinates":[118.7789149,32.0409001]}},{"type":"Feature","properties":{"node_id":"1029559064","node_origin":"osm_node","degree":2,"is_intersection":false,"source":"OpenStreetMap"},"geometry":{"type":"Point","coordinates":[118.7724013,32.050886]}},{"type":"Feature","properties":{"node_id":"1029559080","node_origin":"osm_node","degree":2,"is_intersection":false,"source":"OpenStreetMap"},"geometry":{"type":"Point","coordinates":[118.7722936,32.0494439]}},{"type":"Feature","properties":{"node_id":"10302314470","node_origin":"osm_node","degree":2,"is_intersection":false,"source":"OpenStreetMap"},"geometry":{"type":"Point","coordinates":[118.7788314,32.037071]}},{"type":"Feature","properties":{"node_id":"10302314471","node_origin":"osm_node","degree":2,"is_intersection":false,"source":"OpenStreetMap"},"geometry":{"type":"Point","coordinates":[118.7771517,32.0372567]}},{"type":"Feature","properties":{"node_id":"10302314472","node_origin":"osm_node","degree":2,"is_intersection":false,"source":"OpenStreetMap"},"geometry":{"type":"Point","coordinates":[118.7757766,32.03762]}},{"type":"Feature","properties":{"node_id":"10302314473","node_origin":"osm_node","degree":2,"is_intersection":false,"source":"OpenStreetMap"},"geometry":{"type":"Point","coordinates":[118.7757538,32.0375627]}},{"type":"Feature","properties":{"node_id":"10302314474","node_origin":"osm_node","degree":2,"is_intersection":false,"source":"OpenStreetMap"},"geometry":{"type":"Point","coordinates":[118.7763395,32.0373227]}},{"type":"Feature","properties":{"node_id":"10302314475","node_origin":"osm_node","degree":2,"is_intersection":false,"source":"OpenStreetMap"},"geometry":{"type":"Point","coordinates":[118.776674,32.0372072]}},{"type":"Feature","properties":{"node_id":"10302314476","node_origin":"osm_node","degree":2,"is_intersection":false,"source":"OpenStreetMap"},"geometry":{"type":"Point","coordinates":[118.776881,32.0371607]}},{"type":"Feature","properties":{"node_id":"10302314477","node_origin":"osm_node","degree":2,"is_intersection":false,"source":"OpenStreetMap"},"geometry":{"type":"Point","coordinates":[118.7770633,32.0371457]}},{"type":"Feature","properties":{"node_id":"10302314478","node_origin":"osm_node","degree":2,"is_intersection":false,"source":"OpenStreetMap"},"geometry":{"type":"Point","coordinates":[118.7771722,32.037181]}},{"type":"Feature","properties":{"node_id":"10302314479","node_origin":"osm_node","degree":2,"is_intersection":false,"source":"OpenStreetMap"},"geometry":{"type":"Point","coordinates":[118.776397,32.0373769]}},{"type":"Feature","properties":{"node_id":"10302314481","node_origin":"osm_node","degree":2,"is_intersection":false,"source":"OpenStreetMap"},"geometry":{"type":"Point","coordinates":[118.7686664,32.0360247]}},{"type":"Feature","properties":{"node_id":"1030348723","node_origin":"osm_node","degree":1,"is_intersection":false,"source":"OpenStreetMap"},"geometry":{"type":"Point","coordinates":[118.772959,32.0580037]}},{"type":"Feature","properties":{"node_id":"1030348726","node_origin":"osm_node","degree":2,"is_intersection":false,"source":"OpenStreetMap"},"geometry":{"type":"Point","coordinates":[118.7700924,32.0566257]}},{"type":"Feature","properties":{"node_id":"1030348727","node_origin":"osm_node","degree":2,"is_intersection":false,"source":"OpenStreetMap"},"geometry":{"type":"Point","coordinates":[118.7716342,32.060663]}},{"type":"Feature","properties":{"node_id":"1030348728","node_origin":"osm_node","degree":2,"is_intersection":false,"source":"OpenStreetMap"},"geometry":{"type":"Point","coordinates":[118.7718234,32.0560862]}},{"type":"Feature","properties":{"node_id":"1030348729","node_origin":"osm_node","degree":3,"is_intersection":true,"source":"OpenStreetMap"},"geometry":{"type":"Point","coordinates":[118.7729684,32.0559197]}},{"type":"Feature","properties":{"node_id":"1030348730","node_origin":"osm_node","degree":2,"is_intersection":false,"source":"OpenStreetMap"},"geometry":{"type":"Point","coordinates":[118.7732468,32.05341]}},{"type":"Feature","properties":{"node_id":"1030348731","node_origin":"osm_node","degree":2,"is_intersection":false,"source":"OpenStreetMap"},"geometry":{"type":"Point","coordinates":[118.7692556,32.0567272]}},{"type":"Feature","properties":{"node_id":"1030348734","node_origin":"osm_node","degree":2,"is_intersection":false,"source":"OpenStreetMap"},"geometry":{"type":"Point","coordinates":[118.7727013,32.0559225]}},{"type":"Feature","properties":{"node_id":"1030348735","node_origin":"osm_node","degree":2,"is_intersection":false,"source":"OpenStreetMap"},"geometry":{"type":"Point","coordinates":[118.771219,32.0562544]}},{"type":"Feature","properties":{"node_id":"1030348736","node_origin":"osm_node","degree":2,"is_intersection":false,"source":"OpenStreetMap"},"geometry":{"type":"Point","coordinates":[118.7722275,32.0559725]}},{"type":"Feature","properties":{"node_id":"1030348738","node_origin":"osm_node","degree":2,"is_intersection":false,"source":"OpenStreetMap"},"geometry":{"type":"Point","coordinates":[118.7729034,32.0564908]}},{"type":"Feature","properties":{"node_id":"1030348739","node_origin":"osm_node","degree":2,"is_intersection":false,"source":"OpenStreetMap"},"geometry":{"type":"Point","coordinates":[118.7728904,32.0576584]}},{"type":"Feature","properties":{"node_id":"1030348741","node_origin":"osm_node","degree":2,"is_intersection":false,"source":"OpenStreetMap"},"geometry":{"type":"Point","coordinates":[118.7729142,32.0570545]}},{"type":"Feature","properties":{"node_id":"1030354718","node_origin":"osm_node","degree":2,"is_intersection":false,"source":"OpenStreetMap"},"geometry":{"type":"Point","coordinates":[118.7715971,32.0601141]}},{"type":"Feature","properties":{"node_id":"1030568116","node_origin":"osm_node","degree":2,"is_intersection":false,"source":"OpenStreetMap"},"geometry":{"type":"Point","coordinates":[118.8077726,32.0368566]}},{"type":"Feature","properties":{"node_id":"1030568129","node_origin":"osm_node","degree":2,"is_intersection":false,"source":"OpenStreetMap"},"geometry":{"type":"Point","coordinates":[118.8077726,32.0358926]}},{"type":"Feature","properties":{"node_id":"1030568130","node_origin":"osm_node","degree":2,"is_intersection":false,"source":"OpenStreetMap"},"geometry":{"type":"Point","coordinates":[118.8052628,32.0387907]}},{"type":"Feature","properties":{"node_id":"1030568138","node_origin":"osm_node","degree":2,"is_intersection":false,"source":"OpenStreetMap"},"geometry":{"type":"Point","coordinates":[118.8078211,32.0378321]}},{"type":"Feature","properties":{"node_id":"1030573085","node_origin":"osm_node","degree":2,"is_intersection":false,"source":"OpenStreetMap"},"geometry":{"type":"Point","coordinates":[118.813087,32.0392768]}},{"type":"Feature","properties":{"node_id":"1030584111","node_origin":"osm_node","degree":3,"is_intersection":true,"source":"OpenStreetMap"},"geometry":{"type":"Point","coordinates":[118.772436,32.0429223]}},{"type":"Feature","properties":{"node_id":"1036717625","node_origin":"osm_node","degree":2,"is_intersection":false,"source":"OpenStreetMap"},"geometry":{"type":"Point","coordinates":[118.7669768,32.049379]}},{"type":"Feature","properties":{"node_id":"1036717627","node_origin":"osm_node","degree":2,"is_intersection":false,"source":"OpenStreetMap"},"geometry":{"type":"Point","coordinates":[118.7673939,32.047008]}},{"type":"Feature","properties":{"node_id":"1036717628","node_origin":"osm_node","degree":2,"is_intersection":false,"source":"OpenStreetMap"},"geometry":{"type":"Point","coordinates":[118.7698631,32.0482675]}},{"type":"Feature","properties":{"node_id":"1038064761","node_origin":"osm_node","degree":2,"is_intersection":false,"source":"OpenStreetMap"},"geometry":{"type":"Point","coordinates":[118.7724947,32.0502371]}},{"type":"Feature","properties":{"node_id":"1038064763","node_origin":"osm_node","degree":2,"is_intersection":false,"source":"OpenStreetMap"},"geometry":{"type":"Point","coordinates":[118.7722116,32.0487506]}},{"type":"Feature","properties":{"node_id":"1038064764","node_origin":"osm_node","degree":2,"is_intersection":false,"source":"OpenStreetMap"},"geometry":{"type":"Point","coordinates":[118.7720437,32.0514171]}},{"type":"Feature","properties":{"node_id":"1038065158","node_origin":"osm_node","degree":2,"is_intersection":false,"source":"OpenStreetMap"},"geometry":{"type":"Point","coordinates":[118.7820445,32.0502073]}},{"type":"Feature","properties":{"node_id":"1038065159","node_origin":"osm_node","degree":3,"is_intersection":true,"source":"OpenStreetMap"},"geometry":{"type":"Point","coordinates":[118.7823242,32.0506895]}},{"type":"Feature","properties":{"node_id":"1038065160","node_origin":"osm_node","degree":4,"is_intersection":true,"source":"OpenStreetMap"},"geometry":{"type":"Point","coordinates":[118.7807646,32.04742]}},{"type":"Feature","properties":{"node_id":"1038065161","node_origin":"osm_node","degree":2,"is_intersection":false,"source":"OpenStreetMap"},"geometry":{"type":"Point","coordinates":[118.7831638,32.0500759]}},{"type":"Feature","properties":{"node_id":"1038065162","node_origin":"osm_node","degree":2,"is_intersection":false,"source":"OpenStreetMap"},"geometry":{"type":"Point","coordinates":[118.7826507,32.0503815]}},{"type":"Feature","properties":{"node_id":"1038065163","node_origin":"osm_node","degree":2,"is_intersection":false,"source":"OpenStreetMap"},"geometry":{"type":"Point","coordinates":[118.7815617,32.0491297]}},{"type":"Feature","properties":{"node_id":"1038066664","node_origin":"osm_node","degree":2,"is_intersection":false,"source":"OpenStreetMap"},"geometry":{"type":"Point","coordinates":[118.7789009,32.0579701]}},{"type":"Feature","properties":{"node_id":"1038066666","node_origin":"osm_node","degree":2,"is_intersection":false,"source":"OpenStreetMap"},"geometry":{"type":"Point","coordinates":[118.7792098,32.0612555]}},{"type":"Feature","properties":{"node_id":"1038066668","node_origin":"osm_node","degree":2,"is_intersection":false,"source":"OpenStreetMap"},"geometry":{"type":"Point","coordinates":[118.7788912,32.0648007]}},{"type":"Feature","properties":{"node_id":"1038069817","node_origin":"osm_node","degree":2,"is_intersection":false,"source":"OpenStreetMap"},"geometry":{"type":"Point","coordinates":[118.7788094,32.0579709]}},{"type":"Feature","properties":{"node_id":"1038069818","node_origin":"osm_node","degree":1,"is_intersection":false,"source":"OpenStreetMap"},"geometry":{"type":"Point","coordinates":[118.77882,32.0648036]}},{"type":"Feature","properties":{"node_id":"1038069819","node_origin":"osm_node","degree":2,"is_intersection":false,"source":"OpenStreetMap"},"geometry":{"type":"Point","coordinates":[118.7788612,32.059365]}},{"type":"Feature","properties":{"node_id":"1038069823","node_origin":"osm_node","degree":4,"is_intersection":true,"source":"OpenStreetMap"},"geometry":{"type":"Point","coordinates":[118.7788366,32.0668272]}},{"type":"Feature","properties":{"node_id":"1038070524","node_origin":"osm_node","degree":4,"is_intersection":true,"source":"OpenStreetMap"},"geometry":{"type":"Point","coordinates":[118.7808874,32.0670121]}},{"type":"Feature","properties":{"node_id":"1038201629","node_origin":"osm_node","degree":3,"is_intersection":true,"source":"OpenStreetMap"},"geometry":{"type":"Point","coordinates":[118.7789708,32.0797489]}},{"type":"Feature","properties":{"node_id":"1038201637","node_origin":"osm_node","degree":3,"is_intersection":true,"source":"OpenStreetMap"},"geometry":{"type":"Point","coordinates":[118.7789779,32.0795314]}},{"type":"Feature","properties":{"node_id":"1038205827","node_origin":"osm_node","degree":4,"is_intersection":true,"source":"OpenStreetMap"},"geometry":{"type":"Point","coordinates":[118.778766,32.079746]}},{"type":"Feature","properties":{"node_id":"1038205828","node_origin":"osm_node","degree":4,"is_intersection":true,"source":"OpenStreetMap"},"geometry":{"type":"Point","coordinates":[118.7787768,32.0795219]}},{"type":"Feature","properties":{"node_id":"1038207106","node_origin":"osm_node","degree":2,"is_intersection":false,"source":"OpenStreetMap"},"geometry":{"type":"Point","coordinates":[118.7767491,32.0601214]}},{"type":"Feature","properties":{"node_id":"1038207107","node_origin":"osm_node","degree":2,"is_intersection":false,"source":"OpenStreetMap"},"geometry":{"type":"Point","coordinates":[118.7770212,32.0601165]}},{"type":"Feature","properties":{"node_id":"1038207108","node_origin":"osm_node","degree":2,"is_intersection":false,"source":"OpenStreetMap"},"geometry":{"type":"Point","coordinates":[118.7773932,32.0603054]}},{"type":"Feature","properties":{"node_id":"1038236514","node_origin":"osm_node","degree":4,"is_intersection":true,"source":"OpenStreetMap"},"geometry":{"type":"Point","coordinates":[118.7678934,32.0757652]}},{"type":"Feature","properties":{"node_id":"1038236557","node_origin":"osm_node","degree":2,"is_intersection":false,"source":"OpenStreetMap"},"geometry":{"type":"Point","coordinates":[118.7679471,32.0750834]}},{"type":"Feature","properties":{"node_id":"1038236561","node_origin":"osm_node","degree":2,"is_intersection":false,"source":"OpenStreetMap"},"geometry":{"type":"Point","coordinates":[118.767754,32.0748379]}},{"type":"Feature","properties":{"node_id":"1038236642","node_origin":"osm_node","degree":2,"is_intersection":false,"source":"OpenStreetMap"},"geometry":{"type":"Point","coordinates":[118.7680007,32.0753288]}},{"type":"Feature","properties":{"node_id":"1038236651","node_origin":"osm_node","degree":4,"is_intersection":true,"source":"OpenStreetMap"},"geometry":{"type":"Point","coordinates":[118.7673941,32.0792609]}},{"type":"Feature","properties":{"node_id":"1038236882","node_origin":"osm_node","degree":2,"is_intersection":false,"source":"OpenStreetMap"},"geometry":{"type":"Point","coordinates":[118.7675716,32.077847]}},{"type":"Feature","properties":{"node_id":"1038236887","node_origin":"osm_node","degree":2,"is_intersection":false,"source":"OpenStreetMap"},"geometry":{"type":"Point","coordinates":[118.7674655,32.0830004]}},{"type":"Feature","properties":{"node_id":"1038236919","node_origin":"osm_node","degree":2,"is_intersection":false,"source":"OpenStreetMap"},"geometry":{"type":"Point","coordinates":[118.7674643,32.0840559]}},{"type":"Feature","properties":{"node_id":"1038236922","node_origin":"osm_node","degree":2,"is_intersection":false,"source":"OpenStreetMap"},"geometry":{"type":"Point","coordinates":[118.7674106,32.0818196]}},{"type":"Feature","properties":{"node_id":"1038237006","node_origin":"osm_node","degree":3,"is_intersection":true,"source":"OpenStreetMap"},"geometry":{"type":"Point","coordinates":[118.7674106,32.0744925]}},{"type":"Feature","properties":{"node_id":"1038237022","node_origin":"osm_node","degree":2,"is_intersection":false,"source":"OpenStreetMap"},"geometry":{"type":"Point","coordinates":[118.7674276,32.0850938]}},{"type":"Feature","properties":{"node_id":"1038237025","node_origin":"osm_node","degree":2,"is_intersection":false,"source":"OpenStreetMap"},"geometry":{"type":"Point","coordinates":[118.7674214,32.0786198]}},{"type":"Feature","properties":{"node_id":"1038241969","node_origin":"osm_node","degree":2,"is_intersection":false,"source":"OpenStreetMap"},"geometry":{"type":"Point","coordinates":[118.7723137,32.0689289]}},{"type":"Feature","properties":{"node_id":"1038241971","node_origin":"osm_node","degree":2,"is_intersection":false,"source":"OpenStreetMap"},"geometry":{"type":"Point","coordinates":[118.775029,32.06504]}},{"type":"Feature","properties":{"node_id":"1038241973","node_origin":"osm_node","degree":4,"is_intersection":true,"source":"OpenStreetMap"},"geometry":{"type":"Point","coordinates":[118.7734845,32.0677598]}},{"type":"Feature","properties":{"node_id":"1038241974","node_origin":"osm_node","degree":2,"is_intersection":false,"source":"OpenStreetMap"},"geometry":{"type":"Point","coordinates":[118.7737728,32.0673379]}},{"type":"Feature","properties":{"node_id":"1038241975","node_origin":"osm_node","degree":2,"is_intersection":false,"source":"OpenStreetMap"},"geometry":{"type":"Point","coordinates":[118.7703348,32.0721512]}},{"type":"Feature","properties":{"node_id":"1038241976","node_origin":"osm_node","degree":2,"is_intersection":false,"source":"OpenStreetMap"},"geometry":{"type":"Point","coordinates":[118.7715412,32.0703109]}},{"type":"Feature","properties":{"node_id":"1038241977","node_origin":"osm_node","degree":2,"is_intersection":false,"source":"OpenStreetMap"},"geometry":{"type":"Point","coordinates":[118.7705542,32.0719378]}},{"type":"Feature","properties":{"node_id":"1038241979","node_origin":"osm_node","degree":2,"is_intersection":false,"source":"OpenStreetMap"},"geometry":{"type":"Point","coordinates":[118.7699748,32.0725015]}},{"type":"Feature","properties":{"node_id":"1038241981","node_origin":"osm_node","degree":3,"is_intersection":true,"source":"OpenStreetMap"},"geometry":{"type":"Point","coordinates":[118.7723556,32.0711054]}},{"type":"Feature","properties":{"node_id":"1038241985","node_origin":"osm_node","degree":2,"is_intersection":false,"source":"OpenStreetMap"},"geometry":{"type":"Point","coordinates":[118.7710799,32.0713559]}},{"type":"Feature","properties":{"node_id":"1038241986","node_origin":"osm_node","degree":3,"is_intersection":true,"source":"OpenStreetMap"},"geometry":{"type":"Point","coordinates":[118.772936,32.0682834]}},{"type":"Feature","properties":{"node_id":"1038241991","node_origin":"osm_node","degree":2,"is_intersection":false,"source":"OpenStreetMap"},"geometry":{"type":"Point","coordinates":[118.7745024,32.0662923]}},{"type":"Feature","properties":{"node_id":"1038241995","node_origin":"osm_node","degree":2,"is_intersection":false,"source":"OpenStreetMap"},"geometry":{"type":"Point","coordinates":[118.7694277,32.0731106]}},{"type":"Feature","properties":{"node_id":"1038241996","node_origin":"osm_node","degree":2,"is_intersection":false,"source":"OpenStreetMap"},"geometry":{"type":"Point","coordinates":[118.7727107,32.0692926]}},{"type":"Feature","properties":{"node_id":"1038241997","node_origin":"osm_node","degree":4,"is_intersection":true,"source":"OpenStreetMap"},"geometry":{"type":"Point","coordinates":[118.7711946,32.0711078]}},{"type":"Feature","properties":{"node_id":"1038242001","node_origin":"osm_node","degree":2,"is_intersection":false,"source":"OpenStreetMap"},"geometry":{"type":"Point","coordinates":[118.7686766,32.0736106]}},{"type":"Feature","properties":{"node_id":"1038242002","node_origin":"osm_node","degree":2,"is_intersection":false,"source":"OpenStreetMap"},"geometry":{"type":"Point","coordinates":[118.772539,32.0700927]}},{"type":"Feature","properties":{"node_id":"1038242003","node_origin":"osm_node","degree":2,"is_intersection":false,"source":"OpenStreetMap"},"geometry":{"type":"Point","coordinates":[118.7718631,32.0696472]}},{"type":"Feature","properties":{"node_id":"1038247097","node_origin":"osm_node","degree":2,"is_intersection":false,"source":"OpenStreetMap"},"geometry":{"type":"Point","coordinates":[118.7669386,32.0641284]}},{"type":"Feature","properties":{"node_id":"1038850153","node_origin":"osm_node","degree":2,"is_intersection":false,"source":"OpenStreetMap"},"geometry":{"type":"Point","coordinates":[118.7841874,32.0390478]}},{"type":"Feature","properties":{"node_id":"1038850156","node_origin":"osm_node","degree":4,"is_intersection":true,"source":"OpenStreetMap"},"geometry":{"type":"Point","coordinates":[118.7861678,32.0386377]}},{"type":"Feature","properties":{"node_id":"1038850162","node_origin":"osm_node","degree":2,"is_intersection":false,"source":"OpenStreetMap"},"geometry":{"type":"Point","coordinates":[118.7856066,32.0387339]}},{"type":"Feature","properties":{"node_id":"1038850169","node_origin":"osm_node","degree":2,"is_intersection":false,"source":"OpenStreetMap"},"geometry":{"type":"Point","coordinates":[118.7914008,32.0355974]}},{"type":"Feature","properties":{"node_id":"1038850173","node_origin":"osm_node","degree":3,"is_intersection":true,"source":"OpenStreetMap"},"geometry":{"type":"Point","coordinates":[118.7880467,32.0384118]}},{"type":"Feature","properties":{"node_id":"1038851726","node_origin":"osm_node","degree":3,"is_intersection":true,"source":"OpenStreetMap"},"geometry":{"type":"Point","coordinates":[118.7963565,32.0421614]}},{"type":"Feature","properties":{"node_id":"1038851730","node_origin":"osm_node","degree":4,"is_intersection":true,"source":"OpenStreetMap"},"geometry":{"type":"Point","coordinates":[118.7958436,32.0400873]}},{"type":"Feature","properties":{"node_id":"1038854169","node_origin":"osm_node","degree":3,"is_intersection":true,"source":"OpenStreetMap"},"geometry":{"type":"Point","coordinates":[118.7938404,32.0404653]}},{"type":"Feature","properties":{"node_id":"1038854177","node_origin":"osm_node","degree":2,"is_intersection":false,"source":"OpenStreetMap"},"geometry":{"type":"Point","coordinates":[118.7960664,32.0371661]}},{"type":"Feature","properties":{"node_id":"1038854179","node_origin":"osm_node","degree":2,"is_intersection":false,"source":"OpenStreetMap"},"geometry":{"type":"Point","coordinates":[118.7834074,32.0409122]}},{"type":"Feature","properties":{"node_id":"1038854180","node_origin":"osm_node","degree":2,"is_intersection":false,"source":"OpenStreetMap"},"geometry":{"type":"Point","coordinates":[118.7911955,32.0369114]}},{"type":"Feature","properties":{"node_id":"1038854181","node_origin":"osm_node","degree":4,"is_intersection":true,"source":"OpenStreetMap"},"geometry":{"type":"Point","coordinates":[118.7865755,32.0402515]}},{"type":"Feature","properties":{"node_id":"1038854182","node_origin":"osm_node","degree":2,"is_intersection":false,"source":"OpenStreetMap"},"geometry":{"type":"Point","coordinates":[118.7969249,32.0401947]}},{"type":"Feature","properties":{"node_id":"1038854186","node_origin":"osm_node","degree":4,"is_intersection":true,"source":"OpenStreetMap"},"geometry":{"type":"Point","coordinates":[118.7924583,32.0384226]}},{"type":"Feature","properties":{"node_id":"1038854188","node_origin":"osm_node","degree":2,"is_intersection":false,"source":"OpenStreetMap"},"geometry":{"type":"Point","coordinates":[118.7957445,32.0358564]}},{"type":"Feature","properties":{"node_id":"1038854189","node_origin":"osm_node","degree":3,"is_intersection":true,"source":"OpenStreetMap"},"geometry":{"type":"Point","coordinates":[118.7874816,32.0422453]}},{"type":"Feature","properties":{"node_id":"1038854192","node_origin":"osm_node","degree":4,"is_intersection":true,"source":"OpenStreetMap"},"geometry":{"type":"Point","coordinates":[118.7879476,32.0431434]}},{"type":"Feature","properties":{"node_id":"1038854193","node_origin":"osm_node","degree":2,"is_intersection":false,"source":"OpenStreetMap"},"geometry":{"type":"Point","coordinates":[118.7919881,32.0391724]}},{"type":"Feature","properties":{"node_id":"1038854200","node_origin":"osm_node","degree":3,"is_intersection":true,"source":"OpenStreetMap"},"geometry":{"type":"Point","coordinates":[118.7908075,32.0357065]}},{"type":"Feature","properties":{"node_id":"1038854203","node_origin":"osm_node","degree":4,"is_intersection":true,"source":"OpenStreetMap"},"geometry":{"type":"Point","coordinates":[118.7884592,32.0397197]}},{"type":"Feature","properties":{"node_id":"1038854210","node_origin":"osm_node","degree":3,"is_intersection":true,"source":"OpenStreetMap"},"geometry":{"type":"Point","coordinates":[118.7903285,32.0414879]}},{"type":"Feature","properties":{"node_id":"1038854211","node_origin":"osm_node","degree":4,"is_intersection":true,"source":"OpenStreetMap"},"geometry":{"type":"Point","coordinates":[118.7856705,32.0371322]}},{"type":"Feature","properties":{"node_id":"1038854212","node_origin":"osm_node","degree":4,"is_intersection":true,"source":"OpenStreetMap"},"geometry":{"type":"Point","coordinates":[118.7920598,32.0409]}},{"type":"Feature","properties":{"node_id":"1038854213","node_origin":"osm_node","degree":2,"is_intersection":false,"source":"OpenStreetMap"},"geometry":{"type":"Point","coordinates":[118.7929362,32.036797]}},{"type":"Feature","properties":{"node_id":"1038854214","node_origin":"osm_node","degree":2,"is_intersection":false,"source":"OpenStreetMap"},"geometry":{"type":"Point","coordinates":[118.7971986,32.0410176]}},{"type":"Feature","properties":{"node_id":"1038854215","node_origin":"osm_node","degree":3,"is_intersection":true,"source":"OpenStreetMap"},"geometry":{"type":"Point","coordinates":[118.7824073,32.041096]}},{"type":"Feature","properties":{"node_id":"1038854216","node_origin":"osm_node","degree":4,"is_intersection":true,"source":"OpenStreetMap"},"geometry":{"type":"Point","coordinates":[118.7892162,32.0417857]}},{"type":"Feature","properties":{"node_id":"1038854217","node_origin":"osm_node","degree":4,"is_intersection":true,"source":"OpenStreetMap"},"geometry":{"type":"Point","coordinates":[118.7932037,32.0405584]}},{"type":"Feature","properties":{"node_id":"1038854221","node_origin":"osm_node","degree":2,"is_intersection":false,"source":"OpenStreetMap"},"geometry":{"type":"Point","coordinates":[118.7974553,32.0417064]}},{"type":"Feature","properties":{"node_id":"1038854223","node_origin":"osm_node","degree":2,"is_intersection":false,"source":"OpenStreetMap"},"geometry":{"type":"Point","coordinates":[118.7964955,32.0388031]}},{"type":"Feature","properties":{"node_id":"1038854225","node_origin":"osm_node","degree":2,"is_intersection":false,"source":"OpenStreetMap"},"geometry":{"type":"Point","coordinates":[118.7851659,32.0405493]}},{"type":"Feature","properties":{"node_id":"1038854227","node_origin":"osm_node","degree":3,"is_intersection":true,"source":"OpenStreetMap"},"geometry":{"type":"Point","coordinates":[118.7925396,32.040722]}},{"type":"Feature","properties":{"node_id":"1038854233","node_origin":"osm_node","degree":2,"is_intersection":false,"source":"OpenStreetMap"},"geometry":{"type":"Point","coordinates":[118.7975659,32.0425104]}},{"type":"Feature","properties":{"node_id":"1038857318","node_origin":"osm_node","degree":2,"is_intersection":false,"source":"OpenStreetMap"},"geometry":{"type":"Point","coordinates":[118.7938348,32.0466597]}},{"type":"Feature","properties":{"node_id":"1038857321","node_origin":"osm_node","degree":4,"is_intersection":true,"source":"OpenStreetMap"},"geometry":{"type":"Point","coordinates":[118.7938777,32.0500582]}},{"type":"Feature","properties":{"node_id":"1038857322","node_origin":"osm_node","degree":3,"is_intersection":true,"source":"OpenStreetMap"},"geometry":{"type":"Point","coordinates":[118.7995362,32.0474973]}},{"type":"Feature","properties":{"node_id":"1038857328","node_origin":"osm_node","degree":2,"is_intersection":false,"source":"OpenStreetMap"},"geometry":{"type":"Point","coordinates":[118.7914006,32.0447886]}},{"type":"Feature","properties":{"node_id":"1038857335","node_origin":"osm_node","degree":2,"is_intersection":false,"source":"OpenStreetMap"},"geometry":{"type":"Point","coordinates":[118.7978688,32.0478965]}},{"type":"Feature","properties":{"node_id":"1038857351","node_origin":"osm_node","degree":4,"is_intersection":true,"source":"OpenStreetMap"},"geometry":{"type":"Point","coordinates":[118.7934056,32.0485149]}},{"type":"Feature","properties":{"node_id":"1038857359","node_origin":"osm_node","degree":2,"is_intersection":false,"source":"OpenStreetMap"},"geometry":{"type":"Point","coordinates":[118.7947548,32.0484603]}},{"type":"Feature","properties":{"node_id":"1038857361","node_origin":"osm_node","degree":2,"is_intersection":false,"source":"OpenStreetMap"},"geometry":{"type":"Point","coordinates":[118.7968388,32.0480329]}},{"type":"Feature","properties":{"node_id":"1038857363","node_origin":"osm_node","degree":4,"is_intersection":true,"source":"OpenStreetMap"},"geometry":{"type":"Point","coordinates":[118.7897611,32.0488213]}},{"type":"Feature","properties":{"node_id":"1038859143","node_origin":"osm_node","degree":2,"is_intersection":false,"source":"OpenStreetMap"},"geometry":{"type":"Point","coordinates":[118.7913453,32.0634677]}},{"type":"Feature","properties":{"node_id":"1038859151","node_origin":"osm_node","degree":2,"is_intersection":false,"source":"OpenStreetMap"},"geometry":{"type":"Point","coordinates":[118.7914336,32.06409]}},{"type":"Feature","properties":{"node_id":"1038862107","node_origin":"osm_node","degree":4,"is_intersection":true,"source":"OpenStreetMap"},"geometry":{"type":"Point","coordinates":[118.7789624,32.0721947]}},{"type":"Feature","properties":{"node_id":"1038862162","node_origin":"osm_node","degree":3,"is_intersection":true,"source":"OpenStreetMap"},"geometry":{"type":"Point","coordinates":[118.7816746,32.0724934]}},{"type":"Feature","properties":{"node_id":"1038873352","node_origin":"osm_node","degree":2,"is_intersection":false,"source":"OpenStreetMap"},"geometry":{"type":"Point","coordinates":[118.820292,32.040942]}},{"type":"Feature","properties":{"node_id":"1038879763","node_origin":"osm_node","degree":3,"is_intersection":true,"source":"OpenStreetMap"},"geometry":{"type":"Point","coordinates":[118.7817869,32.0356163]}},{"type":"Feature","properties":{"node_id":"1038879764","node_origin":"osm_node","degree":3,"is_intersection":true,"source":"OpenStreetMap"},"geometry":{"type":"Point","coordinates":[118.7780903,32.0370498]}},{"type":"Feature","properties":{"node_id":"1038879777","node_origin":"osm_node","degree":4,"is_intersection":true,"source":"OpenStreetMap"},"geometry":{"type":"Point","coordinates":[118.7772597,32.0407812]}},{"type":"Feature","properties":{"node_id":"1038879783","node_origin":"osm_node","degree":2,"is_intersection":false,"source":"OpenStreetMap"},"geometry":{"type":"Point","coordinates":[118.7770006,32.0372156]}},{"type":"Feature","properties":{"node_id":"1038879784","node_origin":"osm_node","degree":4,"is_intersection":true,"source":"OpenStreetMap"},"geometry":{"type":"Point","coordinates":[118.7730305,32.0387597]}},{"type":"Feature","properties":{"node_id":"1038879787","node_origin":"osm_node","degree":2,"is_intersection":false,"source":"OpenStreetMap"},"geometry":{"type":"Point","coordinates":[118.7850987,32.0362349]}},{"type":"Feature","properties":{"node_id":"1038879788","node_origin":"osm_node","degree":3,"is_intersection":true,"source":"OpenStreetMap"},"geometry":{"type":"Point","coordinates":[118.7818671,32.0363645]}},{"type":"Feature","properties":{"node_id":"1038879789","node_origin":"osm_node","degree":5,"is_intersection":true,"source":"OpenStreetMap"},"geometry":{"type":"Point","coordinates":[118.7756385,32.0376476]}},{"type":"Feature","properties":{"node_id":"1038879796","node_origin":"osm_node","degree":5,"is_intersection":true,"source":"OpenStreetMap"},"geometry":{"type":"Point","coordinates":[118.7789148,32.0368963]}},{"type":"Feature","properties":{"node_id":"1038950881","node_origin":"osm_node","degree":2,"is_intersection":false,"source":"OpenStreetMap"},"geometry":{"type":"Point","coordinates":[118.7975584,32.0432052]}},{"type":"Feature","properties":{"node_id":"1038950882","node_origin":"osm_node","degree":3,"is_intersection":true,"source":"OpenStreetMap"},"geometry":{"type":"Point","coordinates":[118.7974511,32.044151]}},{"type":"Feature","properties":{"node_id":"1038950883","node_origin":"osm_node","degree":2,"is_intersection":false,"source":"OpenStreetMap"},"geometry":{"type":"Point","coordinates":[118.7962367,32.0441128]}},{"type":"Feature","properties":{"node_id":"1038950884","node_origin":"osm_node","degree":2,"is_intersection":false,"source":"OpenStreetMap"},"geometry":{"type":"Point","coordinates":[118.7955736,32.0441055]}},{"type":"Feature","properties":{"node_id":"1038950885","node_origin":"osm_node","degree":3,"is_intersection":true,"source":"OpenStreetMap"},"geometry":{"type":"Point","coordinates":[118.7983365,32.044132]}},{"type":"Feature","properties":{"node_id":"1038950886","node_origin":"osm_node","degree":2,"is_intersection":false,"source":"OpenStreetMap"},"geometry":{"type":"Point","coordinates":[118.797494,32.0437963]}},{"type":"Feature","properties":{"node_id":"1038950907","node_origin":"osm_node","degree":4,"is_intersection":true,"source":"OpenStreetMap"},"geometry":{"type":"Point","coordinates":[118.8052628,32.0379314]}},{"type":"Feature","properties":{"node_id":"1038950908","node_origin":"osm_node","degree":3,"is_intersection":true,"source":"OpenStreetMap"},"geometry":{"type":"Point","coordinates":[118.8052629,32.0367425]}},{"type":"Feature","properties":{"node_id":"1038950909","node_origin":"osm_node","degree":3,"is_intersection":true,"source":"OpenStreetMap"},"geometry":{"type":"Point","coordinates":[118.8077749,32.0367315]}},{"type":"Feature","properties":{"node_id":"1038951970","node_origin":"osm_node","degree":1,"is_intersection":false,"source":"OpenStreetMap"},"geometry":{"type":"Point","coordinates":[118.8189686,32.0409609]}},{"type":"Feature","properties":{"node_id":"1038951971","node_origin":"osm_node","degree":2,"is_intersection":false,"source":"OpenStreetMap"},"geometry":{"type":"Point","coordinates":[118.8184059,32.0372527]}},{"type":"Feature","properties":{"node_id":"1038952010","node_origin":"osm_node","degree":2,"is_intersection":false,"source":"OpenStreetMap"},"geometry":{"type":"Point","coordinates":[118.818898,32.0401858]}},{"type":"Feature","properties":{"node_id":"1058290663","node_origin":"osm_node","degree":2,"is_intersection":false,"source":"OpenStreetMap"},"geometry":{"type":"Point","coordinates":[118.8207215,32.0790664]}},{"type":"Feature","properties":{"node_id":"1058290665","node_origin":"osm_node","degree":2,"is_intersection":false,"source":"OpenStreetMap"},"geometry":{"type":"Point","coordinates":[118.8172188,32.0847325]}},{"type":"Feature","properties":{"node_id":"1058290666","node_origin":"osm_node","degree":2,"is_intersection":false,"source":"OpenStreetMap"},"geometry":{"type":"Point","coordinates":[118.8181574,32.0838707]}},{"type":"Feature","properties":{"node_id":"1058290677","node_origin":"osm_node","degree":4,"is_intersection":true,"source":"OpenStreetMap"},"geometry":{"type":"Point","coordinates":[118.8200134,32.0810663]}},{"type":"Feature","properties":{"node_id":"1058290684","node_origin":"osm_node","degree":2,"is_intersection":false,"source":"OpenStreetMap"},"geometry":{"type":"Point","coordinates":[118.8246803,32.0822472]}},{"type":"Feature","properties":{"node_id":"1058290700","node_origin":"osm_node","degree":2,"is_intersection":false,"source":"OpenStreetMap"},"geometry":{"type":"Point","coordinates":[118.8205928,32.0800845]}},{"type":"Feature","properties":{"node_id":"1058290701","node_origin":"osm_node","degree":2,"is_intersection":false,"source":"OpenStreetMap"},"geometry":{"type":"Point","coordinates":[118.8193697,32.0823026]}},{"type":"Feature","properties":{"node_id":"1058290702","node_origin":"osm_node","degree":2,"is_intersection":false,"source":"OpenStreetMap"},"geometry":{"type":"Point","coordinates":[118.8187796,32.0831571]}},{"type":"Feature","properties":{"node_id":"1058290717","node_origin":"osm_node","degree":2,"is_intersection":false,"source":"OpenStreetMap"},"geometry":{"type":"Point","coordinates":[118.8207001,32.0795573]}},{"type":"Feature","properties":{"node_id":"1058290723","node_origin":"osm_node","degree":2,"is_intersection":false,"source":"OpenStreetMap"},"geometry":{"type":"Point","coordinates":[118.8220594,32.0773427]}},{"type":"Feature","properties":{"node_id":"1058290753","node_origin":"osm_node","degree":2,"is_intersection":false,"source":"OpenStreetMap"},"geometry":{"type":"Point","coordinates":[118.8203138,32.0805573]}},{"type":"Feature","properties":{"node_id":"1058290756","node_origin":"osm_node","degree":2,"is_intersection":false,"source":"OpenStreetMap"},"geometry":{"type":"Point","coordinates":[118.8210434,32.0785391]}},{"type":"Feature","properties":{"node_id":"1058298163","node_origin":"osm_node","degree":3,"is_intersection":true,"source":"OpenStreetMap"},"geometry":{"type":"Point","coordinates":[118.8240703,32.0823178]}},{"type":"Feature","properties":{"node_id":"1058298189","node_origin":"osm_node","degree":2,"is_intersection":false,"source":"OpenStreetMap"},"geometry":{"type":"Point","coordinates":[118.8237787,32.083389]}},{"type":"Feature","properties":{"node_id":"1058298191","node_origin":"osm_node","degree":2,"is_intersection":false,"source":"OpenStreetMap"},"geometry":{"type":"Point","coordinates":[118.8239786,32.0826475]}},{"type":"Feature","properties":{"node_id":"1058298207","node_origin":"osm_node","degree":3,"is_intersection":true,"source":"OpenStreetMap"},"geometry":{"type":"Point","coordinates":[118.8232125,32.0842218]}},{"type":"Feature","properties":{"node_id":"1058304423","node_origin":"osm_node","degree":1,"is_intersection":false,"source":"OpenStreetMap"},"geometry":{"type":"Point","coordinates":[118.8126105,32.0765391]}},{"type":"Feature","properties":{"node_id":"1058313037","node_origin":"osm_node","degree":2,"is_intersection":false,"source":"OpenStreetMap"},"geometry":{"type":"Point","coordinates":[118.8120312,32.0551911]}},{"type":"Feature","properties":{"node_id":"1058313044","node_origin":"osm_node","degree":2,"is_intersection":false,"source":"OpenStreetMap"},"geometry":{"type":"Point","coordinates":[118.8129539,32.0549728]}},{"type":"Feature","properties":{"node_id":"1058313059","node_origin":"osm_node","degree":2,"is_intersection":false,"source":"OpenStreetMap"},"geometry":{"type":"Point","coordinates":[118.808865,32.0561171]}},{"type":"Feature","properties":{"node_id":"1058313066","node_origin":"osm_node","degree":2,"is_intersection":false,"source":"OpenStreetMap"},"geometry":{"type":"Point","coordinates":[118.807804,32.0586645]}},{"type":"Feature","properties":{"node_id":"1058313071","node_origin":"osm_node","degree":2,"is_intersection":false,"source":"OpenStreetMap"},"geometry":{"type":"Point","coordinates":[118.8127178,32.0549183]}},{"type":"Feature","properties":{"node_id":"1058313080","node_origin":"osm_node","degree":2,"is_intersection":false,"source":"OpenStreetMap"},"geometry":{"type":"Point","coordinates":[118.8079176,32.057931]}},{"type":"Feature","properties":{"node_id":"1058313082","node_origin":"osm_node","degree":2,"is_intersection":false,"source":"OpenStreetMap"},"geometry":{"type":"Point","coordinates":[118.810694,32.0557097]}},{"type":"Feature","properties":{"node_id":"1058313089","node_origin":"osm_node","degree":2,"is_intersection":false,"source":"OpenStreetMap"},"geometry":{"type":"Point","coordinates":[118.8089505,32.0565854]}},{"type":"Feature","properties":{"node_id":"1058313093","node_origin":"osm_node","degree":2,"is_intersection":false,"source":"OpenStreetMap"},"geometry":{"type":"Point","coordinates":[118.8092005,32.0575822]}},{"type":"Feature","properties":{"node_id":"1058326185","node_origin":"osm_node","degree":2,"is_intersection":false,"source":"OpenStreetMap"},"geometry":{"type":"Point","coordinates":[118.7991249,32.0519925]}},{"type":"Feature","properties":{"node_id":"1058326188","node_origin":"osm_node","degree":3,"is_intersection":true,"source":"OpenStreetMap"},"geometry":{"type":"Point","coordinates":[118.7999,32.0549558]}},{"type":"Feature","properties":{"node_id":"1058326190","node_origin":"osm_node","degree":2,"is_intersection":false,"source":"OpenStreetMap"},"geometry":{"type":"Point","coordinates":[118.7987732,32.0506423]}},{"type":"Feature","properties":{"node_id":"1058326193","node_origin":"osm_node","degree":4,"is_intersection":true,"source":"OpenStreetMap"},"geometry":{"type":"Point","coordinates":[118.7983897,32.0492171]}},{"type":"Feature","properties":{"node_id":"1058327569","node_origin":"osm_node","degree":4,"is_intersection":true,"source":"OpenStreetMap"},"geometry":{"type":"Point","coordinates":[118.7861969,32.0494754]}},{"type":"Feature","properties":{"node_id":"1058327571","node_origin":"osm_node","degree":4,"is_intersection":true,"source":"OpenStreetMap"},"geometry":{"type":"Point","coordinates":[118.7852601,32.046316]}},{"type":"Feature","properties":{"node_id":"1058337802","node_origin":"osm_node","degree":3,"is_intersection":true,"source":"OpenStreetMap"},"geometry":{"type":"Point","coordinates":[118.7845059,32.0446942]}},{"type":"Feature","properties":{"node_id":"1060714882","node_origin":"osm_node","degree":2,"is_intersection":false,"source":"OpenStreetMap"},"geometry":{"type":"Point","coordinates":[118.774652,32.0636644]}},{"type":"Feature","properties":{"node_id":"1060714890","node_origin":"osm_node","degree":2,"is_intersection":false,"source":"OpenStreetMap"},"geometry":{"type":"Point","coordinates":[118.7700558,32.0637212]}},{"type":"Feature","properties":{"node_id":"1060714942","node_origin":"osm_node","degree":2,"is_intersection":false,"source":"OpenStreetMap"},"geometry":{"type":"Point","coordinates":[118.7699297,32.0638394]}},{"type":"Feature","properties":{"node_id":"1060714955","node_origin":"osm_node","degree":2,"is_intersection":false,"source":"OpenStreetMap"},"geometry":{"type":"Point","coordinates":[118.7709398,32.0639372]}},{"type":"Feature","properties":{"node_id":"1060714957","node_origin":"osm_node","degree":2,"is_intersection":false,"source":"OpenStreetMap"},"geometry":{"type":"Point","coordinates":[118.773107,32.0637371]}},{"type":"Feature","properties":{"node_id":"1060714960","node_origin":"osm_node","degree":2,"is_intersection":false,"source":"OpenStreetMap"},"geometry":{"type":"Point","coordinates":[118.7719912,32.0638826]}},{"type":"Feature","properties":{"node_id":"1060714964","node_origin":"osm_node","degree":2,"is_intersection":false,"source":"OpenStreetMap"},"geometry":{"type":"Point","coordinates":[118.773723,32.0637156]}},{"type":"Feature","properties":{"node_id":"1067108841","node_origin":"osm_node","degree":3,"is_intersection":true,"source":"OpenStreetMap"},"geometry":{"type":"Point","coordinates":[118.786363,32.0502942]}},{"type":"Feature","properties":{"node_id":"1067108846","node_origin":"osm_node","degree":3,"is_intersection":true,"source":"OpenStreetMap"},"geometry":{"type":"Point","coordinates":[118.7841735,32.0506985]}},{"type":"Feature","properties":{"node_id":"1067108849","node_origin":"osm_node","degree":2,"is_intersection":false,"source":"OpenStreetMap"},"geometry":{"type":"Point","coordinates":[118.7809931,32.0620913]}},{"type":"Feature","properties":{"node_id":"1067108860","node_origin":"osm_node","degree":2,"is_intersection":false,"source":"OpenStreetMap"},"geometry":{"type":"Point","coordinates":[118.7795447,32.0586452]}},{"type":"Feature","properties":{"node_id":"1067108862","node_origin":"osm_node","degree":3,"is_intersection":true,"source":"OpenStreetMap"},"geometry":{"type":"Point","coordinates":[118.7848447,32.0643462]}},{"type":"Feature","properties":{"node_id":"1067108865","node_origin":"osm_node","degree":2,"is_intersection":false,"source":"OpenStreetMap"},"geometry":{"type":"Point","coordinates":[118.7825166,32.0620731]}},{"type":"Feature","properties":{"node_id":"1067108867","node_origin":"osm_node","degree":3,"is_intersection":true,"source":"OpenStreetMap"},"geometry":{"type":"Point","coordinates":[118.7778622,32.0541965]}},{"type":"Feature","properties":{"node_id":"1067108870","node_origin":"osm_node","degree":2,"is_intersection":false,"source":"OpenStreetMap"},"geometry":{"type":"Point","coordinates":[118.7861751,32.0647553]}},{"type":"Feature","properties":{"node_id":"1067108874","node_origin":"osm_node","degree":2,"is_intersection":false,"source":"OpenStreetMap"},"geometry":{"type":"Point","coordinates":[118.7829779,32.062164]}},{"type":"Feature","properties":{"node_id":"1067108892","node_origin":"osm_node","degree":2,"is_intersection":false,"source":"OpenStreetMap"},"geometry":{"type":"Point","coordinates":[118.7832461,32.0628278]}},{"type":"Feature","properties":{"node_id":"1067108894","node_origin":"osm_node","degree":2,"is_intersection":false,"source":"OpenStreetMap"},"geometry":{"type":"Point","coordinates":[118.7857138,32.0645735]}},{"type":"Feature","properties":{"node_id":"1067108896","node_origin":"osm_node","degree":2,"is_intersection":false,"source":"OpenStreetMap"},"geometry":{"type":"Point","coordinates":[118.7852417,32.0645644]}},{"type":"Feature","properties":{"node_id":"1067108899","node_origin":"osm_node","degree":2,"is_intersection":false,"source":"OpenStreetMap"},"geometry":{"type":"Point","coordinates":[118.780639,32.0587179]}},{"type":"Feature","properties":{"node_id":"1067108901","node_origin":"osm_node","degree":4,"is_intersection":true,"source":"OpenStreetMap"},"geometry":{"type":"Point","coordinates":[118.7819792,32.0587699]}},{"type":"Feature","properties":{"node_id":"1067108903","node_origin":"osm_node","degree":3,"is_intersection":true,"source":"OpenStreetMap"},"geometry":{"type":"Point","coordinates":[118.7789504,32.0622662]}},{"type":"Feature","properties":{"node_id":"1067108913","node_origin":"osm_node","degree":3,"is_intersection":true,"source":"OpenStreetMap"},"geometry":{"type":"Point","coordinates":[118.7899409,32.049631]}},{"type":"Feature","properties":{"node_id":"1067108915","node_origin":"osm_node","degree":2,"is_intersection":false,"source":"OpenStreetMap"},"geometry":{"type":"Point","coordinates":[118.7800167,32.0621549]}},{"type":"Feature","properties":{"node_id":"1067108917","node_origin":"osm_node","degree":2,"is_intersection":false,"source":"OpenStreetMap"},"geometry":{"type":"Point","coordinates":[118.7827126,32.054263]}},{"type":"Feature","properties":{"node_id":"1067108918","node_origin":"osm_node","degree":2,"is_intersection":false,"source":"OpenStreetMap"},"geometry":{"type":"Point","coordinates":[118.7839328,32.0636551]}},{"type":"Feature","properties":{"node_id":"1067108920","node_origin":"osm_node","degree":2,"is_intersection":false,"source":"OpenStreetMap"},"geometry":{"type":"Point","coordinates":[118.7869798,32.0651281]}},{"type":"Feature","properties":{"node_id":"1067108921","node_origin":"osm_node","degree":2,"is_intersection":false,"source":"OpenStreetMap"},"geometry":{"type":"Point","coordinates":[118.7883852,32.0662646]}},{"type":"Feature","properties":{"node_id":"1067108925","node_origin":"osm_node","degree":2,"is_intersection":false,"source":"OpenStreetMap"},"geometry":{"type":"Point","coordinates":[118.7875055,32.0656009]}},{"type":"Feature","properties":{"node_id":"1067108926","node_origin":"osm_node","degree":4,"is_intersection":true,"source":"OpenStreetMap"},"geometry":{"type":"Point","coordinates":[118.7816737,32.0620483]}},{"type":"Feature","properties":{"node_id":"1067108936","node_origin":"osm_node","degree":3,"is_intersection":true,"source":"OpenStreetMap"},"geometry":{"type":"Point","coordinates":[118.7789373,32.0586371]}},{"type":"Feature","properties":{"node_id":"1067108938","node_origin":"osm_node","degree":2,"is_intersection":false,"source":"OpenStreetMap"},"geometry":{"type":"Point","coordinates":[118.783568,32.0632824]}},{"type":"Feature","properties":{"node_id":"1067108939","node_origin":"osm_node","degree":4,"is_intersection":true,"source":"OpenStreetMap"},"geometry":{"type":"Point","coordinates":[118.7850045,32.0541138]}},{"type":"Feature","properties":{"node_id":"1067116363","node_origin":"osm_node","degree":3,"is_intersection":true,"source":"OpenStreetMap"},"geometry":{"type":"Point","coordinates":[118.7821041,32.0548651]}},{"type":"Feature","properties":{"node_id":"1067116364","node_origin":"osm_node","degree":3,"is_intersection":true,"source":"OpenStreetMap"},"geometry":{"type":"Point","coordinates":[118.7808089,32.0561114]}},{"type":"Feature","properties":{"node_id":"1067122955","node_origin":"osm_node","degree":2,"is_intersection":false,"source":"OpenStreetMap"},"geometry":{"type":"Point","coordinates":[118.7690741,32.0641701]}},{"type":"Feature","properties":{"node_id":"1067122959","node_origin":"osm_node","degree":4,"is_intersection":true,"source":"OpenStreetMap"},"geometry":{"type":"Point","coordinates":[118.7718398,32.0664946]}},{"type":"Feature","properties":{"node_id":"1067122975","node_origin":"osm_node","degree":3,"is_intersection":true,"source":"OpenStreetMap"},"geometry":{"type":"Point","coordinates":[118.7686637,32.0663346]}},{"type":"Feature","properties":{"node_id":"1067122977","node_origin":"osm_node","degree":3,"is_intersection":true,"source":"OpenStreetMap"},"geometry":{"type":"Point","coordinates":[118.7676576,32.0662848]}},{"type":"Feature","properties":{"node_id":"1067135896","node_origin":"osm_node","degree":2,"is_intersection":false,"source":"OpenStreetMap"},"geometry":{"type":"Point","coordinates":[118.7672703,32.0711672]}},{"type":"Feature","properties":{"node_id":"1067141182","node_origin":"osm_node","degree":3,"is_intersection":true,"source":"OpenStreetMap"},"geometry":{"type":"Point","coordinates":[118.7674055,32.0803029]}},{"type":"Feature","properties":{"node_id":"1067152428","node_origin":"osm_node","degree":2,"is_intersection":false,"source":"OpenStreetMap"},"geometry":{"type":"Point","coordinates":[118.7760149,32.085283]}},{"type":"Feature","properties":{"node_id":"1067152453","node_origin":"osm_node","degree":2,"is_intersection":false,"source":"OpenStreetMap"},"geometry":{"type":"Point","coordinates":[118.775348,32.0852973]}},{"type":"Feature","properties":{"node_id":"1067152478","node_origin":"osm_node","degree":4,"is_intersection":true,"source":"OpenStreetMap"},"geometry":{"type":"Point","coordinates":[118.7754259,32.0796956]}},{"type":"Feature","properties":{"node_id":"1067152481","node_origin":"osm_node","degree":4,"is_intersection":true,"source":"OpenStreetMap"},"geometry":{"type":"Point","coordinates":[118.7771092,32.0852558]}},{"type":"Feature","properties":{"node_id":"1067152499","node_origin":"osm_node","degree":4,"is_intersection":true,"source":"OpenStreetMap"},"geometry":{"type":"Point","coordinates":[118.7787821,32.0852571]}},{"type":"Feature","properties":{"node_id":"10672049058","node_origin":"osm_node","degree":4,"is_intersection":true,"source":"OpenStreetMap"},"geometry":{"type":"Point","coordinates":[118.8118711,32.0415922]}},{"type":"Feature","properties":{"node_id":"10672079234","node_origin":"osm_node","degree":2,"is_intersection":false,"source":"OpenStreetMap"},"geometry":{"type":"Point","coordinates":[118.8135376,32.0433927]}},{"type":"Feature","properties":{"node_id":"10675388010","node_origin":"osm_node","degree":2,"is_intersection":false,"source":"OpenStreetMap"},"geometry":{"type":"Point","coordinates":[118.7914565,32.044205]}},{"type":"Feature","properties":{"node_id":"10675388015","node_origin":"osm_node","degree":2,"is_intersection":false,"source":"OpenStreetMap"},"geometry":{"type":"Point","coordinates":[118.7895962,32.0434665]}},{"type":"Feature","properties":{"node_id":"10675388016","node_origin":"osm_node","degree":2,"is_intersection":false,"source":"OpenStreetMap"},"geometry":{"type":"Point","coordinates":[118.7895219,32.0445337]}},{"type":"Feature","properties":{"node_id":"10675388017","node_origin":"osm_node","degree":2,"is_intersection":false,"source":"OpenStreetMap"},"geometry":{"type":"Point","coordinates":[118.7911266,32.0448626]}},{"type":"Feature","properties":{"node_id":"10675388018","node_origin":"osm_node","degree":2,"is_intersection":false,"source":"OpenStreetMap"},"geometry":{"type":"Point","coordinates":[118.791848,32.0446752]}},{"type":"Feature","properties":{"node_id":"10675388019","node_origin":"osm_node","degree":2,"is_intersection":false,"source":"OpenStreetMap"},"geometry":{"type":"Point","coordinates":[118.7917998,32.0446874]}},{"type":"Feature","properties":{"node_id":"10675425646","node_origin":"osm_node","degree":2,"is_intersection":false,"source":"OpenStreetMap"},"geometry":{"type":"Point","coordinates":[118.7995875,32.0428029]}},{"type":"Feature","properties":{"node_id":"10675425647","node_origin":"osm_node","degree":2,"is_intersection":false,"source":"OpenStreetMap"},"geometry":{"type":"Point","coordinates":[118.796979,32.0441347]}},{"type":"Feature","properties":{"node_id":"10677465485","node_origin":"osm_node","degree":2,"is_intersection":false,"source":"OpenStreetMap"},"geometry":{"type":"Point","coordinates":[118.788861,32.040671]}},{"type":"Feature","properties":{"node_id":"10677465489","node_origin":"osm_node","degree":2,"is_intersection":false,"source":"OpenStreetMap"},"geometry":{"type":"Point","coordinates":[118.7888815,32.0360526]}},{"type":"Feature","properties":{"node_id":"10677465490","node_origin":"osm_node","degree":2,"is_intersection":false,"source":"OpenStreetMap"},"geometry":{"type":"Point","coordinates":[118.7908634,32.0648556]}},{"type":"Feature","properties":{"node_id":"10677465491","node_origin":"osm_node","degree":2,"is_intersection":false,"source":"OpenStreetMap"},"geometry":{"type":"Point","coordinates":[118.7903072,32.0653671]}},{"type":"Feature","properties":{"node_id":"10677465492","node_origin":"osm_node","degree":2,"is_intersection":false,"source":"OpenStreetMap"},"geometry":{"type":"Point","coordinates":[118.7812677,32.0724133]}},{"type":"Feature","properties":{"node_id":"10680041605","node_origin":"osm_node","degree":2,"is_intersection":false,"source":"OpenStreetMap"},"geometry":{"type":"Point","coordinates":[118.7814144,32.07526]}},{"type":"Feature","properties":{"node_id":"10680041608","node_origin":"osm_node","degree":2,"is_intersection":false,"source":"OpenStreetMap"},"geometry":{"type":"Point","coordinates":[118.7828143,32.0729877]}},{"type":"Feature","properties":{"node_id":"10680041609","node_origin":"osm_node","degree":2,"is_intersection":false,"source":"OpenStreetMap"},"geometry":{"type":"Point","coordinates":[118.7820863,32.0781534]}},{"type":"Feature","properties":{"node_id":"10680088509","node_origin":"osm_node","degree":2,"is_intersection":false,"source":"OpenStreetMap"},"geometry":{"type":"Point","coordinates":[118.8001808,32.0775807]}},{"type":"Feature","properties":{"node_id":"10680088519","node_origin":"osm_node","degree":2,"is_intersection":false,"source":"OpenStreetMap"},"geometry":{"type":"Point","coordinates":[118.8086057,32.0649009]}},{"type":"Feature","properties":{"node_id":"10680088520","node_origin":"osm_node","degree":2,"is_intersection":false,"source":"OpenStreetMap"},"geometry":{"type":"Point","coordinates":[118.8097392,32.0650456]}},{"type":"Feature","properties":{"node_id":"1068742501","node_origin":"osm_node","degree":3,"is_intersection":true,"source":"OpenStreetMap"},"geometry":{"type":"Point","coordinates":[118.7683584,32.035455]}},{"type":"Feature","properties":{"node_id":"1068742540","node_origin":"osm_node","degree":3,"is_intersection":true,"source":"OpenStreetMap"},"geometry":{"type":"Point","coordinates":[118.767614,32.036438]}},{"type":"Feature","properties":{"node_id":"1068742644","node_origin":"osm_node","degree":2,"is_intersection":false,"source":"OpenStreetMap"},"geometry":{"type":"Point","coordinates":[118.7679358,32.036011]}},{"type":"Feature","properties":{"node_id":"1069278223","node_origin":"osm_node","degree":3,"is_intersection":true,"source":"OpenStreetMap"},"geometry":{"type":"Point","coordinates":[118.7824627,32.0414333]}},{"type":"Feature","properties":{"node_id":"1069278229","node_origin":"osm_node","degree":3,"is_intersection":true,"source":"OpenStreetMap"},"geometry":{"type":"Point","coordinates":[118.7800138,32.0418758]}},{"type":"Feature","properties":{"node_id":"1069278230","node_origin":"osm_node","degree":1,"is_intersection":false,"source":"OpenStreetMap"},"geometry":{"type":"Point","coordinates":[118.7791555,32.0421462]}},{"type":"Feature","properties":{"node_id":"1072059948","node_origin":"osm_node","degree":2,"is_intersection":false,"source":"OpenStreetMap"},"geometry":{"type":"Point","coordinates":[118.8180287,32.0808842]}},{"type":"Feature","properties":{"node_id":"1072059950","node_origin":"osm_node","degree":3,"is_intersection":true,"source":"OpenStreetMap"},"geometry":{"type":"Point","coordinates":[118.8224221,32.082335]}},{"type":"Feature","properties":{"node_id":"1072059953","node_origin":"osm_node","degree":2,"is_intersection":false,"source":"OpenStreetMap"},"geometry":{"type":"Point","coordinates":[118.8232167,32.082244]}},{"type":"Feature","properties":{"node_id":"1072059956","node_origin":"osm_node","degree":2,"is_intersection":false,"source":"OpenStreetMap"},"geometry":{"type":"Point","coordinates":[118.8214918,32.0820608]}},{"type":"Feature","properties":{"node_id":"1072059958","node_origin":"osm_node","degree":2,"is_intersection":false,"source":"OpenStreetMap"},"geometry":{"type":"Point","coordinates":[118.8207827,32.0815779]}},{"type":"Feature","properties":{"node_id":"1072059960","node_origin":"osm_node","degree":2,"is_intersection":false,"source":"OpenStreetMap"},"geometry":{"type":"Point","coordinates":[118.8191015,32.0810114]}},{"type":"Feature","properties":{"node_id":"1072062397","node_origin":"osm_node","degree":2,"is_intersection":false,"source":"OpenStreetMap"},"geometry":{"type":"Point","coordinates":[118.8115961,32.0492567]}},{"type":"Feature","properties":{"node_id":"1072062401","node_origin":"osm_node","degree":3,"is_intersection":true,"source":"OpenStreetMap"},"geometry":{"type":"Point","coordinates":[118.8125351,32.0549909]}},{"type":"Feature","properties":{"node_id":"1072062410","node_origin":"osm_node","degree":2,"is_intersection":false,"source":"OpenStreetMap"},"geometry":{"type":"Point","coordinates":[118.8117534,32.0490648]}},{"type":"Feature","properties":{"node_id":"1072062414","node_origin":"osm_node","degree":2,"is_intersection":false,"source":"OpenStreetMap"},"geometry":{"type":"Point","coordinates":[118.8123424,32.0541995]}},{"type":"Feature","properties":{"node_id":"1072062416","node_origin":"osm_node","degree":2,"is_intersection":false,"source":"OpenStreetMap"},"geometry":{"type":"Point","coordinates":[118.8120956,32.0530174]}},{"type":"Feature","properties":{"node_id":"1072062418","node_origin":"osm_node","degree":2,"is_intersection":false,"source":"OpenStreetMap"},"geometry":{"type":"Point","coordinates":[118.8115914,32.049471]}},{"type":"Feature","properties":{"node_id":"1072062424","node_origin":"osm_node","degree":3,"is_intersection":true,"source":"OpenStreetMap"},"geometry":{"type":"Point","coordinates":[118.8134382,32.0483236]}},{"type":"Feature","properties":{"node_id":"1072062431","node_origin":"osm_node","degree":2,"is_intersection":false,"source":"OpenStreetMap"},"geometry":{"type":"Point","coordinates":[118.8116235,32.0501439]}},{"type":"Feature","properties":{"node_id":"1072062432","node_origin":"osm_node","degree":2,"is_intersection":false,"source":"OpenStreetMap"},"geometry":{"type":"Point","coordinates":[118.8119025,32.0517716]}},{"type":"Feature","properties":{"node_id":"10744555602","node_origin":"osm_node","degree":2,"is_intersection":false,"source":"OpenStreetMap"},"geometry":{"type":"Point","coordinates":[118.8267826,32.0705524]}},{"type":"Feature","properties":{"node_id":"10744555603","node_origin":"osm_node","degree":2,"is_intersection":false,"source":"OpenStreetMap"},"geometry":{"type":"Point","coordinates":[118.8264589,32.0709997]}},{"type":"Feature","properties":{"node_id":"10744555604","node_origin":"osm_node","degree":2,"is_intersection":false,"source":"OpenStreetMap"},"geometry":{"type":"Point","coordinates":[118.8262641,32.0713828]}},{"type":"Feature","properties":{"node_id":"10744555705","node_origin":"osm_node","degree":2,"is_intersection":false,"source":"OpenStreetMap"},"geometry":{"type":"Point","coordinates":[118.8260613,32.0715023]}},{"type":"Feature","properties":{"node_id":"10744555706","node_origin":"osm_node","degree":2,"is_intersection":false,"source":"OpenStreetMap"},"geometry":{"type":"Point","coordinates":[118.8256643,32.0719604]}},{"type":"Feature","properties":{"node_id":"10744555707","node_origin":"osm_node","degree":2,"is_intersection":false,"source":"OpenStreetMap"},"geometry":{"type":"Point","coordinates":[118.8252173,32.0724709]}},{"type":"Feature","properties":{"node_id":"10744555708","node_origin":"osm_node","degree":2,"is_intersection":false,"source":"OpenStreetMap"},"geometry":{"type":"Point","coordinates":[118.8249594,32.0727669]}},{"type":"Feature","properties":{"node_id":"10744555709","node_origin":"osm_node","degree":2,"is_intersection":false,"source":"OpenStreetMap"},"geometry":{"type":"Point","coordinates":[118.8246827,32.073081]}},{"type":"Feature","properties":{"node_id":"10744555710","node_origin":"osm_node","degree":2,"is_intersection":false,"source":"OpenStreetMap"},"geometry":{"type":"Point","coordinates":[118.8245824,32.073154]}},{"type":"Feature","properties":{"node_id":"10744555711","node_origin":"osm_node","degree":2,"is_intersection":false,"source":"OpenStreetMap"},"geometry":{"type":"Point","coordinates":[118.8244173,32.0732639]}},{"type":"Feature","properties":{"node_id":"10744555712","node_origin":"osm_node","degree":2,"is_intersection":false,"source":"OpenStreetMap"},"geometry":{"type":"Point","coordinates":[118.8242757,32.0734169]}},{"type":"Feature","properties":{"node_id":"10744555713","node_origin":"osm_node","degree":2,"is_intersection":false,"source":"OpenStreetMap"},"geometry":{"type":"Point","coordinates":[118.8241636,32.0736248]}},{"type":"Feature","properties":{"node_id":"10744555714","node_origin":"osm_node","degree":2,"is_intersection":false,"source":"OpenStreetMap"},"geometry":{"type":"Point","coordinates":[118.8240362,32.0736938]}},{"type":"Feature","properties":{"node_id":"10744555715","node_origin":"osm_node","degree":2,"is_intersection":false,"source":"OpenStreetMap"},"geometry":{"type":"Point","coordinates":[118.8236575,32.0737318]}},{"type":"Feature","properties":{"node_id":"10744555716","node_origin":"osm_node","degree":2,"is_intersection":false,"source":"OpenStreetMap"},"geometry":{"type":"Point","coordinates":[118.8232611,32.0738217]}},{"type":"Feature","properties":{"node_id":"10744555717","node_origin":"osm_node","degree":2,"is_intersection":false,"source":"OpenStreetMap"},"geometry":{"type":"Point","coordinates":[118.8228506,32.0739297]}},{"type":"Feature","properties":{"node_id":"10744555718","node_origin":"osm_node","degree":2,"is_intersection":false,"source":"OpenStreetMap"},"geometry":{"type":"Point","coordinates":[118.8223232,32.0740187]}},{"type":"Feature","properties":{"node_id":"10744555719","node_origin":"osm_node","degree":2,"is_intersection":false,"source":"OpenStreetMap"},"geometry":{"type":"Point","coordinates":[118.8219174,32.0741386]}},{"type":"Feature","properties":{"node_id":"10744555720","node_origin":"osm_node","degree":2,"is_intersection":false,"source":"OpenStreetMap"},"geometry":{"type":"Point","coordinates":[118.8215953,32.0742626]}},{"type":"Feature","properties":{"node_id":"10744555721","node_origin":"osm_node","degree":2,"is_intersection":false,"source":"OpenStreetMap"},"geometry":{"type":"Point","coordinates":[118.8213488,32.0742576]}},{"type":"Feature","properties":{"node_id":"10744555722","node_origin":"osm_node","degree":2,"is_intersection":false,"source":"OpenStreetMap"},"geometry":{"type":"Point","coordinates":[118.8210397,32.0743396]}},{"type":"Feature","properties":{"node_id":"10744555723","node_origin":"osm_node","degree":2,"is_intersection":false,"source":"OpenStreetMap"},"geometry":{"type":"Point","coordinates":[118.8209288,32.0743665]}},{"type":"Feature","properties":{"node_id":"10744555724","node_origin":"osm_node","degree":2,"is_intersection":false,"source":"OpenStreetMap"},"geometry":{"type":"Point","coordinates":[118.8207377,32.0743076]}},{"type":"Feature","properties":{"node_id":"10744555725","node_origin":"osm_node","degree":2,"is_intersection":false,"source":"OpenStreetMap"},"geometry":{"type":"Point","coordinates":[118.8206398,32.0743216]}},{"type":"Feature","properties":{"node_id":"10744555726","node_origin":"osm_node","degree":2,"is_intersection":false,"source":"OpenStreetMap"},"geometry":{"type":"Point","coordinates":[118.820359,32.0744075]}},{"type":"Feature","properties":{"node_id":"10744555727","node_origin":"osm_node","degree":2,"is_intersection":false,"source":"OpenStreetMap"},"geometry":{"type":"Point","coordinates":[118.8201785,32.0745055]}},{"type":"Feature","properties":{"node_id":"10744555728","node_origin":"osm_node","degree":1,"is_intersection":false,"source":"OpenStreetMap"},"geometry":{"type":"Point","coordinates":[118.8200145,32.0745565]}},{"type":"Feature","properties":{"node_id":"10766314754","node_origin":"osm_node","degree":2,"is_intersection":false,"source":"OpenStreetMap"},"geometry":{"type":"Point","coordinates":[118.8039702,32.0818797]}},{"type":"Feature","properties":{"node_id":"10797198592","node_origin":"osm_node","degree":2,"is_intersection":false,"source":"OpenStreetMap"},"geometry":{"type":"Point","coordinates":[118.8201404,32.0410104]}},{"type":"Feature","properties":{"node_id":"10797198593","node_origin":"osm_node","degree":2,"is_intersection":false,"source":"OpenStreetMap"},"geometry":{"type":"Point","coordinates":[118.819155,32.04108]}},{"type":"Feature","properties":{"node_id":"10797198594","node_origin":"osm_node","degree":2,"is_intersection":false,"source":"OpenStreetMap"},"geometry":{"type":"Point","coordinates":[118.819084,32.0410249]}},{"type":"Feature","properties":{"node_id":"10797198596","node_origin":"osm_node","degree":2,"is_intersection":false,"source":"OpenStreetMap"},"geometry":{"type":"Point","coordinates":[118.8215606,32.0406713]}},{"type":"Feature","properties":{"node_id":"10797201057","node_origin":"osm_node","degree":2,"is_intersection":false,"source":"OpenStreetMap"},"geometry":{"type":"Point","coordinates":[118.8224248,32.04051]}},{"type":"Feature","properties":{"node_id":"10797201059","node_origin":"osm_node","degree":2,"is_intersection":false,"source":"OpenStreetMap"},"geometry":{"type":"Point","coordinates":[118.8234409,32.0405689]}},{"type":"Feature","properties":{"node_id":"10797201060","node_origin":"osm_node","degree":2,"is_intersection":false,"source":"OpenStreetMap"},"geometry":{"type":"Point","coordinates":[118.8242073,32.0408059]}},{"type":"Feature","properties":{"node_id":"10797201085","node_origin":"osm_node","degree":2,"is_intersection":false,"source":"OpenStreetMap"},"geometry":{"type":"Point","coordinates":[118.8211556,32.0410814]}},{"type":"Feature","properties":{"node_id":"10797201086","node_origin":"osm_node","degree":2,"is_intersection":false,"source":"OpenStreetMap"},"geometry":{"type":"Point","coordinates":[118.8206486,32.0410538]}},{"type":"Feature","properties":{"node_id":"10797201087","node_origin":"osm_node","degree":2,"is_intersection":false,"source":"OpenStreetMap"},"geometry":{"type":"Point","coordinates":[118.8203749,32.04103]}},{"type":"Feature","properties":{"node_id":"10797201088","node_origin":"osm_node","degree":2,"is_intersection":false,"source":"OpenStreetMap"},"geometry":{"type":"Point","coordinates":[118.8205193,32.0410348]}},{"type":"Feature","properties":{"node_id":"10797201089","node_origin":"osm_node","degree":2,"is_intersection":false,"source":"OpenStreetMap"},"geometry":{"type":"Point","coordinates":[118.8205894,32.041043]}},{"type":"Feature","properties":{"node_id":"10797201090","node_origin":"osm_node","degree":2,"is_intersection":false,"source":"OpenStreetMap"},"geometry":{"type":"Point","coordinates":[118.8205558,32.0410379]}},{"type":"Feature","properties":{"node_id":"10797201091","node_origin":"osm_node","degree":2,"is_intersection":false,"source":"OpenStreetMap"},"geometry":{"type":"Point","coordinates":[118.8220501,32.0410955]}},{"type":"Feature","properties":{"node_id":"10797201092","node_origin":"osm_node","degree":2,"is_intersection":false,"source":"OpenStreetMap"},"geometry":{"type":"Point","coordinates":[118.8223439,32.0411101]}},{"type":"Feature","properties":{"node_id":"10797201093","node_origin":"osm_node","degree":2,"is_intersection":false,"source":"OpenStreetMap"},"geometry":{"type":"Point","coordinates":[118.8224237,32.0411183]}},{"type":"Feature","properties":{"node_id":"10797201094","node_origin":"osm_node","degree":2,"is_intersection":false,"source":"OpenStreetMap"},"geometry":{"type":"Point","coordinates":[118.8225365,32.0404993]}},{"type":"Feature","properties":{"node_id":"10798822021","node_origin":"osm_node","degree":2,"is_intersection":false,"source":"OpenStreetMap"},"geometry":{"type":"Point","coordinates":[118.8182823,32.0411345]}},{"type":"Feature","properties":{"node_id":"10798822022","node_origin":"osm_node","degree":2,"is_intersection":false,"source":"OpenStreetMap"},"geometry":{"type":"Point","coordinates":[118.818277,32.0410763]}},{"type":"Feature","properties":{"node_id":"10798822023","node_origin":"osm_node","degree":4,"is_intersection":true,"source":"OpenStreetMap"},"geometry":{"type":"Point","coordinates":[118.8173854,32.0412044]}},{"type":"Feature","properties":{"node_id":"10798822025","node_origin":"osm_node","degree":2,"is_intersection":false,"source":"OpenStreetMap"},"geometry":{"type":"Point","coordinates":[118.8165033,32.0412732]}},{"type":"Feature","properties":{"node_id":"10798822026","node_origin":"osm_node","degree":2,"is_intersection":false,"source":"OpenStreetMap"},"geometry":{"type":"Point","coordinates":[118.8164924,32.0411983]}},{"type":"Feature","properties":{"node_id":"10798822027","node_origin":"osm_node","degree":3,"is_intersection":true,"source":"OpenStreetMap"},"geometry":{"type":"Point","coordinates":[118.8175058,32.0424247]}},{"type":"Feature","properties":{"node_id":"10798822028","node_origin":"osm_node","degree":2,"is_intersection":false,"source":"OpenStreetMap"},"geometry":{"type":"Point","coordinates":[118.8174163,32.0424112]}},{"type":"Feature","properties":{"node_id":"10798822029","node_origin":"osm_node","degree":4,"is_intersection":true,"source":"OpenStreetMap"},"geometry":{"type":"Point","coordinates":[118.8173015,32.041211]}},{"type":"Feature","properties":{"node_id":"10798822030","node_origin":"osm_node","degree":4,"is_intersection":true,"source":"OpenStreetMap"},"geometry":{"type":"Point","coordinates":[118.8173298,32.041141]}},{"type":"Feature","properties":{"node_id":"10798822045","node_origin":"osm_node","degree":2,"is_intersection":false,"source":"OpenStreetMap"},"geometry":{"type":"Point","coordinates":[118.8150837,32.0412974]}},{"type":"Feature","properties":{"node_id":"10798822046","node_origin":"osm_node","degree":2,"is_intersection":false,"source":"OpenStreetMap"},"geometry":{"type":"Point","coordinates":[118.8125702,32.041474]}},{"type":"Feature","properties":{"node_id":"10798822047","node_origin":"osm_node","degree":4,"is_intersection":true,"source":"OpenStreetMap"},"geometry":{"type":"Point","coordinates":[118.8133292,32.0414207]}},{"type":"Feature","properties":{"node_id":"10798822048","node_origin":"osm_node","degree":4,"is_intersection":true,"source":"OpenStreetMap"},"geometry":{"type":"Point","coordinates":[118.8133367,32.041485]}},{"type":"Feature","properties":{"node_id":"10798822051","node_origin":"osm_node","degree":2,"is_intersection":false,"source":"OpenStreetMap"},"geometry":{"type":"Point","coordinates":[118.8126095,32.0415362]}},{"type":"Feature","properties":{"node_id":"10798822052","node_origin":"osm_node","degree":2,"is_intersection":false,"source":"OpenStreetMap"},"geometry":{"type":"Point","coordinates":[118.8148326,32.0413796]}},{"type":"Feature","properties":{"node_id":"10798822053","node_origin":"osm_node","degree":2,"is_intersection":false,"source":"OpenStreetMap"},"geometry":{"type":"Point","coordinates":[118.8125991,32.041472]}},{"type":"Feature","properties":{"node_id":"10798822055","node_origin":"osm_node","degree":2,"is_intersection":false,"source":"OpenStreetMap"},"geometry":{"type":"Point","coordinates":[118.8114565,32.0416236]}},{"type":"Feature","properties":{"node_id":"10798822056","node_origin":"osm_node","degree":2,"is_intersection":false,"source":"OpenStreetMap"},"geometry":{"type":"Point","coordinates":[118.8115114,32.0415457]}},{"type":"Feature","properties":{"node_id":"10798822057","node_origin":"osm_node","degree":2,"is_intersection":false,"source":"OpenStreetMap"},"geometry":{"type":"Point","coordinates":[118.8122583,32.0451992]}},{"type":"Feature","properties":{"node_id":"10798822058","node_origin":"osm_node","degree":2,"is_intersection":false,"source":"OpenStreetMap"},"geometry":{"type":"Point","coordinates":[118.81224,32.045136]}},{"type":"Feature","properties":{"node_id":"10798822059","node_origin":"osm_node","degree":2,"is_intersection":false,"source":"OpenStreetMap"},"geometry":{"type":"Point","coordinates":[118.8122964,32.0452761]}},{"type":"Feature","properties":{"node_id":"10798822060","node_origin":"osm_node","degree":2,"is_intersection":false,"source":"OpenStreetMap"},"geometry":{"type":"Point","coordinates":[118.812431,32.045449]}},{"type":"Feature","properties":{"node_id":"10798822061","node_origin":"osm_node","degree":2,"is_intersection":false,"source":"OpenStreetMap"},"geometry":{"type":"Point","coordinates":[118.8124901,32.0454977]}},{"type":"Feature","properties":{"node_id":"10798822062","node_origin":"osm_node","degree":2,"is_intersection":false,"source":"OpenStreetMap"},"geometry":{"type":"Point","coordinates":[118.8126691,32.0455904]}},{"type":"Feature","properties":{"node_id":"10798822063","node_origin":"osm_node","degree":2,"is_intersection":false,"source":"OpenStreetMap"},"geometry":{"type":"Point","coordinates":[118.8127571,32.045617]}},{"type":"Feature","properties":{"node_id":"10798822064","node_origin":"osm_node","degree":2,"is_intersection":false,"source":"OpenStreetMap"},"geometry":{"type":"Point","coordinates":[118.8129012,32.0456907]}},{"type":"Feature","properties":{"node_id":"10798822065","node_origin":"osm_node","degree":2,"is_intersection":false,"source":"OpenStreetMap"},"geometry":{"type":"Point","coordinates":[118.8129553,32.0457549]}},{"type":"Feature","properties":{"node_id":"10798822066","node_origin":"osm_node","degree":2,"is_intersection":false,"source":"OpenStreetMap"},"geometry":{"type":"Point","coordinates":[118.8129914,32.0458115]}},{"type":"Feature","properties":{"node_id":"10798822067","node_origin":"osm_node","degree":2,"is_intersection":false,"source":"OpenStreetMap"},"geometry":{"type":"Point","coordinates":[118.8130131,32.0458742]}},{"type":"Feature","properties":{"node_id":"10798822068","node_origin":"osm_node","degree":2,"is_intersection":false,"source":"OpenStreetMap"},"geometry":{"type":"Point","coordinates":[118.8130275,32.0460394]}},{"type":"Feature","properties":{"node_id":"10798822069","node_origin":"osm_node","degree":3,"is_intersection":true,"source":"OpenStreetMap"},"geometry":{"type":"Point","coordinates":[118.8131891,32.0474667]}},{"type":"Feature","properties":{"node_id":"10798822070","node_origin":"osm_node","degree":2,"is_intersection":false,"source":"OpenStreetMap"},"geometry":{"type":"Point","coordinates":[118.8132061,32.0456937]}},{"type":"Feature","properties":{"node_id":"10798822071","node_origin":"osm_node","degree":2,"is_intersection":false,"source":"OpenStreetMap"},"geometry":{"type":"Point","coordinates":[118.813161,32.0457763]}},{"type":"Feature","properties":{"node_id":"10798822072","node_origin":"osm_node","degree":2,"is_intersection":false,"source":"OpenStreetMap"},"geometry":{"type":"Point","coordinates":[118.8131448,32.0459017]}},{"type":"Feature","properties":{"node_id":"10798822073","node_origin":"osm_node","degree":3,"is_intersection":true,"source":"OpenStreetMap"},"geometry":{"type":"Point","coordinates":[118.8133492,32.0474561]}},{"type":"Feature","properties":{"node_id":"10798822074","node_origin":"osm_node","degree":2,"is_intersection":false,"source":"OpenStreetMap"},"geometry":{"type":"Point","coordinates":[118.8133459,32.0455978]}},{"type":"Feature","properties":{"node_id":"10798822080","node_origin":"osm_node","degree":2,"is_intersection":false,"source":"OpenStreetMap"},"geometry":{"type":"Point","coordinates":[118.8131439,32.0458421]}},{"type":"Feature","properties":{"node_id":"10798822081","node_origin":"osm_node","degree":2,"is_intersection":false,"source":"OpenStreetMap"},"geometry":{"type":"Point","coordinates":[118.8131728,32.0457396]}},{"type":"Feature","properties":{"node_id":"10798822084","node_origin":"osm_node","degree":2,"is_intersection":false,"source":"OpenStreetMap"},"geometry":{"type":"Point","coordinates":[118.8116361,32.039374]}},{"type":"Feature","properties":{"node_id":"10798822085","node_origin":"osm_node","degree":2,"is_intersection":false,"source":"OpenStreetMap"},"geometry":{"type":"Point","coordinates":[118.8116372,32.0394913]}},{"type":"Feature","properties":{"node_id":"10798822086","node_origin":"osm_node","degree":2,"is_intersection":false,"source":"OpenStreetMap"},"geometry":{"type":"Point","coordinates":[118.8116586,32.0392659]}},{"type":"Feature","properties":{"node_id":"10798822087","node_origin":"osm_node","degree":2,"is_intersection":false,"source":"OpenStreetMap"},"geometry":{"type":"Point","coordinates":[118.8116401,32.0393154]}},{"type":"Feature","properties":{"node_id":"10798822088","node_origin":"osm_node","degree":2,"is_intersection":false,"source":"OpenStreetMap"},"geometry":{"type":"Point","coordinates":[118.8116986,32.0392057]}},{"type":"Feature","properties":{"node_id":"10798822089","node_origin":"osm_node","degree":2,"is_intersection":false,"source":"OpenStreetMap"},"geometry":{"type":"Point","coordinates":[118.8119518,32.0391007]}},{"type":"Feature","properties":{"node_id":"10798822090","node_origin":"osm_node","degree":2,"is_intersection":false,"source":"OpenStreetMap"},"geometry":{"type":"Point","coordinates":[118.8120602,32.0390798]}},{"type":"Feature","properties":{"node_id":"10798822091","node_origin":"osm_node","degree":2,"is_intersection":false,"source":"OpenStreetMap"},"geometry":{"type":"Point","coordinates":[118.8127201,32.039053]}},{"type":"Feature","properties":{"node_id":"10798822092","node_origin":"osm_node","degree":2,"is_intersection":false,"source":"OpenStreetMap"},"geometry":{"type":"Point","coordinates":[118.8129799,32.0391301]}},{"type":"Feature","properties":{"node_id":"10798822093","node_origin":"osm_node","degree":2,"is_intersection":false,"source":"OpenStreetMap"},"geometry":{"type":"Point","coordinates":[118.8127892,32.0390588]}},{"type":"Feature","properties":{"node_id":"10798822094","node_origin":"osm_node","degree":2,"is_intersection":false,"source":"OpenStreetMap"},"geometry":{"type":"Point","coordinates":[118.8129246,32.0390943]}},{"type":"Feature","properties":{"node_id":"10798822095","node_origin":"osm_node","degree":2,"is_intersection":false,"source":"OpenStreetMap"},"geometry":{"type":"Point","coordinates":[118.8130281,32.0391706]}},{"type":"Feature","properties":{"node_id":"10798822096","node_origin":"osm_node","degree":2,"is_intersection":false,"source":"OpenStreetMap"},"geometry":{"type":"Point","coordinates":[118.8130995,32.0393627]}},{"type":"Feature","properties":{"node_id":"10798822097","node_origin":"osm_node","degree":2,"is_intersection":false,"source":"OpenStreetMap"},"geometry":{"type":"Point","coordinates":[118.8130666,32.0392206]}},{"type":"Feature","properties":{"node_id":"10798825010","node_origin":"osm_node","degree":2,"is_intersection":false,"source":"OpenStreetMap"},"geometry":{"type":"Point","coordinates":[118.810184,32.0417042]}},{"type":"Feature","properties":{"node_id":"10798825011","node_origin":"osm_node","degree":2,"is_intersection":false,"source":"OpenStreetMap"},"geometry":{"type":"Point","coordinates":[118.8101733,32.0416193]}},{"type":"Feature","properties":{"node_id":"10798825014","node_origin":"osm_node","degree":2,"is_intersection":false,"source":"OpenStreetMap"},"geometry":{"type":"Point","coordinates":[118.8054999,32.0420123]}},{"type":"Feature","properties":{"node_id":"10798825015","node_origin":"osm_node","degree":2,"is_intersection":false,"source":"OpenStreetMap"},"geometry":{"type":"Point","coordinates":[118.8063647,32.041868]}},{"type":"Feature","properties":{"node_id":"10798825016","node_origin":"osm_node","degree":2,"is_intersection":false,"source":"OpenStreetMap"},"geometry":{"type":"Point","coordinates":[118.8054935,32.0419225]}},{"type":"Feature","properties":{"node_id":"10798825017","node_origin":"osm_node","degree":2,"is_intersection":false,"source":"OpenStreetMap"},"geometry":{"type":"Point","coordinates":[118.8077273,32.0418658]}},{"type":"Feature","properties":{"node_id":"10798825018","node_origin":"osm_node","degree":2,"is_intersection":false,"source":"OpenStreetMap"},"geometry":{"type":"Point","coordinates":[118.8082573,32.041831]}},{"type":"Feature","properties":{"node_id":"10798825019","node_origin":"osm_node","degree":2,"is_intersection":false,"source":"OpenStreetMap"},"geometry":{"type":"Point","coordinates":[118.8082632,32.041744]}},{"type":"Feature","properties":{"node_id":"10798825020","node_origin":"osm_node","degree":2,"is_intersection":false,"source":"OpenStreetMap"},"geometry":{"type":"Point","coordinates":[118.8077331,32.0417786]}},{"type":"Feature","properties":{"node_id":"10800535783","node_origin":"osm_node","degree":3,"is_intersection":true,"source":"OpenStreetMap"},"geometry":{"type":"Point","coordinates":[118.8013022,32.0422285]}},{"type":"Feature","properties":{"node_id":"10800535784","node_origin":"osm_node","degree":2,"is_intersection":false,"source":"OpenStreetMap"},"geometry":{"type":"Point","coordinates":[118.8038501,32.0421337]}},{"type":"Feature","properties":{"node_id":"10800535785","node_origin":"osm_node","degree":2,"is_intersection":false,"source":"OpenStreetMap"},"geometry":{"type":"Point","coordinates":[118.8015369,32.0422881]}},{"type":"Feature","properties":{"node_id":"10800535786","node_origin":"osm_node","degree":4,"is_intersection":true,"source":"OpenStreetMap"},"geometry":{"type":"Point","coordinates":[118.7995397,32.0424555]}},{"type":"Feature","properties":{"node_id":"10800535787","node_origin":"osm_node","degree":4,"is_intersection":true,"source":"OpenStreetMap"},"geometry":{"type":"Point","coordinates":[118.7992286,32.0424827]}},{"type":"Feature","properties":{"node_id":"10800535788","node_origin":"osm_node","degree":2,"is_intersection":false,"source":"OpenStreetMap"},"geometry":{"type":"Point","coordinates":[118.7983955,32.042542]}},{"type":"Feature","properties":{"node_id":"10800535790","node_origin":"osm_node","degree":2,"is_intersection":false,"source":"OpenStreetMap"},"geometry":{"type":"Point","coordinates":[118.8020522,32.0421772]}},{"type":"Feature","properties":{"node_id":"10800535791","node_origin":"osm_node","degree":4,"is_intersection":true,"source":"OpenStreetMap"},"geometry":{"type":"Point","coordinates":[118.7995185,32.0423504]}},{"type":"Feature","properties":{"node_id":"10800535792","node_origin":"osm_node","degree":4,"is_intersection":true,"source":"OpenStreetMap"},"geometry":{"type":"Point","coordinates":[118.7992016,32.0423733]}},{"type":"Feature","properties":{"node_id":"10800535794","node_origin":"osm_node","degree":2,"is_intersection":false,"source":"OpenStreetMap"},"geometry":{"type":"Point","coordinates":[118.7984688,32.0425368]}},{"type":"Feature","properties":{"node_id":"10800535795","node_origin":"osm_node","degree":2,"is_intersection":false,"source":"OpenStreetMap"},"geometry":{"type":"Point","coordinates":[118.7989986,32.0424991]}},{"type":"Feature","properties":{"node_id":"10800535796","node_origin":"osm_node","degree":2,"is_intersection":false,"source":"OpenStreetMap"},"geometry":{"type":"Point","coordinates":[118.798967,32.0423896]}},{"type":"Feature","properties":{"node_id":"10800535797","node_origin":"osm_node","degree":2,"is_intersection":false,"source":"OpenStreetMap"},"geometry":{"type":"Point","coordinates":[118.7984371,32.0424263]}},{"type":"Feature","properties":{"node_id":"10800535798","node_origin":"osm_node","degree":4,"is_intersection":true,"source":"OpenStreetMap"},"geometry":{"type":"Point","coordinates":[118.8053071,32.0419363]}},{"type":"Feature","properties":{"node_id":"10800535799","node_origin":"osm_node","degree":2,"is_intersection":false,"source":"OpenStreetMap"},"geometry":{"type":"Point","coordinates":[118.7813579,32.0436744]}},{"type":"Feature","properties":{"node_id":"10800535800","node_origin":"osm_node","degree":2,"is_intersection":false,"source":"OpenStreetMap"},"geometry":{"type":"Point","coordinates":[118.7812747,32.0435931]}},{"type":"Feature","properties":{"node_id":"10800535803","node_origin":"osm_node","degree":2,"is_intersection":false,"source":"OpenStreetMap"},"geometry":{"type":"Point","coordinates":[118.7823588,32.0436169]}},{"type":"Feature","properties":{"node_id":"10800535804","node_origin":"osm_node","degree":2,"is_intersection":false,"source":"OpenStreetMap"},"geometry":{"type":"Point","coordinates":[118.7823346,32.0435271]}},{"type":"Feature","properties":{"node_id":"10807130398","node_origin":"osm_node","degree":2,"is_intersection":false,"source":"OpenStreetMap"},"geometry":{"type":"Point","coordinates":[118.7846674,32.0646119]}},{"type":"Feature","properties":{"node_id":"10807130399","node_origin":"osm_node","degree":2,"is_intersection":false,"source":"OpenStreetMap"},"geometry":{"type":"Point","coordinates":[118.7837025,32.0654702]}},{"type":"Feature","properties":{"node_id":"10807130400","node_origin":"osm_node","degree":2,"is_intersection":false,"source":"OpenStreetMap"},"geometry":{"type":"Point","coordinates":[118.7825541,32.0663251]}},{"type":"Feature","properties":{"node_id":"10858165579","node_origin":"osm_node","degree":3,"is_intersection":true,"source":"OpenStreetMap"},"geometry":{"type":"Point","coordinates":[118.7800241,32.071492]}},{"type":"Feature","properties":{"node_id":"10858165581","node_origin":"osm_node","degree":2,"is_intersection":false,"source":"OpenStreetMap"},"geometry":{"type":"Point","coordinates":[118.7811982,32.0716212]}},{"type":"Feature","properties":{"node_id":"10858249285","node_origin":"osm_node","degree":3,"is_intersection":true,"source":"OpenStreetMap"},"geometry":{"type":"Point","coordinates":[118.7708417,32.0637688]}},{"type":"Feature","properties":{"node_id":"10858249286","node_origin":"osm_node","degree":3,"is_intersection":true,"source":"OpenStreetMap"},"geometry":{"type":"Point","coordinates":[118.7708081,32.0639322]}},{"type":"Feature","properties":{"node_id":"10858249287","node_origin":"osm_node","degree":2,"is_intersection":false,"source":"OpenStreetMap"},"geometry":{"type":"Point","coordinates":[118.7707558,32.0641695]}},{"type":"Feature","properties":{"node_id":"1087903642","node_origin":"osm_node","degree":2,"is_intersection":false,"source":"OpenStreetMap"},"geometry":{"type":"Point","coordinates":[118.7690668,32.0529456]}},{"type":"Feature","properties":{"node_id":"1087907068","node_origin":"osm_node","degree":2,"is_intersection":false,"source":"OpenStreetMap"},"geometry":{"type":"Point","coordinates":[118.7760362,32.0667738]}},{"type":"Feature","properties":{"node_id":"1087907069","node_origin":"osm_node","degree":3,"is_intersection":true,"source":"OpenStreetMap"},"geometry":{"type":"Point","coordinates":[118.7775919,32.0668283]}},{"type":"Feature","properties":{"node_id":"1087907070","node_origin":"osm_node","degree":3,"is_intersection":true,"source":"OpenStreetMap"},"geometry":{"type":"Point","coordinates":[118.7749659,32.0652843]}},{"type":"Feature","properties":{"node_id":"1087907072","node_origin":"osm_node","degree":2,"is_intersection":false,"source":"OpenStreetMap"},"geometry":{"type":"Point","coordinates":[118.7780318,32.0647099]}},{"type":"Feature","properties":{"node_id":"1087907073","node_origin":"osm_node","degree":2,"is_intersection":false,"source":"OpenStreetMap"},"geometry":{"type":"Point","coordinates":[118.7747809,32.0677557]}},{"type":"Feature","properties":{"node_id":"1087907078","node_origin":"osm_node","degree":2,"is_intersection":false,"source":"OpenStreetMap"},"geometry":{"type":"Point","coordinates":[118.7807891,32.0648008]}},{"type":"Feature","properties":{"node_id":"1087907080","node_origin":"osm_node","degree":2,"is_intersection":false,"source":"OpenStreetMap"},"geometry":{"type":"Point","coordinates":[118.7752225,32.0667762]}},{"type":"Feature","properties":{"node_id":"1087907082","node_origin":"osm_node","degree":2,"is_intersection":false,"source":"OpenStreetMap"},"geometry":{"type":"Point","coordinates":[118.7751135,32.0671193]}},{"type":"Feature","properties":{"node_id":"1087907084","node_origin":"osm_node","degree":2,"is_intersection":false,"source":"OpenStreetMap"},"geometry":{"type":"Point","coordinates":[118.7778601,32.0668011]}},{"type":"Feature","properties":{"node_id":"1087907086","node_origin":"osm_node","degree":2,"is_intersection":false,"source":"OpenStreetMap"},"geometry":{"type":"Point","coordinates":[118.779566,32.0646826]}},{"type":"Feature","properties":{"node_id":"1087907087","node_origin":"osm_node","degree":3,"is_intersection":true,"source":"OpenStreetMap"},"geometry":{"type":"Point","coordinates":[118.7813545,32.0648289]}},{"type":"Feature","properties":{"node_id":"1087907088","node_origin":"osm_node","degree":2,"is_intersection":false,"source":"OpenStreetMap"},"geometry":{"type":"Point","coordinates":[118.7767551,32.0649099]}},{"type":"Feature","properties":{"node_id":"1087907090","node_origin":"osm_node","degree":4,"is_intersection":true,"source":"OpenStreetMap"},"geometry":{"type":"Point","coordinates":[118.7761367,32.0650393]}},{"type":"Feature","properties":{"node_id":"1087907094","node_origin":"osm_node","degree":3,"is_intersection":true,"source":"OpenStreetMap"},"geometry":{"type":"Point","coordinates":[118.7743142,32.068359]}},{"type":"Feature","properties":{"node_id":"1087907097","node_origin":"osm_node","degree":2,"is_intersection":false,"source":"OpenStreetMap"},"geometry":{"type":"Point","coordinates":[118.7785897,32.0646735]}},{"type":"Feature","properties":{"node_id":"1087908216","node_origin":"osm_node","degree":2,"is_intersection":false,"source":"OpenStreetMap"},"geometry":{"type":"Point","coordinates":[118.776401,32.0697741]}},{"type":"Feature","properties":{"node_id":"1087908218","node_origin":"osm_node","degree":3,"is_intersection":true,"source":"OpenStreetMap"},"geometry":{"type":"Point","coordinates":[118.7752348,32.0696784]}},{"type":"Feature","properties":{"node_id":"1087908219","node_origin":"osm_node","degree":4,"is_intersection":true,"source":"OpenStreetMap"},"geometry":{"type":"Point","coordinates":[118.7769589,32.0698195]}},{"type":"Feature","properties":{"node_id":"1087908221","node_origin":"osm_node","degree":3,"is_intersection":true,"source":"OpenStreetMap"},"geometry":{"type":"Point","coordinates":[118.776719,32.0712619]}},{"type":"Feature","properties":{"node_id":"10951684499","node_origin":"osm_node","degree":1,"is_intersection":false,"source":"OpenStreetMap"},"geometry":{"type":"Point","coordinates":[118.7790211,32.0514868]}},{"type":"Feature","properties":{"node_id":"10951684500","node_origin":"osm_node","degree":4,"is_intersection":true,"source":"OpenStreetMap"},"geometry":{"type":"Point","coordinates":[118.7789567,32.0478734]}},{"type":"Feature","properties":{"node_id":"10951684501","node_origin":"osm_node","degree":2,"is_intersection":false,"source":"OpenStreetMap"},"geometry":{"type":"Point","coordinates":[118.7789705,32.0527044]}},{"type":"Feature","properties":{"node_id":"10951684502","node_origin":"osm_node","degree":4,"is_intersection":true,"source":"OpenStreetMap"},"geometry":{"type":"Point","coordinates":[118.7789641,32.0496966]}},{"type":"Feature","properties":{"node_id":"10951684503","node_origin":"osm_node","degree":2,"is_intersection":false,"source":"OpenStreetMap"},"geometry":{"type":"Point","coordinates":[118.7789694,32.0521881]}},{"type":"Feature","properties":{"node_id":"10951684504","node_origin":"osm_node","degree":4,"is_intersection":true,"source":"OpenStreetMap"},"geometry":{"type":"Point","coordinates":[118.7789699,32.0523872]}},{"type":"Feature","properties":{"node_id":"10951715705","node_origin":"osm_node","degree":2,"is_intersection":false,"source":"OpenStreetMap"},"geometry":{"type":"Point","coordinates":[118.7789701,32.0524989]}},{"type":"Feature","properties":{"node_id":"10951715706","node_origin":"osm_node","degree":2,"is_intersection":false,"source":"OpenStreetMap"},"geometry":{"type":"Point","coordinates":[118.778961,32.0542305]}},{"type":"Feature","properties":{"node_id":"10951715708","node_origin":"osm_node","degree":2,"is_intersection":false,"source":"OpenStreetMap"},"geometry":{"type":"Point","coordinates":[118.7788371,32.0542088]}},{"type":"Feature","properties":{"node_id":"10951715709","node_origin":"osm_node","degree":2,"is_intersection":false,"source":"OpenStreetMap"},"geometry":{"type":"Point","coordinates":[118.7787872,32.0569817]}},{"type":"Feature","properties":{"node_id":"10951715710","node_origin":"osm_node","degree":2,"is_intersection":false,"source":"OpenStreetMap"},"geometry":{"type":"Point","coordinates":[118.7788995,32.0569776]}},{"type":"Feature","properties":{"node_id":"10951715711","node_origin":"osm_node","degree":2,"is_intersection":false,"source":"OpenStreetMap"},"geometry":{"type":"Point","coordinates":[118.7789038,32.0564121]}},{"type":"Feature","properties":{"node_id":"10951715712","node_origin":"osm_node","degree":2,"is_intersection":false,"source":"OpenStreetMap"},"geometry":{"type":"Point","coordinates":[118.7790375,32.0560605]}},{"type":"Feature","properties":{"node_id":"10951715714","node_origin":"osm_node","degree":5,"is_intersection":true,"source":"OpenStreetMap"},"geometry":{"type":"Point","coordinates":[118.7789133,32.0560501]}},{"type":"Feature","properties":{"node_id":"10951715715","node_origin":"osm_node","degree":4,"is_intersection":true,"source":"OpenStreetMap"},"geometry":{"type":"Point","coordinates":[118.7789596,32.0542825]}},{"type":"Feature","properties":{"node_id":"10951715716","node_origin":"osm_node","degree":5,"is_intersection":true,"source":"OpenStreetMap"},"geometry":{"type":"Point","coordinates":[118.7788041,32.0560409]}},{"type":"Feature","properties":{"node_id":"10951715717","node_origin":"osm_node","degree":2,"is_intersection":false,"source":"OpenStreetMap"},"geometry":{"type":"Point","coordinates":[118.7787421,32.0562209]}},{"type":"Feature","properties":{"node_id":"10951715718","node_origin":"osm_node","degree":2,"is_intersection":false,"source":"OpenStreetMap"},"geometry":{"type":"Point","coordinates":[118.7787912,32.0601484]}},{"type":"Feature","properties":{"node_id":"10951715719","node_origin":"osm_node","degree":2,"is_intersection":false,"source":"OpenStreetMap"},"geometry":{"type":"Point","coordinates":[118.7789317,32.0601101]}},{"type":"Feature","properties":{"node_id":"10951715720","node_origin":"osm_node","degree":2,"is_intersection":false,"source":"OpenStreetMap"},"geometry":{"type":"Point","coordinates":[118.7787577,32.0583528]}},{"type":"Feature","properties":{"node_id":"10951715721","node_origin":"osm_node","degree":2,"is_intersection":false,"source":"OpenStreetMap"},"geometry":{"type":"Point","coordinates":[118.7785676,32.0612905]}},{"type":"Feature","properties":{"node_id":"10951715722","node_origin":"osm_node","degree":2,"is_intersection":false,"source":"OpenStreetMap"},"geometry":{"type":"Point","coordinates":[118.7784895,32.0611629]}},{"type":"Feature","properties":{"node_id":"10951715723","node_origin":"osm_node","degree":2,"is_intersection":false,"source":"OpenStreetMap"},"geometry":{"type":"Point","coordinates":[118.7785363,32.0604036]}},{"type":"Feature","properties":{"node_id":"10951715724","node_origin":"osm_node","degree":2,"is_intersection":false,"source":"OpenStreetMap"},"geometry":{"type":"Point","coordinates":[118.7787721,32.0613801]}},{"type":"Feature","properties":{"node_id":"10951715725","node_origin":"osm_node","degree":2,"is_intersection":false,"source":"OpenStreetMap"},"geometry":{"type":"Point","coordinates":[118.7789988,32.0613774]}},{"type":"Feature","properties":{"node_id":"10951715726","node_origin":"osm_node","degree":2,"is_intersection":false,"source":"OpenStreetMap"},"geometry":{"type":"Point","coordinates":[118.7790566,32.0613592]}},{"type":"Feature","properties":{"node_id":"10951715727","node_origin":"osm_node","degree":2,"is_intersection":false,"source":"OpenStreetMap"},"geometry":{"type":"Point","coordinates":[118.7791176,32.0613328]}},{"type":"Feature","properties":{"node_id":"10951715728","node_origin":"osm_node","degree":2,"is_intersection":false,"source":"OpenStreetMap"},"geometry":{"type":"Point","coordinates":[118.7791675,32.0612987]}},{"type":"Feature","properties":{"node_id":"10951715729","node_origin":"osm_node","degree":2,"is_intersection":false,"source":"OpenStreetMap"},"geometry":{"type":"Point","coordinates":[118.7792527,32.0611919]}},{"type":"Feature","properties":{"node_id":"10951715730","node_origin":"osm_node","degree":2,"is_intersection":false,"source":"OpenStreetMap"},"geometry":{"type":"Point","coordinates":[118.7792785,32.0611264]}},{"type":"Feature","properties":{"node_id":"10951715731","node_origin":"osm_node","degree":2,"is_intersection":false,"source":"OpenStreetMap"},"geometry":{"type":"Point","coordinates":[118.779276,32.0604705]}},{"type":"Feature","properties":{"node_id":"10951715732","node_origin":"osm_node","degree":2,"is_intersection":false,"source":"OpenStreetMap"},"geometry":{"type":"Point","coordinates":[118.7789498,32.0648429]}},{"type":"Feature","properties":{"node_id":"10951715733","node_origin":"osm_node","degree":2,"is_intersection":false,"source":"OpenStreetMap"},"geometry":{"type":"Point","coordinates":[118.7787517,32.0648013]}},{"type":"Feature","properties":{"node_id":"10951715734","node_origin":"osm_node","degree":2,"is_intersection":false,"source":"OpenStreetMap"},"geometry":{"type":"Point","coordinates":[118.7789571,32.0650971]}},{"type":"Feature","properties":{"node_id":"10951715735","node_origin":"osm_node","degree":2,"is_intersection":false,"source":"OpenStreetMap"},"geometry":{"type":"Point","coordinates":[118.7789421,32.0653008]}},{"type":"Feature","properties":{"node_id":"10951715736","node_origin":"osm_node","degree":3,"is_intersection":true,"source":"OpenStreetMap"},"geometry":{"type":"Point","coordinates":[118.7789053,32.0656772]}},{"type":"Feature","properties":{"node_id":"10951736031","node_origin":"osm_node","degree":4,"is_intersection":true,"source":"OpenStreetMap"},"geometry":{"type":"Point","coordinates":[118.778844,32.046075]}},{"type":"Feature","properties":{"node_id":"10951736032","node_origin":"osm_node","degree":2,"is_intersection":false,"source":"OpenStreetMap"},"geometry":{"type":"Point","coordinates":[118.7787289,32.0461046]}},{"type":"Feature","properties":{"node_id":"10951736033","node_origin":"osm_node","degree":2,"is_intersection":false,"source":"OpenStreetMap"},"geometry":{"type":"Point","coordinates":[118.7783542,32.0461027]}},{"type":"Feature","properties":{"node_id":"10951736034","node_origin":"osm_node","degree":2,"is_intersection":false,"source":"OpenStreetMap"},"geometry":{"type":"Point","coordinates":[118.7781964,32.0461046]}},{"type":"Feature","properties":{"node_id":"10951736035","node_origin":"osm_node","degree":2,"is_intersection":false,"source":"OpenStreetMap"},"geometry":{"type":"Point","coordinates":[118.7781,32.0461059]}},{"type":"Feature","properties":{"node_id":"10951736036","node_origin":"osm_node","degree":2,"is_intersection":false,"source":"OpenStreetMap"},"geometry":{"type":"Point","coordinates":[118.7779893,32.0461155]}},{"type":"Feature","properties":{"node_id":"10951736037","node_origin":"osm_node","degree":2,"is_intersection":false,"source":"OpenStreetMap"},"geometry":{"type":"Point","coordinates":[118.7778489,32.046138]}},{"type":"Feature","properties":{"node_id":"10951736038","node_origin":"osm_node","degree":2,"is_intersection":false,"source":"OpenStreetMap"},"geometry":{"type":"Point","coordinates":[118.7776972,32.0461741]}},{"type":"Feature","properties":{"node_id":"10951736039","node_origin":"osm_node","degree":2,"is_intersection":false,"source":"OpenStreetMap"},"geometry":{"type":"Point","coordinates":[118.7774355,32.0462403]}},{"type":"Feature","properties":{"node_id":"10951736040","node_origin":"osm_node","degree":4,"is_intersection":true,"source":"OpenStreetMap"},"geometry":{"type":"Point","coordinates":[118.7772628,32.0462322]}},{"type":"Feature","properties":{"node_id":"10951736041","node_origin":"osm_node","degree":2,"is_intersection":false,"source":"OpenStreetMap"},"geometry":{"type":"Point","coordinates":[118.7773968,32.0461805]}},{"type":"Feature","properties":{"node_id":"10951736042","node_origin":"osm_node","degree":2,"is_intersection":false,"source":"OpenStreetMap"},"geometry":{"type":"Point","coordinates":[118.7776062,32.0461258]}},{"type":"Feature","properties":{"node_id":"10951736043","node_origin":"osm_node","degree":2,"is_intersection":false,"source":"OpenStreetMap"},"geometry":{"type":"Point","coordinates":[118.777792,32.0460827]}},{"type":"Feature","properties":{"node_id":"10951736044","node_origin":"osm_node","degree":2,"is_intersection":false,"source":"OpenStreetMap"},"geometry":{"type":"Point","coordinates":[118.777965,32.0460512]}},{"type":"Feature","properties":{"node_id":"10951736045","node_origin":"osm_node","degree":2,"is_intersection":false,"source":"OpenStreetMap"},"geometry":{"type":"Point","coordinates":[118.7780765,32.0460416]}},{"type":"Feature","properties":{"node_id":"10951736046","node_origin":"osm_node","degree":2,"is_intersection":false,"source":"OpenStreetMap"},"geometry":{"type":"Point","coordinates":[118.7782624,32.0460416]}},{"type":"Feature","properties":{"node_id":"10951736047","node_origin":"osm_node","degree":2,"is_intersection":false,"source":"OpenStreetMap"},"geometry":{"type":"Point","coordinates":[118.7787236,32.0460442]}},{"type":"Feature","properties":{"node_id":"10951736049","node_origin":"osm_node","degree":3,"is_intersection":true,"source":"OpenStreetMap"},"geometry":{"type":"Point","coordinates":[118.7927806,32.042813]}},{"type":"Feature","properties":{"node_id":"10951736051","node_origin":"osm_node","degree":3,"is_intersection":true,"source":"OpenStreetMap"},"geometry":{"type":"Point","coordinates":[118.7841616,32.0434022]}},{"type":"Feature","properties":{"node_id":"10951736052","node_origin":"osm_node","degree":4,"is_intersection":true,"source":"OpenStreetMap"},"geometry":{"type":"Point","coordinates":[118.7894782,32.0430387]}},{"type":"Feature","properties":{"node_id":"10951736053","node_origin":"osm_node","degree":4,"is_intersection":true,"source":"OpenStreetMap"},"geometry":{"type":"Point","coordinates":[118.7827933,32.0434957]}},{"type":"Feature","properties":{"node_id":"10951736054","node_origin":"osm_node","degree":4,"is_intersection":true,"source":"OpenStreetMap"},"geometry":{"type":"Point","coordinates":[118.7907087,32.0429546]}},{"type":"Feature","properties":{"node_id":"10951736055","node_origin":"osm_node","degree":3,"is_intersection":true,"source":"OpenStreetMap"},"geometry":{"type":"Point","coordinates":[118.7964349,32.0425632]}},{"type":"Feature","properties":{"node_id":"10951736056","node_origin":"osm_node","degree":4,"is_intersection":true,"source":"OpenStreetMap"},"geometry":{"type":"Point","coordinates":[118.7975635,32.042486]}},{"type":"Feature","properties":{"node_id":"10951736057","node_origin":"osm_node","degree":4,"is_intersection":true,"source":"OpenStreetMap"},"geometry":{"type":"Point","coordinates":[118.7879946,32.0432392]}},{"type":"Feature","properties":{"node_id":"10951736058","node_origin":"osm_node","degree":4,"is_intersection":true,"source":"OpenStreetMap"},"geometry":{"type":"Point","coordinates":[118.7940466,32.0428335]}},{"type":"Feature","properties":{"node_id":"10951736059","node_origin":"osm_node","degree":4,"is_intersection":true,"source":"OpenStreetMap"},"geometry":{"type":"Point","coordinates":[118.797565,32.0425977]}},{"type":"Feature","properties":{"node_id":"1095948853","node_origin":"osm_node","degree":2,"is_intersection":false,"source":"OpenStreetMap"},"geometry":{"type":"Point","coordinates":[118.775178,32.0511075]}},{"type":"Feature","properties":{"node_id":"1095948854","node_origin":"osm_node","degree":3,"is_intersection":true,"source":"OpenStreetMap"},"geometry":{"type":"Point","coordinates":[118.7765507,32.0512707]}},{"type":"Feature","properties":{"node_id":"1095948856","node_origin":"osm_node","degree":2,"is_intersection":false,"source":"OpenStreetMap"},"geometry":{"type":"Point","coordinates":[118.7760095,32.0512258]}},{"type":"Feature","properties":{"node_id":"1095948858","node_origin":"osm_node","degree":3,"is_intersection":true,"source":"OpenStreetMap"},"geometry":{"type":"Point","coordinates":[118.7788285,32.0514546]}},{"type":"Feature","properties":{"node_id":"1095948859","node_origin":"osm_node","degree":2,"is_intersection":false,"source":"OpenStreetMap"},"geometry":{"type":"Point","coordinates":[118.7751854,32.0499176]}},{"type":"Feature","properties":{"node_id":"1095948864","node_origin":"osm_node","degree":4,"is_intersection":true,"source":"OpenStreetMap"},"geometry":{"type":"Point","coordinates":[118.7749527,32.0485189]}},{"type":"Feature","properties":{"node_id":"1095948866","node_origin":"osm_node","degree":2,"is_intersection":false,"source":"OpenStreetMap"},"geometry":{"type":"Point","coordinates":[118.7755642,32.0511576]}},{"type":"Feature","properties":{"node_id":"1095948868","node_origin":"osm_node","degree":2,"is_intersection":false,"source":"OpenStreetMap"},"geometry":{"type":"Point","coordinates":[118.7744798,32.046643]}},{"type":"Feature","properties":{"node_id":"1095948869","node_origin":"osm_node","degree":2,"is_intersection":false,"source":"OpenStreetMap"},"geometry":{"type":"Point","coordinates":[118.7747373,32.0476979]}},{"type":"Feature","properties":{"node_id":"1095948870","node_origin":"osm_node","degree":2,"is_intersection":false,"source":"OpenStreetMap"},"geometry":{"type":"Point","coordinates":[118.7740292,32.0455699]}},{"type":"Feature","properties":{"node_id":"1095948872","node_origin":"osm_node","degree":4,"is_intersection":true,"source":"OpenStreetMap"},"geometry":{"type":"Point","coordinates":[118.7780473,32.0514107]}},{"type":"Feature","properties":{"node_id":"1095948873","node_origin":"osm_node","degree":2,"is_intersection":false,"source":"OpenStreetMap"},"geometry":{"type":"Point","coordinates":[118.7750935,32.0494716]}},{"type":"Feature","properties":{"node_id":"1097648862","node_origin":"osm_node","degree":2,"is_intersection":false,"source":"OpenStreetMap"},"geometry":{"type":"Point","coordinates":[118.7785205,32.0401846]}},{"type":"Feature","properties":{"node_id":"11035381778","node_origin":"osm_node","degree":2,"is_intersection":false,"source":"OpenStreetMap"},"geometry":{"type":"Point","coordinates":[118.7993932,32.0530184]}},{"type":"Feature","properties":{"node_id":"11035381782","node_origin":"osm_node","degree":2,"is_intersection":false,"source":"OpenStreetMap"},"geometry":{"type":"Point","coordinates":[118.8019486,32.0523082]}},{"type":"Feature","properties":{"node_id":"11063289167","node_origin":"osm_node","degree":2,"is_intersection":false,"source":"OpenStreetMap"},"geometry":{"type":"Point","coordinates":[118.7753907,32.0801294]}},{"type":"Feature","properties":{"node_id":"11063289168","node_origin":"osm_node","degree":2,"is_intersection":false,"source":"OpenStreetMap"},"geometry":{"type":"Point","coordinates":[118.7754046,32.0799371]}},{"type":"Feature","properties":{"node_id":"1111383579","node_origin":"osm_node","degree":2,"is_intersection":false,"source":"OpenStreetMap"},"geometry":{"type":"Point","coordinates":[118.7826898,32.0681206]}},{"type":"Feature","properties":{"node_id":"1111383586","node_origin":"osm_node","degree":2,"is_intersection":false,"source":"OpenStreetMap"},"geometry":{"type":"Point","coordinates":[118.7823346,32.0698759]}},{"type":"Feature","properties":{"node_id":"1111383601","node_origin":"osm_node","degree":2,"is_intersection":false,"source":"OpenStreetMap"},"geometry":{"type":"Point","coordinates":[118.7801827,32.0715145]}},{"type":"Feature","properties":{"node_id":"1111383614","node_origin":"osm_node","degree":4,"is_intersection":true,"source":"OpenStreetMap"},"geometry":{"type":"Point","coordinates":[118.7789524,32.0713475]}},{"type":"Feature","properties":{"node_id":"1111383626","node_origin":"osm_node","degree":2,"is_intersection":false,"source":"OpenStreetMap"},"geometry":{"type":"Point","coordinates":[118.7869753,32.0673355]}},{"type":"Feature","properties":{"node_id":"1111383631","node_origin":"osm_node","degree":2,"is_intersection":false,"source":"OpenStreetMap"},"geometry":{"type":"Point","coordinates":[118.7825105,32.0691198]}},{"type":"Feature","properties":{"node_id":"1111383670","node_origin":"osm_node","degree":3,"is_intersection":true,"source":"OpenStreetMap"},"geometry":{"type":"Point","coordinates":[118.7828484,32.0676248]}},{"type":"Feature","properties":{"node_id":"1111383695","node_origin":"osm_node","degree":2,"is_intersection":false,"source":"OpenStreetMap"},"geometry":{"type":"Point","coordinates":[118.7819984,32.0714597]}},{"type":"Feature","properties":{"node_id":"1111383712","node_origin":"osm_node","degree":3,"is_intersection":true,"source":"OpenStreetMap"},"geometry":{"type":"Point","coordinates":[118.7819064,32.071686]}},{"type":"Feature","properties":{"node_id":"1111384294","node_origin":"osm_node","degree":2,"is_intersection":false,"source":"OpenStreetMap"},"geometry":{"type":"Point","coordinates":[118.7683596,32.070789]}},{"type":"Feature","properties":{"node_id":"1111402632","node_origin":"osm_node","degree":1,"is_intersection":false,"source":"OpenStreetMap"},"geometry":{"type":"Point","coordinates":[118.782878,32.0727117]}},{"type":"Feature","properties":{"node_id":"11178895232","node_origin":"osm_node","degree":2,"is_intersection":false,"source":"OpenStreetMap"},"geometry":{"type":"Point","coordinates":[118.8261872,32.0466055]}},{"type":"Feature","properties":{"node_id":"1120932546","node_origin":"osm_node","degree":4,"is_intersection":true,"source":"OpenStreetMap"},"geometry":{"type":"Point","coordinates":[118.7856975,32.0477859]}},{"type":"Feature","properties":{"node_id":"1120932549","node_origin":"osm_node","degree":2,"is_intersection":false,"source":"OpenStreetMap"},"geometry":{"type":"Point","coordinates":[118.7925852,32.0418497]}},{"type":"Feature","properties":{"node_id":"1120932551","node_origin":"osm_node","degree":3,"is_intersection":true,"source":"OpenStreetMap"},"geometry":{"type":"Point","coordinates":[118.7836401,32.0482047]}},{"type":"Feature","properties":{"node_id":"1120932553","node_origin":"osm_node","degree":3,"is_intersection":true,"source":"OpenStreetMap"},"geometry":{"type":"Point","coordinates":[118.7765042,32.0521761]}},{"type":"Feature","properties":{"node_id":"1120932554","node_origin":"osm_node","degree":2,"is_intersection":false,"source":"OpenStreetMap"},"geometry":{"type":"Point","coordinates":[118.7878275,32.0474153]}},{"type":"Feature","properties":{"node_id":"1120932556","node_origin":"osm_node","degree":3,"is_intersection":true,"source":"OpenStreetMap"},"geometry":{"type":"Point","coordinates":[118.7900591,32.0469675]}},{"type":"Feature","properties":{"node_id":"1120932557","node_origin":"osm_node","degree":3,"is_intersection":true,"source":"OpenStreetMap"},"geometry":{"type":"Point","coordinates":[118.7892543,32.0471556]}},{"type":"Feature","properties":{"node_id":"1120932564","node_origin":"osm_node","degree":3,"is_intersection":true,"source":"OpenStreetMap"},"geometry":{"type":"Point","coordinates":[118.7779704,32.0523252]}},{"type":"Feature","properties":{"node_id":"1120932565","node_origin":"osm_node","degree":3,"is_intersection":true,"source":"OpenStreetMap"},"geometry":{"type":"Point","coordinates":[118.7892351,32.0470745]}},{"type":"Feature","properties":{"node_id":"1120940240","node_origin":"osm_node","degree":3,"is_intersection":true,"source":"OpenStreetMap"},"geometry":{"type":"Point","coordinates":[118.8265066,32.0406033]}},{"type":"Feature","properties":{"node_id":"11241008815","node_origin":"osm_node","degree":2,"is_intersection":false,"source":"OpenStreetMap"},"geometry":{"type":"Point","coordinates":[118.7814284,32.0558325]}},{"type":"Feature","properties":{"node_id":"11241008816","node_origin":"osm_node","degree":3,"is_intersection":true,"source":"OpenStreetMap"},"geometry":{"type":"Point","coordinates":[118.7820805,32.0558509]}},{"type":"Feature","properties":{"node_id":"11241008819","node_origin":"osm_node","degree":2,"is_intersection":false,"source":"OpenStreetMap"},"geometry":{"type":"Point","coordinates":[118.7830236,32.0561612]}},{"type":"Feature","properties":{"node_id":"11241008826","node_origin":"osm_node","degree":2,"is_intersection":false,"source":"OpenStreetMap"},"geometry":{"type":"Point","coordinates":[118.7820956,32.0566882]}},{"type":"Feature","properties":{"node_id":"11241008827","node_origin":"osm_node","degree":4,"is_intersection":true,"source":"OpenStreetMap"},"geometry":{"type":"Point","coordinates":[118.7823301,32.0566709]}},{"type":"Feature","properties":{"node_id":"11241008828","node_origin":"osm_node","degree":2,"is_intersection":false,"source":"OpenStreetMap"},"geometry":{"type":"Point","coordinates":[118.7823531,32.0564953]}},{"type":"Feature","properties":{"node_id":"11241008829","node_origin":"osm_node","degree":2,"is_intersection":false,"source":"OpenStreetMap"},"geometry":{"type":"Point","coordinates":[118.7830437,32.0564465]}},{"type":"Feature","properties":{"node_id":"11241008830","node_origin":"osm_node","degree":3,"is_intersection":true,"source":"OpenStreetMap"},"geometry":{"type":"Point","coordinates":[118.7820539,32.0566957]}},{"type":"Feature","properties":{"node_id":"11241008831","node_origin":"osm_node","degree":3,"is_intersection":true,"source":"OpenStreetMap"},"geometry":{"type":"Point","coordinates":[118.7830125,32.0560814]}},{"type":"Feature","properties":{"node_id":"11241008832","node_origin":"osm_node","degree":3,"is_intersection":true,"source":"OpenStreetMap"},"geometry":{"type":"Point","coordinates":[118.7829574,32.0566953]}},{"type":"Feature","properties":{"node_id":"11241008833","node_origin":"osm_node","degree":3,"is_intersection":true,"source":"OpenStreetMap"},"geometry":{"type":"Point","coordinates":[118.7829609,32.0564524]}},{"type":"Feature","properties":{"node_id":"11241008834","node_origin":"osm_node","degree":2,"is_intersection":false,"source":"OpenStreetMap"},"geometry":{"type":"Point","coordinates":[118.7823013,32.0569099]}},{"type":"Feature","properties":{"node_id":"11241008835","node_origin":"osm_node","degree":2,"is_intersection":false,"source":"OpenStreetMap"},"geometry":{"type":"Point","coordinates":[118.7829373,32.0569489]}},{"type":"Feature","properties":{"node_id":"11478671627","node_origin":"osm_node","degree":2,"is_intersection":false,"source":"OpenStreetMap"},"geometry":{"type":"Point","coordinates":[118.7807786,32.0827064]}},{"type":"Feature","properties":{"node_id":"11478671628","node_origin":"osm_node","degree":2,"is_intersection":false,"source":"OpenStreetMap"},"geometry":{"type":"Point","coordinates":[118.7807411,32.0819382]}},{"type":"Feature","properties":{"node_id":"11478671629","node_origin":"osm_node","degree":2,"is_intersection":false,"source":"OpenStreetMap"},"geometry":{"type":"Point","coordinates":[118.7807465,32.0808837]}},{"type":"Feature","properties":{"node_id":"11478671630","node_origin":"osm_node","degree":2,"is_intersection":false,"source":"OpenStreetMap"},"geometry":{"type":"Point","coordinates":[118.7807679,32.0823723]}},{"type":"Feature","properties":{"node_id":"11478671631","node_origin":"osm_node","degree":2,"is_intersection":false,"source":"OpenStreetMap"},"geometry":{"type":"Point","coordinates":[118.7807518,32.0811383]}},{"type":"Feature","properties":{"node_id":"11478671632","node_origin":"osm_node","degree":2,"is_intersection":false,"source":"OpenStreetMap"},"geometry":{"type":"Point","coordinates":[118.7814586,32.0748963]}},{"type":"Feature","properties":{"node_id":"11478671633","node_origin":"osm_node","degree":2,"is_intersection":false,"source":"OpenStreetMap"},"geometry":{"type":"Point","coordinates":[118.7814465,32.0747826]}},{"type":"Feature","properties":{"node_id":"11478671634","node_origin":"osm_node","degree":2,"is_intersection":false,"source":"OpenStreetMap"},"geometry":{"type":"Point","coordinates":[118.7812883,32.0761747]}},{"type":"Feature","properties":{"node_id":"11478671635","node_origin":"osm_node","degree":2,"is_intersection":false,"source":"OpenStreetMap"},"geometry":{"type":"Point","coordinates":[118.7811769,32.0771338]}},{"type":"Feature","properties":{"node_id":"11478671636","node_origin":"osm_node","degree":2,"is_intersection":false,"source":"OpenStreetMap"},"geometry":{"type":"Point","coordinates":[118.7813406,32.0743304]}},{"type":"Feature","properties":{"node_id":"11478671637","node_origin":"osm_node","degree":2,"is_intersection":false,"source":"OpenStreetMap"},"geometry":{"type":"Point","coordinates":[118.7813365,32.0744974]}},{"type":"Feature","properties":{"node_id":"11478671638","node_origin":"osm_node","degree":2,"is_intersection":false,"source":"OpenStreetMap"},"geometry":{"type":"Point","coordinates":[118.78135,32.074552]}},{"type":"Feature","properties":{"node_id":"11478671639","node_origin":"osm_node","degree":2,"is_intersection":false,"source":"OpenStreetMap"},"geometry":{"type":"Point","coordinates":[118.7814251,32.0747179]}},{"type":"Feature","properties":{"node_id":"11478671640","node_origin":"osm_node","degree":2,"is_intersection":false,"source":"OpenStreetMap"},"geometry":{"type":"Point","coordinates":[118.7814036,32.0746701]}},{"type":"Feature","properties":{"node_id":"11478671641","node_origin":"osm_node","degree":2,"is_intersection":false,"source":"OpenStreetMap"},"geometry":{"type":"Point","coordinates":[118.7814546,32.0748338]}},{"type":"Feature","properties":{"node_id":"11478671642","node_origin":"osm_node","degree":2,"is_intersection":false,"source":"OpenStreetMap"},"geometry":{"type":"Point","coordinates":[118.7816182,32.072611]}},{"type":"Feature","properties":{"node_id":"11478671643","node_origin":"osm_node","degree":2,"is_intersection":false,"source":"OpenStreetMap"},"geometry":{"type":"Point","coordinates":[118.7814465,32.0737133]}},{"type":"Feature","properties":{"node_id":"11478671644","node_origin":"osm_node","degree":2,"is_intersection":false,"source":"OpenStreetMap"},"geometry":{"type":"Point","coordinates":[118.7890962,32.0663491]}},{"type":"Feature","properties":{"node_id":"11478671645","node_origin":"osm_node","degree":2,"is_intersection":false,"source":"OpenStreetMap"},"geometry":{"type":"Point","coordinates":[118.7885892,32.0665809]}},{"type":"Feature","properties":{"node_id":"11478671646","node_origin":"osm_node","degree":2,"is_intersection":false,"source":"OpenStreetMap"},"geometry":{"type":"Point","coordinates":[118.7872803,32.0672651]}},{"type":"Feature","properties":{"node_id":"11478671647","node_origin":"osm_node","degree":2,"is_intersection":false,"source":"OpenStreetMap"},"geometry":{"type":"Point","coordinates":[118.7871623,32.0673083]}},{"type":"Feature","properties":{"node_id":"11478671648","node_origin":"osm_node","degree":2,"is_intersection":false,"source":"OpenStreetMap"},"geometry":{"type":"Point","coordinates":[118.7864676,32.0673401]}},{"type":"Feature","properties":{"node_id":"11478671649","node_origin":"osm_node","degree":2,"is_intersection":false,"source":"OpenStreetMap"},"geometry":{"type":"Point","coordinates":[118.7848476,32.0675015]}},{"type":"Feature","properties":{"node_id":"11478671650","node_origin":"osm_node","degree":2,"is_intersection":false,"source":"OpenStreetMap"},"geometry":{"type":"Point","coordinates":[118.7827259,32.0678515]}},{"type":"Feature","properties":{"node_id":"11478671651","node_origin":"osm_node","degree":2,"is_intersection":false,"source":"OpenStreetMap"},"geometry":{"type":"Point","coordinates":[118.7826267,32.0686061]}},{"type":"Feature","properties":{"node_id":"11494833337","node_origin":"osm_node","degree":2,"is_intersection":false,"source":"OpenStreetMap"},"geometry":{"type":"Point","coordinates":[118.7918772,32.0555982]}},{"type":"Feature","properties":{"node_id":"11494833338","node_origin":"osm_node","degree":2,"is_intersection":false,"source":"OpenStreetMap"},"geometry":{"type":"Point","coordinates":[118.7923975,32.0553802]}},{"type":"Feature","properties":{"node_id":"11531370311","node_origin":"osm_node","degree":2,"is_intersection":false,"source":"OpenStreetMap"},"geometry":{"type":"Point","coordinates":[118.8136084,32.0453729]}},{"type":"Feature","properties":{"node_id":"11531370312","node_origin":"osm_node","degree":1,"is_intersection":false,"source":"OpenStreetMap"},"geometry":{"type":"Point","coordinates":[118.8098966,32.0455468]}},{"type":"Feature","properties":{"node_id":"11531370314","node_origin":"osm_node","degree":2,"is_intersection":false,"source":"OpenStreetMap"},"geometry":{"type":"Point","coordinates":[118.8121971,32.0448109]}},{"type":"Feature","properties":{"node_id":"11531370316","node_origin":"osm_node","degree":2,"is_intersection":false,"source":"OpenStreetMap"},"geometry":{"type":"Point","coordinates":[118.8124506,32.0454652]}},{"type":"Feature","properties":{"node_id":"11531370317","node_origin":"osm_node","degree":2,"is_intersection":false,"source":"OpenStreetMap"},"geometry":{"type":"Point","coordinates":[118.8125752,32.0415388]}},{"type":"Feature","properties":{"node_id":"11531370318","node_origin":"osm_node","degree":3,"is_intersection":true,"source":"OpenStreetMap"},"geometry":{"type":"Point","coordinates":[118.812339,32.0453408]}},{"type":"Feature","properties":{"node_id":"11538725875","node_origin":"osm_node","degree":3,"is_intersection":true,"source":"OpenStreetMap"},"geometry":{"type":"Point","coordinates":[118.772723,32.0831089]}},{"type":"Feature","properties":{"node_id":"1155831124","node_origin":"osm_node","degree":2,"is_intersection":false,"source":"OpenStreetMap"},"geometry":{"type":"Point","coordinates":[118.7838935,32.0418472]}},{"type":"Feature","properties":{"node_id":"1155831125","node_origin":"osm_node","degree":4,"is_intersection":true,"source":"OpenStreetMap"},"geometry":{"type":"Point","coordinates":[118.7832684,32.0392273]}},{"type":"Feature","properties":{"node_id":"1155831127","node_origin":"osm_node","degree":3,"is_intersection":true,"source":"OpenStreetMap"},"geometry":{"type":"Point","coordinates":[118.7842032,32.0434933]}},{"type":"Feature","properties":{"node_id":"1155831128","node_origin":"osm_node","degree":3,"is_intersection":true,"source":"OpenStreetMap"},"geometry":{"type":"Point","coordinates":[118.7828908,32.0378069]}},{"type":"Feature","properties":{"node_id":"1155831131","node_origin":"osm_node","degree":4,"is_intersection":true,"source":"OpenStreetMap"},"geometry":{"type":"Point","coordinates":[118.7837003,32.0408518]}},{"type":"Feature","properties":{"node_id":"1155831132","node_origin":"osm_node","degree":3,"is_intersection":true,"source":"OpenStreetMap"},"geometry":{"type":"Point","coordinates":[118.7869327,32.0411497]}},{"type":"Feature","properties":{"node_id":"1155831138","node_origin":"osm_node","degree":2,"is_intersection":false,"source":"OpenStreetMap"},"geometry":{"type":"Point","coordinates":[118.7851343,32.0460695]}},{"type":"Feature","properties":{"node_id":"1155831140","node_origin":"osm_node","degree":2,"is_intersection":false,"source":"OpenStreetMap"},"geometry":{"type":"Point","coordinates":[118.7854347,32.041586]}},{"type":"Feature","properties":{"node_id":"1155831141","node_origin":"osm_node","degree":2,"is_intersection":false,"source":"OpenStreetMap"},"geometry":{"type":"Point","coordinates":[118.7844799,32.0446235]}},{"type":"Feature","properties":{"node_id":"1155831142","node_origin":"osm_node","degree":2,"is_intersection":false,"source":"OpenStreetMap"},"geometry":{"type":"Point","coordinates":[118.7863789,32.0413723]}},{"type":"Feature","properties":{"node_id":"1155833077","node_origin":"osm_node","degree":2,"is_intersection":false,"source":"OpenStreetMap"},"geometry":{"type":"Point","coordinates":[118.7797539,32.0514916]}},{"type":"Feature","properties":{"node_id":"1155833079","node_origin":"osm_node","degree":2,"is_intersection":false,"source":"OpenStreetMap"},"geometry":{"type":"Point","coordinates":[118.7802849,32.049557]}},{"type":"Feature","properties":{"node_id":"1155833080","node_origin":"osm_node","degree":2,"is_intersection":false,"source":"OpenStreetMap"},"geometry":{"type":"Point","coordinates":[118.7816127,32.0513143]}},{"type":"Feature","properties":{"node_id":"1155833083","node_origin":"osm_node","degree":3,"is_intersection":true,"source":"OpenStreetMap"},"geometry":{"type":"Point","coordinates":[118.7816499,32.0493265]}},{"type":"Feature","properties":{"node_id":"1155833086","node_origin":"osm_node","degree":2,"is_intersection":false,"source":"OpenStreetMap"},"geometry":{"type":"Point","coordinates":[118.7805345,32.0513939]}},{"type":"Feature","properties":{"node_id":"1155833090","node_origin":"osm_node","degree":3,"is_intersection":true,"source":"OpenStreetMap"},"geometry":{"type":"Point","coordinates":[118.7821106,32.0513315]}},{"type":"Feature","properties":{"node_id":"1155833091","node_origin":"osm_node","degree":2,"is_intersection":false,"source":"OpenStreetMap"},"geometry":{"type":"Point","coordinates":[118.7811378,32.0494387]}},{"type":"Feature","properties":{"node_id":"1155842353","node_origin":"osm_node","degree":2,"is_intersection":false,"source":"OpenStreetMap"},"geometry":{"type":"Point","coordinates":[118.7877736,32.0518213]}},{"type":"Feature","properties":{"node_id":"1155842355","node_origin":"osm_node","degree":2,"is_intersection":false,"source":"OpenStreetMap"},"geometry":{"type":"Point","coordinates":[118.7876556,32.0525396]}},{"type":"Feature","properties":{"node_id":"1155842356","node_origin":"osm_node","degree":3,"is_intersection":true,"source":"OpenStreetMap"},"geometry":{"type":"Point","coordinates":[118.7883664,32.0516621]}},{"type":"Feature","properties":{"node_id":"1155842358","node_origin":"osm_node","degree":4,"is_intersection":true,"source":"OpenStreetMap"},"geometry":{"type":"Point","coordinates":[118.7874088,32.0519122]}},{"type":"Feature","properties":{"node_id":"1155842360","node_origin":"osm_node","degree":4,"is_intersection":true,"source":"OpenStreetMap"},"geometry":{"type":"Point","coordinates":[118.7888411,32.052867]}},{"type":"Feature","properties":{"node_id":"1155842361","node_origin":"osm_node","degree":3,"is_intersection":true,"source":"OpenStreetMap"},"geometry":{"type":"Point","coordinates":[118.7900543,32.0512552]}},{"type":"Feature","properties":{"node_id":"1155842364","node_origin":"osm_node","degree":3,"is_intersection":true,"source":"OpenStreetMap"},"geometry":{"type":"Point","coordinates":[118.7881811,32.0541719]}},{"type":"Feature","properties":{"node_id":"1155842367","node_origin":"osm_node","degree":2,"is_intersection":false,"source":"OpenStreetMap"},"geometry":{"type":"Point","coordinates":[118.7844423,32.049175]}},{"type":"Feature","properties":{"node_id":"1155842368","node_origin":"osm_node","degree":2,"is_intersection":false,"source":"OpenStreetMap"},"geometry":{"type":"Point","coordinates":[118.7890414,32.0539888]}},{"type":"Feature","properties":{"node_id":"1155842371","node_origin":"osm_node","degree":3,"is_intersection":true,"source":"OpenStreetMap"},"geometry":{"type":"Point","coordinates":[118.7846008,32.0526406]}},{"type":"Feature","properties":{"node_id":"1155842372","node_origin":"osm_node","degree":3,"is_intersection":true,"source":"OpenStreetMap"},"geometry":{"type":"Point","coordinates":[118.7878613,32.0531245]}},{"type":"Feature","properties":{"node_id":"1155842373","node_origin":"osm_node","degree":3,"is_intersection":true,"source":"OpenStreetMap"},"geometry":{"type":"Point","coordinates":[118.7879839,32.0535002]}},{"type":"Feature","properties":{"node_id":"1155842375","node_origin":"osm_node","degree":2,"is_intersection":false,"source":"OpenStreetMap"},"geometry":{"type":"Point","coordinates":[118.787363,32.0536231]}},{"type":"Feature","properties":{"node_id":"1155842376","node_origin":"osm_node","degree":3,"is_intersection":true,"source":"OpenStreetMap"},"geometry":{"type":"Point","coordinates":[118.7865635,32.0538591]}},{"type":"Feature","properties":{"node_id":"1155842378","node_origin":"osm_node","degree":3,"is_intersection":true,"source":"OpenStreetMap"},"geometry":{"type":"Point","coordinates":[118.7884036,32.0553545]}},{"type":"Feature","properties":{"node_id":"1155842384","node_origin":"osm_node","degree":2,"is_intersection":false,"source":"OpenStreetMap"},"geometry":{"type":"Point","coordinates":[118.786926,32.052044]}},{"type":"Feature","properties":{"node_id":"1155842386","node_origin":"osm_node","degree":2,"is_intersection":false,"source":"OpenStreetMap"},"geometry":{"type":"Point","coordinates":[118.7886373,32.0515894]}},{"type":"Feature","properties":{"node_id":"1155842390","node_origin":"osm_node","degree":4,"is_intersection":true,"source":"OpenStreetMap"},"geometry":{"type":"Point","coordinates":[118.7860297,32.0488988]}},{"type":"Feature","properties":{"node_id":"1155842391","node_origin":"osm_node","degree":3,"is_intersection":true,"source":"OpenStreetMap"},"geometry":{"type":"Point","coordinates":[118.7895612,32.0481004]}},{"type":"Feature","properties":{"node_id":"1155842393","node_origin":"osm_node","degree":2,"is_intersection":false,"source":"OpenStreetMap"},"geometry":{"type":"Point","coordinates":[118.7868938,32.0521668]}},{"type":"Feature","properties":{"node_id":"1155842395","node_origin":"osm_node","degree":3,"is_intersection":true,"source":"OpenStreetMap"},"geometry":{"type":"Point","coordinates":[118.7902585,32.0525103]}},{"type":"Feature","properties":{"node_id":"1155842397","node_origin":"osm_node","degree":3,"is_intersection":true,"source":"OpenStreetMap"},"geometry":{"type":"Point","coordinates":[118.7891948,32.0539112]}},{"type":"Feature","properties":{"node_id":"1155842401","node_origin":"osm_node","degree":3,"is_intersection":true,"source":"OpenStreetMap"},"geometry":{"type":"Point","coordinates":[118.7868716,32.0513044]}},{"type":"Feature","properties":{"node_id":"1155842403","node_origin":"osm_node","degree":2,"is_intersection":false,"source":"OpenStreetMap"},"geometry":{"type":"Point","coordinates":[118.7840722,32.0492432]}},{"type":"Feature","properties":{"node_id":"1155842405","node_origin":"osm_node","degree":2,"is_intersection":false,"source":"OpenStreetMap"},"geometry":{"type":"Point","coordinates":[118.7883552,32.0483469]}},{"type":"Feature","properties":{"node_id":"1155842407","node_origin":"osm_node","degree":3,"is_intersection":true,"source":"OpenStreetMap"},"geometry":{"type":"Point","coordinates":[118.7903461,32.0536766]}},{"type":"Feature","properties":{"node_id":"1155842408","node_origin":"osm_node","degree":3,"is_intersection":true,"source":"OpenStreetMap"},"geometry":{"type":"Point","coordinates":[118.7838695,32.0492773]}},{"type":"Feature","properties":{"node_id":"1155842411","node_origin":"osm_node","degree":2,"is_intersection":false,"source":"OpenStreetMap"},"geometry":{"type":"Point","coordinates":[118.7868724,32.0486703]}},{"type":"Feature","properties":{"node_id":"1155842416","node_origin":"osm_node","degree":3,"is_intersection":true,"source":"OpenStreetMap"},"geometry":{"type":"Point","coordinates":[118.7865837,32.0502535]}},{"type":"Feature","properties":{"node_id":"1155842419","node_origin":"osm_node","degree":2,"is_intersection":false,"source":"OpenStreetMap"},"geometry":{"type":"Point","coordinates":[118.7876824,32.0484839]}},{"type":"Feature","properties":{"node_id":"1155842421","node_origin":"osm_node","degree":3,"is_intersection":true,"source":"OpenStreetMap"},"geometry":{"type":"Point","coordinates":[118.7871868,32.0512465]}},{"type":"Feature","properties":{"node_id":"1155842427","node_origin":"osm_node","degree":3,"is_intersection":true,"source":"OpenStreetMap"},"geometry":{"type":"Point","coordinates":[118.7870955,32.053766]}},{"type":"Feature","properties":{"node_id":"1155845060","node_origin":"osm_node","degree":1,"is_intersection":false,"source":"OpenStreetMap"},"geometry":{"type":"Point","coordinates":[118.7926831,32.0542489]}},{"type":"Feature","properties":{"node_id":"1155845061","node_origin":"osm_node","degree":2,"is_intersection":false,"source":"OpenStreetMap"},"geometry":{"type":"Point","coordinates":[118.7930843,32.052399]}},{"type":"Feature","properties":{"node_id":"1155845063","node_origin":"osm_node","degree":3,"is_intersection":true,"source":"OpenStreetMap"},"geometry":{"type":"Point","coordinates":[118.7937925,32.0506618]}},{"type":"Feature","properties":{"node_id":"1155845071","node_origin":"osm_node","degree":2,"is_intersection":false,"source":"OpenStreetMap"},"geometry":{"type":"Point","coordinates":[118.7932264,32.0566814]}},{"type":"Feature","properties":{"node_id":"1155845083","node_origin":"osm_node","degree":3,"is_intersection":true,"source":"OpenStreetMap"},"geometry":{"type":"Point","coordinates":[118.7929029,32.0552404]}},{"type":"Feature","properties":{"node_id":"1155845086","node_origin":"osm_node","degree":3,"is_intersection":true,"source":"OpenStreetMap"},"geometry":{"type":"Point","coordinates":[118.7913875,32.0527149]}},{"type":"Feature","properties":{"node_id":"1155845089","node_origin":"osm_node","degree":3,"is_intersection":true,"source":"OpenStreetMap"},"geometry":{"type":"Point","coordinates":[118.793837,32.050304]}},{"type":"Feature","properties":{"node_id":"1155845098","node_origin":"osm_node","degree":3,"is_intersection":true,"source":"OpenStreetMap"},"geometry":{"type":"Point","coordinates":[118.7937496,32.0523714]}},{"type":"Feature","properties":{"node_id":"1155845110","node_origin":"osm_node","degree":2,"is_intersection":false,"source":"OpenStreetMap"},"geometry":{"type":"Point","coordinates":[118.793712,32.0517758]}},{"type":"Feature","properties":{"node_id":"1155845114","node_origin":"osm_node","degree":2,"is_intersection":false,"source":"OpenStreetMap"},"geometry":{"type":"Point","coordinates":[118.7937227,32.0510165]}},{"type":"Feature","properties":{"node_id":"1155845116","node_origin":"osm_node","degree":2,"is_intersection":false,"source":"OpenStreetMap"},"geometry":{"type":"Point","coordinates":[118.7922969,32.0554586]}},{"type":"Feature","properties":{"node_id":"1155845127","node_origin":"osm_node","degree":2,"is_intersection":false,"source":"OpenStreetMap"},"geometry":{"type":"Point","coordinates":[118.793712,32.0513757]}},{"type":"Feature","properties":{"node_id":"1155845128","node_origin":"osm_node","degree":2,"is_intersection":false,"source":"OpenStreetMap"},"geometry":{"type":"Point","coordinates":[118.7924981,32.0553018]}},{"type":"Feature","properties":{"node_id":"1155847691","node_origin":"osm_node","degree":3,"is_intersection":true,"source":"OpenStreetMap"},"geometry":{"type":"Point","coordinates":[118.7971061,32.0563973]}},{"type":"Feature","properties":{"node_id":"1155847708","node_origin":"osm_node","degree":2,"is_intersection":false,"source":"OpenStreetMap"},"geometry":{"type":"Point","coordinates":[118.7972847,32.057727]}},{"type":"Feature","properties":{"node_id":"1155847710","node_origin":"osm_node","degree":3,"is_intersection":true,"source":"OpenStreetMap"},"geometry":{"type":"Point","coordinates":[118.7975401,32.0596059]}},{"type":"Feature","properties":{"node_id":"1155847713","node_origin":"osm_node","degree":2,"is_intersection":false,"source":"OpenStreetMap"},"geometry":{"type":"Point","coordinates":[118.7943075,32.0570587]}},{"type":"Feature","properties":{"node_id":"1155847715","node_origin":"osm_node","degree":2,"is_intersection":false,"source":"OpenStreetMap"},"geometry":{"type":"Point","coordinates":[118.8021354,32.0547866]}},{"type":"Feature","properties":{"node_id":"1155847727","node_origin":"osm_node","degree":2,"is_intersection":false,"source":"OpenStreetMap"},"geometry":{"type":"Point","coordinates":[118.8007716,32.0600275]}},{"type":"Feature","properties":{"node_id":"1155847730","node_origin":"osm_node","degree":1,"is_intersection":false,"source":"OpenStreetMap"},"geometry":{"type":"Point","coordinates":[118.8015441,32.0614641]}},{"type":"Feature","properties":{"node_id":"1155847733","node_origin":"osm_node","degree":3,"is_intersection":true,"source":"OpenStreetMap"},"geometry":{"type":"Point","coordinates":[118.7969505,32.0552385]}},{"type":"Feature","properties":{"node_id":"1155849838","node_origin":"osm_node","degree":2,"is_intersection":false,"source":"OpenStreetMap"},"geometry":{"type":"Point","coordinates":[118.7970471,32.0455193]}},{"type":"Feature","properties":{"node_id":"1155849840","node_origin":"osm_node","degree":3,"is_intersection":true,"source":"OpenStreetMap"},"geometry":{"type":"Point","coordinates":[118.7954857,32.0482975]}},{"type":"Feature","properties":{"node_id":"1155849842","node_origin":"osm_node","degree":2,"is_intersection":false,"source":"OpenStreetMap"},"geometry":{"type":"Point","coordinates":[118.7968988,32.0450731]}},{"type":"Feature","properties":{"node_id":"1155849850","node_origin":"osm_node","degree":3,"is_intersection":true,"source":"OpenStreetMap"},"geometry":{"type":"Point","coordinates":[118.795958,32.0496484]}},{"type":"Feature","properties":{"node_id":"1155849852","node_origin":"osm_node","degree":3,"is_intersection":true,"source":"OpenStreetMap"},"geometry":{"type":"Point","coordinates":[118.7966933,32.0441248]}},{"type":"Feature","properties":{"node_id":"1155849867","node_origin":"osm_node","degree":2,"is_intersection":false,"source":"OpenStreetMap"},"geometry":{"type":"Point","coordinates":[118.7967539,32.0445134]}},{"type":"Feature","properties":{"node_id":"1155849871","node_origin":"osm_node","degree":2,"is_intersection":false,"source":"OpenStreetMap"},"geometry":{"type":"Point","coordinates":[118.7970631,32.0463003]}},{"type":"Feature","properties":{"node_id":"1155851367","node_origin":"osm_node","degree":2,"is_intersection":false,"source":"OpenStreetMap"},"geometry":{"type":"Point","coordinates":[118.7992374,32.0457466]}},{"type":"Feature","properties":{"node_id":"1155851368","node_origin":"osm_node","degree":2,"is_intersection":false,"source":"OpenStreetMap"},"geometry":{"type":"Point","coordinates":[118.7994144,32.0468879]}},{"type":"Feature","properties":{"node_id":"1155851370","node_origin":"osm_node","degree":2,"is_intersection":false,"source":"OpenStreetMap"},"geometry":{"type":"Point","coordinates":[118.7983469,32.044175]}},{"type":"Feature","properties":{"node_id":"1155851371","node_origin":"osm_node","degree":2,"is_intersection":false,"source":"OpenStreetMap"},"geometry":{"type":"Point","coordinates":[118.7930116,32.0434864]}},{"type":"Feature","properties":{"node_id":"1155851373","node_origin":"osm_node","degree":2,"is_intersection":false,"source":"OpenStreetMap"},"geometry":{"type":"Point","coordinates":[118.7989262,32.0457421]}},{"type":"Feature","properties":{"node_id":"1155851375","node_origin":"osm_node","degree":2,"is_intersection":false,"source":"OpenStreetMap"},"geometry":{"type":"Point","coordinates":[118.7993608,32.0464833]}},{"type":"Feature","properties":{"node_id":"1155851380","node_origin":"osm_node","degree":2,"is_intersection":false,"source":"OpenStreetMap"},"geometry":{"type":"Point","coordinates":[118.7993232,32.0460286]}},{"type":"Feature","properties":{"node_id":"1155851382","node_origin":"osm_node","degree":2,"is_intersection":false,"source":"OpenStreetMap"},"geometry":{"type":"Point","coordinates":[118.7986741,32.0455648]}},{"type":"Feature","properties":{"node_id":"1155851383","node_origin":"osm_node","degree":2,"is_intersection":false,"source":"OpenStreetMap"},"geometry":{"type":"Point","coordinates":[118.7995217,32.0473927]}},{"type":"Feature","properties":{"node_id":"1155851384","node_origin":"osm_node","degree":2,"is_intersection":false,"source":"OpenStreetMap"},"geometry":{"type":"Point","coordinates":[118.7987438,32.0457057]}},{"type":"Feature","properties":{"node_id":"1155851386","node_origin":"osm_node","degree":2,"is_intersection":false,"source":"OpenStreetMap"},"geometry":{"type":"Point","coordinates":[118.7985293,32.0449282]}},{"type":"Feature","properties":{"node_id":"1155851387","node_origin":"osm_node","degree":2,"is_intersection":false,"source":"OpenStreetMap"},"geometry":{"type":"Point","coordinates":[118.7991462,32.0457421]}},{"type":"Feature","properties":{"node_id":"1157142173","node_origin":"osm_node","degree":3,"is_intersection":true,"source":"OpenStreetMap"},"geometry":{"type":"Point","coordinates":[118.7743199,32.0354732]}},{"type":"Feature","properties":{"node_id":"1157142177","node_origin":"osm_node","degree":3,"is_intersection":true,"source":"OpenStreetMap"},"geometry":{"type":"Point","coordinates":[118.7724062,32.0373866]}},{"type":"Feature","properties":{"node_id":"1157142185","node_origin":"osm_node","degree":4,"is_intersection":true,"source":"OpenStreetMap"},"geometry":{"type":"Point","coordinates":[118.7797437,32.0367553]}},{"type":"Feature","properties":{"node_id":"1157142188","node_origin":"osm_node","degree":3,"is_intersection":true,"source":"OpenStreetMap"},"geometry":{"type":"Point","coordinates":[118.7787853,32.0388978]}},{"type":"Feature","properties":{"node_id":"1157142189","node_origin":"osm_node","degree":4,"is_intersection":true,"source":"OpenStreetMap"},"geometry":{"type":"Point","coordinates":[118.7806789,32.0397393]}},{"type":"Feature","properties":{"node_id":"1157142199","node_origin":"osm_node","degree":2,"is_intersection":false,"source":"OpenStreetMap"},"geometry":{"type":"Point","coordinates":[118.7800007,32.0376071]}},{"type":"Feature","properties":{"node_id":"1157142201","node_origin":"osm_node","degree":2,"is_intersection":false,"source":"OpenStreetMap"},"geometry":{"type":"Point","coordinates":[118.7749206,32.0353197]}},{"type":"Feature","properties":{"node_id":"1157142365","node_origin":"osm_node","degree":3,"is_intersection":true,"source":"OpenStreetMap"},"geometry":{"type":"Point","coordinates":[118.783135,32.0354143]}},{"type":"Feature","properties":{"node_id":"1157144984","node_origin":"osm_node","degree":4,"is_intersection":true,"source":"OpenStreetMap"},"geometry":{"type":"Point","coordinates":[118.7809637,32.0416042]}},{"type":"Feature","properties":{"node_id":"1157144987","node_origin":"osm_node","degree":1,"is_intersection":false,"source":"OpenStreetMap"},"geometry":{"type":"Point","coordinates":[118.7808172,32.0430964]}},{"type":"Feature","properties":{"node_id":"1157145004","node_origin":"osm_node","degree":2,"is_intersection":false,"source":"OpenStreetMap"},"geometry":{"type":"Point","coordinates":[118.7938624,32.0473842]}},{"type":"Feature","properties":{"node_id":"1157147834","node_origin":"osm_node","degree":4,"is_intersection":true,"source":"OpenStreetMap"},"geometry":{"type":"Point","coordinates":[118.7741188,32.0457832]}},{"type":"Feature","properties":{"node_id":"1157147835","node_origin":"osm_node","degree":3,"is_intersection":true,"source":"OpenStreetMap"},"geometry":{"type":"Point","coordinates":[118.7767547,32.0451645]}},{"type":"Feature","properties":{"node_id":"1157147836","node_origin":"osm_node","degree":3,"is_intersection":true,"source":"OpenStreetMap"},"geometry":{"type":"Point","coordinates":[118.7714417,32.0458444]}},{"type":"Feature","properties":{"node_id":"11607173481","node_origin":"osm_node","degree":2,"is_intersection":false,"source":"OpenStreetMap"},"geometry":{"type":"Point","coordinates":[118.8142809,32.0640448]}},{"type":"Feature","properties":{"node_id":"1166136983","node_origin":"osm_node","degree":3,"is_intersection":true,"source":"OpenStreetMap"},"geometry":{"type":"Point","coordinates":[118.7756536,32.0429804]}},{"type":"Feature","properties":{"node_id":"1166138226","node_origin":"osm_node","degree":4,"is_intersection":true,"source":"OpenStreetMap"},"geometry":{"type":"Point","coordinates":[118.7911497,32.0602554]}},{"type":"Feature","properties":{"node_id":"1166141261","node_origin":"osm_node","degree":2,"is_intersection":false,"source":"OpenStreetMap"},"geometry":{"type":"Point","coordinates":[118.8050471,32.060696]}},{"type":"Feature","properties":{"node_id":"1166141262","node_origin":"osm_node","degree":2,"is_intersection":false,"source":"OpenStreetMap"},"geometry":{"type":"Point","coordinates":[118.8123535,32.0730471]}},{"type":"Feature","properties":{"node_id":"1166141264","node_origin":"osm_node","degree":2,"is_intersection":false,"source":"OpenStreetMap"},"geometry":{"type":"Point","coordinates":[118.8128094,32.074679]}},{"type":"Feature","properties":{"node_id":"1166141266","node_origin":"osm_node","degree":2,"is_intersection":false,"source":"OpenStreetMap"},"geometry":{"type":"Point","coordinates":[118.8142256,32.072888]}},{"type":"Feature","properties":{"node_id":"1166141267","node_origin":"osm_node","degree":2,"is_intersection":false,"source":"OpenStreetMap"},"geometry":{"type":"Point","coordinates":[118.8060127,32.0611233]}},{"type":"Feature","properties":{"node_id":"1166141268","node_origin":"osm_node","degree":2,"is_intersection":false,"source":"OpenStreetMap"},"geometry":{"type":"Point","coordinates":[118.8128202,32.0731335]}},{"type":"Feature","properties":{"node_id":"1166141269","node_origin":"osm_node","degree":2,"is_intersection":false,"source":"OpenStreetMap"},"geometry":{"type":"Point","coordinates":[118.8149767,32.0718516]}},{"type":"Feature","properties":{"node_id":"1166141275","node_origin":"osm_node","degree":2,"is_intersection":false,"source":"OpenStreetMap"},"geometry":{"type":"Point","coordinates":[118.8255499,32.0852878]}},{"type":"Feature","properties":{"node_id":"1166141276","node_origin":"osm_node","degree":2,"is_intersection":false,"source":"OpenStreetMap"},"geometry":{"type":"Point","coordinates":[118.8048379,32.060996]}},{"type":"Feature","properties":{"node_id":"1166141280","node_origin":"osm_node","degree":3,"is_intersection":true,"source":"OpenStreetMap"},"geometry":{"type":"Point","coordinates":[118.81326,32.0732608]}},{"type":"Feature","properties":{"node_id":"1166141281","node_origin":"osm_node","degree":2,"is_intersection":false,"source":"OpenStreetMap"},"geometry":{"type":"Point","coordinates":[118.8136892,32.0721926]}},{"type":"Feature","properties":{"node_id":"1166141282","node_origin":"osm_node","degree":2,"is_intersection":false,"source":"OpenStreetMap"},"geometry":{"type":"Point","coordinates":[118.8134263,32.072688]}},{"type":"Feature","properties":{"node_id":"1166141283","node_origin":"osm_node","degree":2,"is_intersection":false,"source":"OpenStreetMap"},"geometry":{"type":"Point","coordinates":[118.8126968,32.0756518]}},{"type":"Feature","properties":{"node_id":"1166141285","node_origin":"osm_node","degree":4,"is_intersection":true,"source":"OpenStreetMap"},"geometry":{"type":"Point","coordinates":[118.8076277,32.0732505]}},{"type":"Feature","properties":{"node_id":"1166141286","node_origin":"osm_node","degree":2,"is_intersection":false,"source":"OpenStreetMap"},"geometry":{"type":"Point","coordinates":[118.8127665,32.0748472]}},{"type":"Feature","properties":{"node_id":"1166141288","node_origin":"osm_node","degree":2,"is_intersection":false,"source":"OpenStreetMap"},"geometry":{"type":"Point","coordinates":[118.8084804,32.0734517]}},{"type":"Feature","properties":{"node_id":"1166141289","node_origin":"osm_node","degree":2,"is_intersection":false,"source":"OpenStreetMap"},"geometry":{"type":"Point","coordinates":[118.8131742,32.0740608]}},{"type":"Feature","properties":{"node_id":"1166141290","node_origin":"osm_node","degree":2,"is_intersection":false,"source":"OpenStreetMap"},"geometry":{"type":"Point","coordinates":[118.8146012,32.0724471]}},{"type":"Feature","properties":{"node_id":"1166141291","node_origin":"osm_node","degree":2,"is_intersection":false,"source":"OpenStreetMap"},"geometry":{"type":"Point","coordinates":[118.8129543,32.074329]}},{"type":"Feature","properties":{"node_id":"1166141293","node_origin":"osm_node","degree":2,"is_intersection":false,"source":"OpenStreetMap"},"geometry":{"type":"Point","coordinates":[118.8140647,32.0709834]}},{"type":"Feature","properties":{"node_id":"1166141294","node_origin":"osm_node","degree":1,"is_intersection":false,"source":"OpenStreetMap"},"geometry":{"type":"Point","coordinates":[118.8100481,32.0759938]}},{"type":"Feature","properties":{"node_id":"1166141296","node_origin":"osm_node","degree":3,"is_intersection":true,"source":"OpenStreetMap"},"geometry":{"type":"Point","coordinates":[118.81428,32.0707659]}},{"type":"Feature","properties":{"node_id":"1166141297","node_origin":"osm_node","degree":2,"is_intersection":false,"source":"OpenStreetMap"},"geometry":{"type":"Point","coordinates":[118.8113825,32.0735608]}},{"type":"Feature","properties":{"node_id":"1166141298","node_origin":"osm_node","degree":2,"is_intersection":false,"source":"OpenStreetMap"},"geometry":{"type":"Point","coordinates":[118.8103847,32.0748017]}},{"type":"Feature","properties":{"node_id":"1166141300","node_origin":"osm_node","degree":2,"is_intersection":false,"source":"OpenStreetMap"},"geometry":{"type":"Point","coordinates":[118.815172,32.0716114]}},{"type":"Feature","properties":{"node_id":"1166141303","node_origin":"osm_node","degree":2,"is_intersection":false,"source":"OpenStreetMap"},"geometry":{"type":"Point","coordinates":[118.8128631,32.0745381]}},{"type":"Feature","properties":{"node_id":"1166141305","node_origin":"osm_node","degree":2,"is_intersection":false,"source":"OpenStreetMap"},"geometry":{"type":"Point","coordinates":[118.8052295,32.0606687]}},{"type":"Feature","properties":{"node_id":"1166141307","node_origin":"osm_node","degree":2,"is_intersection":false,"source":"OpenStreetMap"},"geometry":{"type":"Point","coordinates":[118.8090275,32.0735608]}},{"type":"Feature","properties":{"node_id":"1166141308","node_origin":"osm_node","degree":2,"is_intersection":false,"source":"OpenStreetMap"},"geometry":{"type":"Point","coordinates":[118.8133191,32.0729017]}},{"type":"Feature","properties":{"node_id":"1166141312","node_origin":"osm_node","degree":2,"is_intersection":false,"source":"OpenStreetMap"},"geometry":{"type":"Point","coordinates":[118.8137804,32.0719471]}},{"type":"Feature","properties":{"node_id":"1166141316","node_origin":"osm_node","degree":2,"is_intersection":false,"source":"OpenStreetMap"},"geometry":{"type":"Point","coordinates":[118.8138984,32.0715652]}},{"type":"Feature","properties":{"node_id":"1166141317","node_origin":"osm_node","degree":2,"is_intersection":false,"source":"OpenStreetMap"},"geometry":{"type":"Point","coordinates":[118.804913,32.0607505]}},{"type":"Feature","properties":{"node_id":"1166141319","node_origin":"osm_node","degree":2,"is_intersection":false,"source":"OpenStreetMap"},"geometry":{"type":"Point","coordinates":[118.8058035,32.0608687]}},{"type":"Feature","properties":{"node_id":"1166141320","node_origin":"osm_node","degree":2,"is_intersection":false,"source":"OpenStreetMap"},"geometry":{"type":"Point","coordinates":[118.8061254,32.0612734]}},{"type":"Feature","properties":{"node_id":"1166141322","node_origin":"osm_node","degree":4,"is_intersection":true,"source":"OpenStreetMap"},"geometry":{"type":"Point","coordinates":[118.8106315,32.0739199]}},{"type":"Feature","properties":{"node_id":"1166141323","node_origin":"osm_node","degree":2,"is_intersection":false,"source":"OpenStreetMap"},"geometry":{"type":"Point","coordinates":[118.8135336,32.0724471]}},{"type":"Feature","properties":{"node_id":"1166141326","node_origin":"osm_node","degree":2,"is_intersection":false,"source":"OpenStreetMap"},"geometry":{"type":"Point","coordinates":[118.8139682,32.0713471]}},{"type":"Feature","properties":{"node_id":"1166141327","node_origin":"osm_node","degree":2,"is_intersection":false,"source":"OpenStreetMap"},"geometry":{"type":"Point","coordinates":[118.8127451,32.0750608]}},{"type":"Feature","properties":{"node_id":"1166141328","node_origin":"osm_node","degree":2,"is_intersection":false,"source":"OpenStreetMap"},"geometry":{"type":"Point","coordinates":[118.8069783,32.0605005]}},{"type":"Feature","properties":{"node_id":"1166141329","node_origin":"osm_node","degree":2,"is_intersection":false,"source":"OpenStreetMap"},"geometry":{"type":"Point","coordinates":[118.825963,32.0849469]}},{"type":"Feature","properties":{"node_id":"1166141330","node_origin":"osm_node","degree":2,"is_intersection":false,"source":"OpenStreetMap"},"geometry":{"type":"Point","coordinates":[118.8119672,32.0732381]}},{"type":"Feature","properties":{"node_id":"1166141331","node_origin":"osm_node","degree":2,"is_intersection":false,"source":"OpenStreetMap"},"geometry":{"type":"Point","coordinates":[118.8127182,32.075329]}},{"type":"Feature","properties":{"node_id":"1166141332","node_origin":"osm_node","degree":4,"is_intersection":true,"source":"OpenStreetMap"},"geometry":{"type":"Point","coordinates":[118.8057445,32.0606278]}},{"type":"Feature","properties":{"node_id":"1166141336","node_origin":"osm_node","degree":2,"is_intersection":false,"source":"OpenStreetMap"},"geometry":{"type":"Point","coordinates":[118.8109533,32.073779]}},{"type":"Feature","properties":{"node_id":"1166141338","node_origin":"osm_node","degree":3,"is_intersection":true,"source":"OpenStreetMap"},"geometry":{"type":"Point","coordinates":[118.8138019,32.0733744]}},{"type":"Feature","properties":{"node_id":"1166141340","node_origin":"osm_node","degree":1,"is_intersection":false,"source":"OpenStreetMap"},"geometry":{"type":"Point","coordinates":[118.8045804,32.0617823]}},{"type":"Feature","properties":{"node_id":"1166141343","node_origin":"osm_node","degree":2,"is_intersection":false,"source":"OpenStreetMap"},"geometry":{"type":"Point","coordinates":[118.8264994,32.0845515]}},{"type":"Feature","properties":{"node_id":"1166142791","node_origin":"osm_node","degree":2,"is_intersection":false,"source":"OpenStreetMap"},"geometry":{"type":"Point","coordinates":[118.8160374,32.0510738]}},{"type":"Feature","properties":{"node_id":"1166142793","node_origin":"osm_node","degree":2,"is_intersection":false,"source":"OpenStreetMap"},"geometry":{"type":"Point","coordinates":[118.8167958,32.054217]}},{"type":"Feature","properties":{"node_id":"1166142794","node_origin":"osm_node","degree":2,"is_intersection":false,"source":"OpenStreetMap"},"geometry":{"type":"Point","coordinates":[118.8161086,32.0490386]}},{"type":"Feature","properties":{"node_id":"1166142800","node_origin":"osm_node","degree":2,"is_intersection":false,"source":"OpenStreetMap"},"geometry":{"type":"Point","coordinates":[118.8168488,32.0482111]}},{"type":"Feature","properties":{"node_id":"1166142802","node_origin":"osm_node","degree":2,"is_intersection":false,"source":"OpenStreetMap"},"geometry":{"type":"Point","coordinates":[118.8173155,32.0541809]}},{"type":"Feature","properties":{"node_id":"1166142808","node_origin":"osm_node","degree":2,"is_intersection":false,"source":"OpenStreetMap"},"geometry":{"type":"Point","coordinates":[118.8164665,32.0542653]}},{"type":"Feature","properties":{"node_id":"1166142809","node_origin":"osm_node","degree":3,"is_intersection":true,"source":"OpenStreetMap"},"geometry":{"type":"Point","coordinates":[118.8158317,32.0509827]}},{"type":"Feature","properties":{"node_id":"1166142810","node_origin":"osm_node","degree":2,"is_intersection":false,"source":"OpenStreetMap"},"geometry":{"type":"Point","coordinates":[118.8152347,32.0545375]}},{"type":"Feature","properties":{"node_id":"1166142812","node_origin":"osm_node","degree":2,"is_intersection":false,"source":"OpenStreetMap"},"geometry":{"type":"Point","coordinates":[118.8160549,32.0491841]}},{"type":"Feature","properties":{"node_id":"1166142814","node_origin":"osm_node","degree":2,"is_intersection":false,"source":"OpenStreetMap"},"geometry":{"type":"Point","coordinates":[118.8151376,32.0510437]}},{"type":"Feature","properties":{"node_id":"1166142816","node_origin":"osm_node","degree":2,"is_intersection":false,"source":"OpenStreetMap"},"geometry":{"type":"Point","coordinates":[118.8154648,32.0490432]}},{"type":"Feature","properties":{"node_id":"1166142818","node_origin":"osm_node","degree":2,"is_intersection":false,"source":"OpenStreetMap"},"geometry":{"type":"Point","coordinates":[118.8177125,32.0541309]}},{"type":"Feature","properties":{"node_id":"1166142824","node_origin":"osm_node","degree":3,"is_intersection":true,"source":"OpenStreetMap"},"geometry":{"type":"Point","coordinates":[118.8140446,32.0511733]}},{"type":"Feature","properties":{"node_id":"1166142826","node_origin":"osm_node","degree":2,"is_intersection":false,"source":"OpenStreetMap"},"geometry":{"type":"Point","coordinates":[118.8160549,32.0493478]}},{"type":"Feature","properties":{"node_id":"1166142827","node_origin":"osm_node","degree":2,"is_intersection":false,"source":"OpenStreetMap"},"geometry":{"type":"Point","coordinates":[118.8160774,32.0508315]}},{"type":"Feature","properties":{"node_id":"1166142829","node_origin":"osm_node","degree":2,"is_intersection":false,"source":"OpenStreetMap"},"geometry":{"type":"Point","coordinates":[118.8149807,32.0545615]}},{"type":"Feature","properties":{"node_id":"1166142833","node_origin":"osm_node","degree":2,"is_intersection":false,"source":"OpenStreetMap"},"geometry":{"type":"Point","coordinates":[118.8147608,32.0544515]}},{"type":"Feature","properties":{"node_id":"1166142840","node_origin":"osm_node","degree":2,"is_intersection":false,"source":"OpenStreetMap"},"geometry":{"type":"Point","coordinates":[118.8139735,32.0492159]}},{"type":"Feature","properties":{"node_id":"1166142841","node_origin":"osm_node","degree":2,"is_intersection":false,"source":"OpenStreetMap"},"geometry":{"type":"Point","coordinates":[118.8180505,32.0540127]}},{"type":"Feature","properties":{"node_id":"1166142842","node_origin":"osm_node","degree":3,"is_intersection":true,"source":"OpenStreetMap"},"geometry":{"type":"Point","coordinates":[118.8160831,32.0510534]}},{"type":"Feature","properties":{"node_id":"1166142844","node_origin":"osm_node","degree":2,"is_intersection":false,"source":"OpenStreetMap"},"geometry":{"type":"Point","coordinates":[118.8160656,32.0500889]}},{"type":"Feature","properties":{"node_id":"1166142846","node_origin":"osm_node","degree":2,"is_intersection":false,"source":"OpenStreetMap"},"geometry":{"type":"Point","coordinates":[118.8141445,32.0546938]}},{"type":"Feature","properties":{"node_id":"1166142848","node_origin":"osm_node","degree":2,"is_intersection":false,"source":"OpenStreetMap"},"geometry":{"type":"Point","coordinates":[118.8144295,32.0491659]}},{"type":"Feature","properties":{"node_id":"1166142850","node_origin":"osm_node","degree":2,"is_intersection":false,"source":"OpenStreetMap"},"geometry":{"type":"Point","coordinates":[118.8167952,32.0478473]}},{"type":"Feature","properties":{"node_id":"1166142856","node_origin":"osm_node","degree":2,"is_intersection":false,"source":"OpenStreetMap"},"geometry":{"type":"Point","coordinates":[118.8186888,32.0537536]}},{"type":"Feature","properties":{"node_id":"1166142857","node_origin":"osm_node","degree":3,"is_intersection":true,"source":"OpenStreetMap"},"geometry":{"type":"Point","coordinates":[118.8136492,32.0492595]}},{"type":"Feature","properties":{"node_id":"1166142859","node_origin":"osm_node","degree":2,"is_intersection":false,"source":"OpenStreetMap"},"geometry":{"type":"Point","coordinates":[118.8157144,32.0544375]}},{"type":"Feature","properties":{"node_id":"1166142861","node_origin":"osm_node","degree":2,"is_intersection":false,"source":"OpenStreetMap"},"geometry":{"type":"Point","coordinates":[118.8158252,32.0509415]}},{"type":"Feature","properties":{"node_id":"1166142862","node_origin":"osm_node","degree":2,"is_intersection":false,"source":"OpenStreetMap"},"geometry":{"type":"Point","coordinates":[118.816071,32.0504845]}},{"type":"Feature","properties":{"node_id":"1166142863","node_origin":"osm_node","degree":2,"is_intersection":false,"source":"OpenStreetMap"},"geometry":{"type":"Point","coordinates":[118.8161142,32.0508611]}},{"type":"Feature","properties":{"node_id":"1166142871","node_origin":"osm_node","degree":2,"is_intersection":false,"source":"OpenStreetMap"},"geometry":{"type":"Point","coordinates":[118.8158336,32.0509005]}},{"type":"Feature","properties":{"node_id":"1166142873","node_origin":"osm_node","degree":2,"is_intersection":false,"source":"OpenStreetMap"},"geometry":{"type":"Point","coordinates":[118.8170902,32.0542128]}},{"type":"Feature","properties":{"node_id":"1166142874","node_origin":"osm_node","degree":3,"is_intersection":true,"source":"OpenStreetMap"},"geometry":{"type":"Point","coordinates":[118.8162427,32.0489067]}},{"type":"Feature","properties":{"node_id":"1166142879","node_origin":"osm_node","degree":3,"is_intersection":true,"source":"OpenStreetMap"},"geometry":{"type":"Point","coordinates":[118.8167082,32.0472348]}},{"type":"Feature","properties":{"node_id":"1166142881","node_origin":"osm_node","degree":2,"is_intersection":false,"source":"OpenStreetMap"},"geometry":{"type":"Point","coordinates":[118.8159101,32.0489704]}},{"type":"Feature","properties":{"node_id":"1166142882","node_origin":"osm_node","degree":2,"is_intersection":false,"source":"OpenStreetMap"},"geometry":{"type":"Point","coordinates":[118.8149445,32.0491114]}},{"type":"Feature","properties":{"node_id":"1166142883","node_origin":"osm_node","degree":3,"is_intersection":true,"source":"OpenStreetMap"},"geometry":{"type":"Point","coordinates":[118.8160315,32.0508131]}},{"type":"Feature","properties":{"node_id":"1166142884","node_origin":"osm_node","degree":2,"is_intersection":false,"source":"OpenStreetMap"},"geometry":{"type":"Point","coordinates":[118.8159865,32.0510808]}},{"type":"Feature","properties":{"node_id":"1166142885","node_origin":"osm_node","degree":2,"is_intersection":false,"source":"OpenStreetMap"},"geometry":{"type":"Point","coordinates":[118.8160549,32.0495706]}},{"type":"Feature","properties":{"node_id":"11764934988","node_origin":"osm_node","degree":2,"is_intersection":false,"source":"OpenStreetMap"},"geometry":{"type":"Point","coordinates":[118.795651,32.050329]}},{"type":"Feature","properties":{"node_id":"11764934989","node_origin":"osm_node","degree":2,"is_intersection":false,"source":"OpenStreetMap"},"geometry":{"type":"Point","coordinates":[118.7956724,32.05042]}},{"type":"Feature","properties":{"node_id":"11764934990","node_origin":"osm_node","degree":3,"is_intersection":true,"source":"OpenStreetMap"},"geometry":{"type":"Point","coordinates":[118.7967297,32.0502483]}},{"type":"Feature","properties":{"node_id":"11764934991","node_origin":"osm_node","degree":2,"is_intersection":false,"source":"OpenStreetMap"},"geometry":{"type":"Point","coordinates":[118.7946103,32.0501654]}},{"type":"Feature","properties":{"node_id":"11764934992","node_origin":"osm_node","degree":2,"is_intersection":false,"source":"OpenStreetMap"},"geometry":{"type":"Point","coordinates":[118.7946317,32.0502399]}},{"type":"Feature","properties":{"node_id":"11764934993","node_origin":"osm_node","degree":2,"is_intersection":false,"source":"OpenStreetMap"},"geometry":{"type":"Point","coordinates":[118.7955652,32.0500599]}},{"type":"Feature","properties":{"node_id":"11764934994","node_origin":"osm_node","degree":2,"is_intersection":false,"source":"OpenStreetMap"},"geometry":{"type":"Point","coordinates":[118.7955458,32.0499762]}},{"type":"Feature","properties":{"node_id":"11764934995","node_origin":"osm_node","degree":3,"is_intersection":true,"source":"OpenStreetMap"},"geometry":{"type":"Point","coordinates":[118.7966193,32.0498048]}},{"type":"Feature","properties":{"node_id":"11764934996","node_origin":"osm_node","degree":3,"is_intersection":true,"source":"OpenStreetMap"},"geometry":{"type":"Point","coordinates":[118.7901831,32.0372964]}},{"type":"Feature","properties":{"node_id":"11764934997","node_origin":"osm_node","degree":1,"is_intersection":false,"source":"OpenStreetMap"},"geometry":{"type":"Point","coordinates":[118.7910735,32.0370836]}},{"type":"Feature","properties":{"node_id":"11764934998","node_origin":"osm_node","degree":3,"is_intersection":true,"source":"OpenStreetMap"},"geometry":{"type":"Point","coordinates":[118.7901944,32.0373912]}},{"type":"Feature","properties":{"node_id":"11764934999","node_origin":"osm_node","degree":2,"is_intersection":false,"source":"OpenStreetMap"},"geometry":{"type":"Point","coordinates":[118.7902302,32.0374128]}},{"type":"Feature","properties":{"node_id":"11764935000","node_origin":"osm_node","degree":2,"is_intersection":false,"source":"OpenStreetMap"},"geometry":{"type":"Point","coordinates":[118.7902731,32.0375384]}},{"type":"Feature","properties":{"node_id":"11764935001","node_origin":"osm_node","degree":1,"is_intersection":false,"source":"OpenStreetMap"},"geometry":{"type":"Point","coordinates":[118.7911486,32.0373328]}},{"type":"Feature","properties":{"node_id":"11764935002","node_origin":"osm_node","degree":3,"is_intersection":true,"source":"OpenStreetMap"},"geometry":{"type":"Point","coordinates":[118.7904297,32.0375016]}},{"type":"Feature","properties":{"node_id":"11764935003","node_origin":"osm_node","degree":2,"is_intersection":false,"source":"OpenStreetMap"},"geometry":{"type":"Point","coordinates":[118.7905328,32.0377694]}},{"type":"Feature","properties":{"node_id":"11764935004","node_origin":"osm_node","degree":1,"is_intersection":false,"source":"OpenStreetMap"},"geometry":{"type":"Point","coordinates":[118.7912387,32.0375856]}},{"type":"Feature","properties":{"node_id":"11764935005","node_origin":"osm_node","degree":3,"is_intersection":true,"source":"OpenStreetMap"},"geometry":{"type":"Point","coordinates":[118.7905048,32.0376967]}},{"type":"Feature","properties":{"node_id":"11764935006","node_origin":"osm_node","degree":1,"is_intersection":false,"source":"OpenStreetMap"},"geometry":{"type":"Point","coordinates":[118.7899148,32.0378712]}},{"type":"Feature","properties":{"node_id":"11764935007","node_origin":"osm_node","degree":3,"is_intersection":true,"source":"OpenStreetMap"},"geometry":{"type":"Point","coordinates":[118.7905613,32.0377619]}},{"type":"Feature","properties":{"node_id":"11764935008","node_origin":"osm_node","degree":2,"is_intersection":false,"source":"OpenStreetMap"},"geometry":{"type":"Point","coordinates":[118.7906057,32.0378821]}},{"type":"Feature","properties":{"node_id":"11764935009","node_origin":"osm_node","degree":2,"is_intersection":false,"source":"OpenStreetMap"},"geometry":{"type":"Point","coordinates":[118.7899084,32.0380877]}},{"type":"Feature","properties":{"node_id":"11764935010","node_origin":"osm_node","degree":1,"is_intersection":false,"source":"OpenStreetMap"},"geometry":{"type":"Point","coordinates":[118.7907735,32.0385817]}},{"type":"Feature","properties":{"node_id":"11764935011","node_origin":"osm_node","degree":4,"is_intersection":true,"source":"OpenStreetMap"},"geometry":{"type":"Point","coordinates":[118.7896969,32.0387541]}},{"type":"Feature","properties":{"node_id":"11764935012","node_origin":"osm_node","degree":1,"is_intersection":false,"source":"OpenStreetMap"},"geometry":{"type":"Point","coordinates":[118.7900375,32.0386399]}},{"type":"Feature","properties":{"node_id":"11764935013","node_origin":"osm_node","degree":4,"is_intersection":true,"source":"OpenStreetMap"},"geometry":{"type":"Point","coordinates":[118.7894759,32.0385445]}},{"type":"Feature","properties":{"node_id":"11764935014","node_origin":"osm_node","degree":1,"is_intersection":false,"source":"OpenStreetMap"},"geometry":{"type":"Point","coordinates":[118.7900182,32.0383634]}},{"type":"Feature","properties":{"node_id":"11764935015","node_origin":"osm_node","degree":4,"is_intersection":true,"source":"OpenStreetMap"},"geometry":{"type":"Point","coordinates":[118.7892649,32.0383563]}},{"type":"Feature","properties":{"node_id":"11764935016","node_origin":"osm_node","degree":2,"is_intersection":false,"source":"OpenStreetMap"},"geometry":{"type":"Point","coordinates":[118.7898401,32.0381742]}},{"type":"Feature","properties":{"node_id":"11764935017","node_origin":"osm_node","degree":2,"is_intersection":false,"source":"OpenStreetMap"},"geometry":{"type":"Point","coordinates":[118.7891482,32.038654]}},{"type":"Feature","properties":{"node_id":"11764935018","node_origin":"osm_node","degree":3,"is_intersection":true,"source":"OpenStreetMap"},"geometry":{"type":"Point","coordinates":[118.7889746,32.0389806]}},{"type":"Feature","properties":{"node_id":"11764935019","node_origin":"osm_node","degree":2,"is_intersection":false,"source":"OpenStreetMap"},"geometry":{"type":"Point","coordinates":[118.7890844,32.0391612]}},{"type":"Feature","properties":{"node_id":"11764935020","node_origin":"osm_node","degree":3,"is_intersection":true,"source":"OpenStreetMap"},"geometry":{"type":"Point","coordinates":[118.7882341,32.0390061]}},{"type":"Feature","properties":{"node_id":"11764935021","node_origin":"osm_node","degree":3,"is_intersection":true,"source":"OpenStreetMap"},"geometry":{"type":"Point","coordinates":[118.7888983,32.038839]}},{"type":"Feature","properties":{"node_id":"11764935022","node_origin":"osm_node","degree":2,"is_intersection":false,"source":"OpenStreetMap"},"geometry":{"type":"Point","coordinates":[118.7889165,32.038812]}},{"type":"Feature","properties":{"node_id":"11764935023","node_origin":"osm_node","degree":2,"is_intersection":false,"source":"OpenStreetMap"},"geometry":{"type":"Point","coordinates":[118.7889195,32.0387567]}},{"type":"Feature","properties":{"node_id":"11764935024","node_origin":"osm_node","degree":2,"is_intersection":false,"source":"OpenStreetMap"},"geometry":{"type":"Point","coordinates":[118.7889104,32.0386795]}},{"type":"Feature","properties":{"node_id":"11764935025","node_origin":"osm_node","degree":2,"is_intersection":false,"source":"OpenStreetMap"},"geometry":{"type":"Point","coordinates":[118.7887026,32.0383605]}},{"type":"Feature","properties":{"node_id":"11764935026","node_origin":"osm_node","degree":3,"is_intersection":true,"source":"OpenStreetMap"},"geometry":{"type":"Point","coordinates":[118.7885888,32.0382178]}},{"type":"Feature","properties":{"node_id":"11764935027","node_origin":"osm_node","degree":3,"is_intersection":true,"source":"OpenStreetMap"},"geometry":{"type":"Point","coordinates":[118.7889169,32.0387344]}},{"type":"Feature","properties":{"node_id":"11764935028","node_origin":"osm_node","degree":3,"is_intersection":true,"source":"OpenStreetMap"},"geometry":{"type":"Point","coordinates":[118.7888483,32.0385842]}},{"type":"Feature","properties":{"node_id":"11764935029","node_origin":"osm_node","degree":3,"is_intersection":true,"source":"OpenStreetMap"},"geometry":{"type":"Point","coordinates":[118.7890933,32.0382067]}},{"type":"Feature","properties":{"node_id":"11764935030","node_origin":"osm_node","degree":3,"is_intersection":true,"source":"OpenStreetMap"},"geometry":{"type":"Point","coordinates":[118.7887247,32.0383945]}},{"type":"Feature","properties":{"node_id":"11764935031","node_origin":"osm_node","degree":3,"is_intersection":true,"source":"OpenStreetMap"},"geometry":{"type":"Point","coordinates":[118.7880386,32.0383848]}},{"type":"Feature","properties":{"node_id":"11764935032","node_origin":"osm_node","degree":2,"is_intersection":false,"source":"OpenStreetMap"},"geometry":{"type":"Point","coordinates":[118.7884643,32.0382859]}},{"type":"Feature","properties":{"node_id":"11764935033","node_origin":"osm_node","degree":2,"is_intersection":false,"source":"OpenStreetMap"},"geometry":{"type":"Point","coordinates":[118.7885296,32.0382563]}},{"type":"Feature","properties":{"node_id":"11764935034","node_origin":"osm_node","degree":3,"is_intersection":true,"source":"OpenStreetMap"},"geometry":{"type":"Point","coordinates":[118.78892,32.0380463]}},{"type":"Feature","properties":{"node_id":"11764935035","node_origin":"osm_node","degree":2,"is_intersection":false,"source":"OpenStreetMap"},"geometry":{"type":"Point","coordinates":[118.7888156,32.0379479]}},{"type":"Feature","properties":{"node_id":"11764935039","node_origin":"osm_node","degree":2,"is_intersection":false,"source":"OpenStreetMap"},"geometry":{"type":"Point","coordinates":[118.7878977,32.037919]}},{"type":"Feature","properties":{"node_id":"11764935040","node_origin":"osm_node","degree":2,"is_intersection":false,"source":"OpenStreetMap"},"geometry":{"type":"Point","coordinates":[118.7885458,32.0377104]}},{"type":"Feature","properties":{"node_id":"11764935058","node_origin":"osm_node","degree":2,"is_intersection":false,"source":"OpenStreetMap"},"geometry":{"type":"Point","coordinates":[118.793238,32.0379457]}},{"type":"Feature","properties":{"node_id":"11764996288","node_origin":"osm_node","degree":2,"is_intersection":false,"source":"OpenStreetMap"},"geometry":{"type":"Point","coordinates":[118.7938627,32.0381376]}},{"type":"Feature","properties":{"node_id":"11792626350","node_origin":"osm_node","degree":2,"is_intersection":false,"source":"OpenStreetMap"},"geometry":{"type":"Point","coordinates":[118.807861,32.0592071]}},{"type":"Feature","properties":{"node_id":"11792820837","node_origin":"osm_node","degree":2,"is_intersection":false,"source":"OpenStreetMap"},"geometry":{"type":"Point","coordinates":[118.8031598,32.0580844]}},{"type":"Feature","properties":{"node_id":"11792820838","node_origin":"osm_node","degree":2,"is_intersection":false,"source":"OpenStreetMap"},"geometry":{"type":"Point","coordinates":[118.8031186,32.057706]}},{"type":"Feature","properties":{"node_id":"11792820839","node_origin":"osm_node","degree":2,"is_intersection":false,"source":"OpenStreetMap"},"geometry":{"type":"Point","coordinates":[118.8031325,32.0578332]}},{"type":"Feature","properties":{"node_id":"11871513052","node_origin":"osm_node","degree":1,"is_intersection":false,"source":"OpenStreetMap"},"geometry":{"type":"Point","coordinates":[118.8168787,32.070073]}},{"type":"Feature","properties":{"node_id":"11871513053","node_origin":"osm_node","degree":2,"is_intersection":false,"source":"OpenStreetMap"},"geometry":{"type":"Point","coordinates":[118.8169799,32.0701791]}},{"type":"Feature","properties":{"node_id":"11871513054","node_origin":"osm_node","degree":2,"is_intersection":false,"source":"OpenStreetMap"},"geometry":{"type":"Point","coordinates":[118.8170904,32.0702662]}},{"type":"Feature","properties":{"node_id":"11871513055","node_origin":"osm_node","degree":2,"is_intersection":false,"source":"OpenStreetMap"},"geometry":{"type":"Point","coordinates":[118.8171293,32.0703902]}},{"type":"Feature","properties":{"node_id":"11871513056","node_origin":"osm_node","degree":2,"is_intersection":false,"source":"OpenStreetMap"},"geometry":{"type":"Point","coordinates":[118.817039,32.0705933]}},{"type":"Feature","properties":{"node_id":"11871513057","node_origin":"osm_node","degree":2,"is_intersection":false,"source":"OpenStreetMap"},"geometry":{"type":"Point","coordinates":[118.8166794,32.0706323]}},{"type":"Feature","properties":{"node_id":"11871513058","node_origin":"osm_node","degree":2,"is_intersection":false,"source":"OpenStreetMap"},"geometry":{"type":"Point","coordinates":[118.8162101,32.0707734]}},{"type":"Feature","properties":{"node_id":"11871513059","node_origin":"osm_node","degree":2,"is_intersection":false,"source":"OpenStreetMap"},"geometry":{"type":"Point","coordinates":[118.8158762,32.0708552]}},{"type":"Feature","properties":{"node_id":"11871513060","node_origin":"osm_node","degree":2,"is_intersection":false,"source":"OpenStreetMap"},"geometry":{"type":"Point","coordinates":[118.8157345,32.0709291]}},{"type":"Feature","properties":{"node_id":"11871513061","node_origin":"osm_node","degree":2,"is_intersection":false,"source":"OpenStreetMap"},"geometry":{"type":"Point","coordinates":[118.8159929,32.0714422]}},{"type":"Feature","properties":{"node_id":"11871513062","node_origin":"osm_node","degree":2,"is_intersection":false,"source":"OpenStreetMap"},"geometry":{"type":"Point","coordinates":[118.8161681,32.0717983]}},{"type":"Feature","properties":{"node_id":"11871513063","node_origin":"osm_node","degree":2,"is_intersection":false,"source":"OpenStreetMap"},"geometry":{"type":"Point","coordinates":[118.8163899,32.072167]}},{"type":"Feature","properties":{"node_id":"11871513064","node_origin":"osm_node","degree":1,"is_intersection":false,"source":"OpenStreetMap"},"geometry":{"type":"Point","coordinates":[118.816861,32.070068]}},{"type":"Feature","properties":{"node_id":"11871513065","node_origin":"osm_node","degree":2,"is_intersection":false,"source":"OpenStreetMap"},"geometry":{"type":"Point","coordinates":[118.8168178,32.070075]}},{"type":"Feature","properties":{"node_id":"11871513066","node_origin":"osm_node","degree":2,"is_intersection":false,"source":"OpenStreetMap"},"geometry":{"type":"Point","coordinates":[118.8166381,32.0700567]}},{"type":"Feature","properties":{"node_id":"11871513067","node_origin":"osm_node","degree":2,"is_intersection":false,"source":"OpenStreetMap"},"geometry":{"type":"Point","coordinates":[118.8165102,32.0700371]}},{"type":"Feature","properties":{"node_id":"11871513068","node_origin":"osm_node","degree":2,"is_intersection":false,"source":"OpenStreetMap"},"geometry":{"type":"Point","coordinates":[118.8162879,32.0700075]}},{"type":"Feature","properties":{"node_id":"11871552369","node_origin":"osm_node","degree":2,"is_intersection":false,"source":"OpenStreetMap"},"geometry":{"type":"Point","coordinates":[118.816123,32.069974]}},{"type":"Feature","properties":{"node_id":"11871552370","node_origin":"osm_node","degree":2,"is_intersection":false,"source":"OpenStreetMap"},"geometry":{"type":"Point","coordinates":[118.8160404,32.0699431]}},{"type":"Feature","properties":{"node_id":"11871552371","node_origin":"osm_node","degree":2,"is_intersection":false,"source":"OpenStreetMap"},"geometry":{"type":"Point","coordinates":[118.8159402,32.0698422]}},{"type":"Feature","properties":{"node_id":"11871552372","node_origin":"osm_node","degree":2,"is_intersection":false,"source":"OpenStreetMap"},"geometry":{"type":"Point","coordinates":[118.8159603,32.0696168]}},{"type":"Feature","properties":{"node_id":"11871552373","node_origin":"osm_node","degree":2,"is_intersection":false,"source":"OpenStreetMap"},"geometry":{"type":"Point","coordinates":[118.8159716,32.069481]}},{"type":"Feature","properties":{"node_id":"11871552374","node_origin":"osm_node","degree":2,"is_intersection":false,"source":"OpenStreetMap"},"geometry":{"type":"Point","coordinates":[118.8159459,32.0693409]}},{"type":"Feature","properties":{"node_id":"11871552375","node_origin":"osm_node","degree":2,"is_intersection":false,"source":"OpenStreetMap"},"geometry":{"type":"Point","coordinates":[118.8159243,32.0692325]}},{"type":"Feature","properties":{"node_id":"11871552376","node_origin":"osm_node","degree":2,"is_intersection":false,"source":"OpenStreetMap"},"geometry":{"type":"Point","coordinates":[118.8159536,32.0690746]}},{"type":"Feature","properties":{"node_id":"11871552377","node_origin":"osm_node","degree":2,"is_intersection":false,"source":"OpenStreetMap"},"geometry":{"type":"Point","coordinates":[118.816008,32.0689849]}},{"type":"Feature","properties":{"node_id":"11871552378","node_origin":"osm_node","degree":2,"is_intersection":false,"source":"OpenStreetMap"},"geometry":{"type":"Point","coordinates":[118.8160244,32.0689523]}},{"type":"Feature","properties":{"node_id":"11871552379","node_origin":"osm_node","degree":2,"is_intersection":false,"source":"OpenStreetMap"},"geometry":{"type":"Point","coordinates":[118.8160034,32.0688113]}},{"type":"Feature","properties":{"node_id":"11871552380","node_origin":"osm_node","degree":2,"is_intersection":false,"source":"OpenStreetMap"},"geometry":{"type":"Point","coordinates":[118.8159438,32.0686112]}},{"type":"Feature","properties":{"node_id":"11871552381","node_origin":"osm_node","degree":2,"is_intersection":false,"source":"OpenStreetMap"},"geometry":{"type":"Point","coordinates":[118.815931,32.0685011]}},{"type":"Feature","properties":{"node_id":"11871552382","node_origin":"osm_node","degree":2,"is_intersection":false,"source":"OpenStreetMap"},"geometry":{"type":"Point","coordinates":[118.815911,32.0683949]}},{"type":"Feature","properties":{"node_id":"11871552383","node_origin":"osm_node","degree":2,"is_intersection":false,"source":"OpenStreetMap"},"geometry":{"type":"Point","coordinates":[118.8160034,32.0682569]}},{"type":"Feature","properties":{"node_id":"11871552384","node_origin":"osm_node","degree":2,"is_intersection":false,"source":"OpenStreetMap"},"geometry":{"type":"Point","coordinates":[118.8160034,32.0681782]}},{"type":"Feature","properties":{"node_id":"11871552385","node_origin":"osm_node","degree":2,"is_intersection":false,"source":"OpenStreetMap"},"geometry":{"type":"Point","coordinates":[118.8160193,32.0678727]}},{"type":"Feature","properties":{"node_id":"11871552386","node_origin":"osm_node","degree":2,"is_intersection":false,"source":"OpenStreetMap"},"geometry":{"type":"Point","coordinates":[118.8160065,32.0676629]}},{"type":"Feature","properties":{"node_id":"11871552387","node_origin":"osm_node","degree":2,"is_intersection":false,"source":"OpenStreetMap"},"geometry":{"type":"Point","coordinates":[118.8160044,32.0675215]}},{"type":"Feature","properties":{"node_id":"11871552388","node_origin":"osm_node","degree":2,"is_intersection":false,"source":"OpenStreetMap"},"geometry":{"type":"Point","coordinates":[118.8159782,32.0674193]}},{"type":"Feature","properties":{"node_id":"11871552389","node_origin":"osm_node","degree":2,"is_intersection":false,"source":"OpenStreetMap"},"geometry":{"type":"Point","coordinates":[118.8158817,32.067233]}},{"type":"Feature","properties":{"node_id":"11871552390","node_origin":"osm_node","degree":2,"is_intersection":false,"source":"OpenStreetMap"},"geometry":{"type":"Point","coordinates":[118.8158709,32.0671486]}},{"type":"Feature","properties":{"node_id":"11871552391","node_origin":"osm_node","degree":2,"is_intersection":false,"source":"OpenStreetMap"},"geometry":{"type":"Point","coordinates":[118.8158519,32.0670502]}},{"type":"Feature","properties":{"node_id":"11871552392","node_origin":"osm_node","degree":2,"is_intersection":false,"source":"OpenStreetMap"},"geometry":{"type":"Point","coordinates":[118.8157759,32.066837]}},{"type":"Feature","properties":{"node_id":"11871552393","node_origin":"osm_node","degree":2,"is_intersection":false,"source":"OpenStreetMap"},"geometry":{"type":"Point","coordinates":[118.8156727,32.0666564]}},{"type":"Feature","properties":{"node_id":"11871552394","node_origin":"osm_node","degree":2,"is_intersection":false,"source":"OpenStreetMap"},"geometry":{"type":"Point","coordinates":[118.8156301,32.0665537]}},{"type":"Feature","properties":{"node_id":"11871552395","node_origin":"osm_node","degree":2,"is_intersection":false,"source":"OpenStreetMap"},"geometry":{"type":"Point","coordinates":[118.8155382,32.0664293]}},{"type":"Feature","properties":{"node_id":"11871552396","node_origin":"osm_node","degree":2,"is_intersection":false,"source":"OpenStreetMap"},"geometry":{"type":"Point","coordinates":[118.8154134,32.0662565]}},{"type":"Feature","properties":{"node_id":"11871552397","node_origin":"osm_node","degree":2,"is_intersection":false,"source":"OpenStreetMap"},"geometry":{"type":"Point","coordinates":[118.8153954,32.0661777]}},{"type":"Feature","properties":{"node_id":"11871552398","node_origin":"osm_node","degree":2,"is_intersection":false,"source":"OpenStreetMap"},"geometry":{"type":"Point","coordinates":[118.8153918,32.065934]}},{"type":"Feature","properties":{"node_id":"11871552399","node_origin":"osm_node","degree":2,"is_intersection":false,"source":"OpenStreetMap"},"geometry":{"type":"Point","coordinates":[118.815399,32.0658022]}},{"type":"Feature","properties":{"node_id":"11871552400","node_origin":"osm_node","degree":2,"is_intersection":false,"source":"OpenStreetMap"},"geometry":{"type":"Point","coordinates":[118.8153702,32.0656407]}},{"type":"Feature","properties":{"node_id":"11871552401","node_origin":"osm_node","degree":2,"is_intersection":false,"source":"OpenStreetMap"},"geometry":{"type":"Point","coordinates":[118.8153374,32.0654924]}},{"type":"Feature","properties":{"node_id":"11871552402","node_origin":"osm_node","degree":2,"is_intersection":false,"source":"OpenStreetMap"},"geometry":{"type":"Point","coordinates":[118.8152948,32.0651977]}},{"type":"Feature","properties":{"node_id":"11871552403","node_origin":"osm_node","degree":2,"is_intersection":false,"source":"OpenStreetMap"},"geometry":{"type":"Point","coordinates":[118.8152514,32.0649129]}},{"type":"Feature","properties":{"node_id":"11871552404","node_origin":"osm_node","degree":2,"is_intersection":false,"source":"OpenStreetMap"},"geometry":{"type":"Point","coordinates":[118.8152023,32.0646235]}},{"type":"Feature","properties":{"node_id":"11871552405","node_origin":"osm_node","degree":3,"is_intersection":true,"source":"OpenStreetMap"},"geometry":{"type":"Point","coordinates":[118.8151522,32.0642795]}},{"type":"Feature","properties":{"node_id":"11871552406","node_origin":"osm_node","degree":2,"is_intersection":false,"source":"OpenStreetMap"},"geometry":{"type":"Point","coordinates":[118.8150404,32.0641984]}},{"type":"Feature","properties":{"node_id":"11871552407","node_origin":"osm_node","degree":2,"is_intersection":false,"source":"OpenStreetMap"},"geometry":{"type":"Point","coordinates":[118.8148876,32.0640931]}},{"type":"Feature","properties":{"node_id":"11871552408","node_origin":"osm_node","degree":2,"is_intersection":false,"source":"OpenStreetMap"},"geometry":{"type":"Point","coordinates":[118.8148205,32.0640355]}},{"type":"Feature","properties":{"node_id":"11871552409","node_origin":"osm_node","degree":2,"is_intersection":false,"source":"OpenStreetMap"},"geometry":{"type":"Point","coordinates":[118.814698,32.0640704]}},{"type":"Feature","properties":{"node_id":"11871552410","node_origin":"osm_node","degree":2,"is_intersection":false,"source":"OpenStreetMap"},"geometry":{"type":"Point","coordinates":[118.8146131,32.0641439]}},{"type":"Feature","properties":{"node_id":"11871552411","node_origin":"osm_node","degree":2,"is_intersection":false,"source":"OpenStreetMap"},"geometry":{"type":"Point","coordinates":[118.8144486,32.0642121]}},{"type":"Feature","properties":{"node_id":"11871552412","node_origin":"osm_node","degree":2,"is_intersection":false,"source":"OpenStreetMap"},"geometry":{"type":"Point","coordinates":[118.8142367,32.0642689]}},{"type":"Feature","properties":{"node_id":"11871552413","node_origin":"osm_node","degree":1,"is_intersection":false,"source":"OpenStreetMap"},"geometry":{"type":"Point","coordinates":[118.8141786,32.0642886]}},{"type":"Feature","properties":{"node_id":"11871552414","node_origin":"osm_node","degree":2,"is_intersection":false,"source":"OpenStreetMap"},"geometry":{"type":"Point","coordinates":[118.8152014,32.0642371]}},{"type":"Feature","properties":{"node_id":"11871552415","node_origin":"osm_node","degree":2,"is_intersection":false,"source":"OpenStreetMap"},"geometry":{"type":"Point","coordinates":[118.8153739,32.0640976]}},{"type":"Feature","properties":{"node_id":"11871552416","node_origin":"osm_node","degree":2,"is_intersection":false,"source":"OpenStreetMap"},"geometry":{"type":"Point","coordinates":[118.8154937,32.0637923]}},{"type":"Feature","properties":{"node_id":"11871552417","node_origin":"osm_node","degree":2,"is_intersection":false,"source":"OpenStreetMap"},"geometry":{"type":"Point","coordinates":[118.8156893,32.0634656]}},{"type":"Feature","properties":{"node_id":"11871552430","node_origin":"osm_node","degree":1,"is_intersection":false,"source":"OpenStreetMap"},"geometry":{"type":"Point","coordinates":[118.8162513,32.0722646]}},{"type":"Feature","properties":{"node_id":"11874169867","node_origin":"osm_node","degree":2,"is_intersection":false,"source":"OpenStreetMap"},"geometry":{"type":"Point","coordinates":[118.8080881,32.0654323]}},{"type":"Feature","properties":{"node_id":"11874170374","node_origin":"osm_node","degree":2,"is_intersection":false,"source":"OpenStreetMap"},"geometry":{"type":"Point","coordinates":[118.8093398,32.0645444]}},{"type":"Feature","properties":{"node_id":"11874179839","node_origin":"osm_node","degree":2,"is_intersection":false,"source":"OpenStreetMap"},"geometry":{"type":"Point","coordinates":[118.807347,32.0659983]}},{"type":"Feature","properties":{"node_id":"11874179840","node_origin":"osm_node","degree":2,"is_intersection":false,"source":"OpenStreetMap"},"geometry":{"type":"Point","coordinates":[118.8078246,32.0656336]}},{"type":"Feature","properties":{"node_id":"11874179841","node_origin":"osm_node","degree":2,"is_intersection":false,"source":"OpenStreetMap"},"geometry":{"type":"Point","coordinates":[118.8066419,32.0664296]}},{"type":"Feature","properties":{"node_id":"11874179842","node_origin":"osm_node","degree":2,"is_intersection":false,"source":"OpenStreetMap"},"geometry":{"type":"Point","coordinates":[118.8069807,32.0661799]}},{"type":"Feature","properties":{"node_id":"11874179843","node_origin":"osm_node","degree":1,"is_intersection":false,"source":"OpenStreetMap"},"geometry":{"type":"Point","coordinates":[118.8061576,32.0670676]}},{"type":"Feature","properties":{"node_id":"11874193505","node_origin":"osm_node","degree":2,"is_intersection":false,"source":"OpenStreetMap"},"geometry":{"type":"Point","coordinates":[118.8068314,32.0611225]}},{"type":"Feature","properties":{"node_id":"11874193506","node_origin":"osm_node","degree":2,"is_intersection":false,"source":"OpenStreetMap"},"geometry":{"type":"Point","coordinates":[118.8072049,32.0610427]}},{"type":"Feature","properties":{"node_id":"11874193507","node_origin":"osm_node","degree":2,"is_intersection":false,"source":"OpenStreetMap"},"geometry":{"type":"Point","coordinates":[118.8076706,32.0610172]}},{"type":"Feature","properties":{"node_id":"11874193508","node_origin":"osm_node","degree":2,"is_intersection":false,"source":"OpenStreetMap"},"geometry":{"type":"Point","coordinates":[118.8074999,32.0609796]}},{"type":"Feature","properties":{"node_id":"11874193509","node_origin":"osm_node","degree":2,"is_intersection":false,"source":"OpenStreetMap"},"geometry":{"type":"Point","coordinates":[118.8060376,32.0611564]}},{"type":"Feature","properties":{"node_id":"11874193510","node_origin":"osm_node","degree":2,"is_intersection":false,"source":"OpenStreetMap"},"geometry":{"type":"Point","coordinates":[118.8062433,32.0612482]}},{"type":"Feature","properties":{"node_id":"11874193511","node_origin":"osm_node","degree":2,"is_intersection":false,"source":"OpenStreetMap"},"geometry":{"type":"Point","coordinates":[118.8063988,32.061215]}},{"type":"Feature","properties":{"node_id":"11876268961","node_origin":"osm_node","degree":2,"is_intersection":false,"source":"OpenStreetMap"},"geometry":{"type":"Point","coordinates":[118.8071674,32.0736654]}},{"type":"Feature","properties":{"node_id":"11876268962","node_origin":"osm_node","degree":2,"is_intersection":false,"source":"OpenStreetMap"},"geometry":{"type":"Point","coordinates":[118.7930748,32.0598284]}},{"type":"Feature","properties":{"node_id":"11876544531","node_origin":"osm_node","degree":2,"is_intersection":false,"source":"OpenStreetMap"},"geometry":{"type":"Point","coordinates":[118.778896,32.0613859]}},{"type":"Feature","properties":{"node_id":"11876558716","node_origin":"osm_node","degree":2,"is_intersection":false,"source":"OpenStreetMap"},"geometry":{"type":"Point","coordinates":[118.8105861,32.0739348]}},{"type":"Feature","properties":{"node_id":"11876558717","node_origin":"osm_node","degree":2,"is_intersection":false,"source":"OpenStreetMap"},"geometry":{"type":"Point","coordinates":[118.8101713,32.0753312]}},{"type":"Feature","properties":{"node_id":"11876558718","node_origin":"osm_node","degree":1,"is_intersection":false,"source":"OpenStreetMap"},"geometry":{"type":"Point","coordinates":[118.810005,32.0759846]}},{"type":"Feature","properties":{"node_id":"11878049986","node_origin":"osm_node","degree":2,"is_intersection":false,"source":"OpenStreetMap"},"geometry":{"type":"Point","coordinates":[118.7791284,32.0613255]}},{"type":"Feature","properties":{"node_id":"11886544661","node_origin":"osm_node","degree":2,"is_intersection":false,"source":"OpenStreetMap"},"geometry":{"type":"Point","coordinates":[118.8158325,32.0634295]}},{"type":"Feature","properties":{"node_id":"11886544662","node_origin":"osm_node","degree":2,"is_intersection":false,"source":"OpenStreetMap"},"geometry":{"type":"Point","coordinates":[118.8159674,32.0633647]}},{"type":"Feature","properties":{"node_id":"11886544663","node_origin":"osm_node","degree":2,"is_intersection":false,"source":"OpenStreetMap"},"geometry":{"type":"Point","coordinates":[118.8160961,32.0633015]}},{"type":"Feature","properties":{"node_id":"11886544664","node_origin":"osm_node","degree":2,"is_intersection":false,"source":"OpenStreetMap"},"geometry":{"type":"Point","coordinates":[118.8162221,32.0632843]}},{"type":"Feature","properties":{"node_id":"11886544665","node_origin":"osm_node","degree":2,"is_intersection":false,"source":"OpenStreetMap"},"geometry":{"type":"Point","coordinates":[118.8163251,32.0632837]}},{"type":"Feature","properties":{"node_id":"11886544666","node_origin":"osm_node","degree":2,"is_intersection":false,"source":"OpenStreetMap"},"geometry":{"type":"Point","coordinates":[118.8163875,32.0632923]}},{"type":"Feature","properties":{"node_id":"11886544667","node_origin":"osm_node","degree":1,"is_intersection":false,"source":"OpenStreetMap"},"geometry":{"type":"Point","coordinates":[118.8164317,32.0632999]}},{"type":"Feature","properties":{"node_id":"11917423316","node_origin":"osm_node","degree":2,"is_intersection":false,"source":"OpenStreetMap"},"geometry":{"type":"Point","coordinates":[118.8251463,32.0802722]}},{"type":"Feature","properties":{"node_id":"11917431181","node_origin":"osm_node","degree":2,"is_intersection":false,"source":"OpenStreetMap"},"geometry":{"type":"Point","coordinates":[118.8257796,32.0833931]}},{"type":"Feature","properties":{"node_id":"11917431182","node_origin":"osm_node","degree":2,"is_intersection":false,"source":"OpenStreetMap"},"geometry":{"type":"Point","coordinates":[118.8257096,32.0834907]}},{"type":"Feature","properties":{"node_id":"11917431183","node_origin":"osm_node","degree":1,"is_intersection":false,"source":"OpenStreetMap"},"geometry":{"type":"Point","coordinates":[118.8256239,32.0836054]}},{"type":"Feature","properties":{"node_id":"11917611405","node_origin":"osm_node","degree":2,"is_intersection":false,"source":"OpenStreetMap"},"geometry":{"type":"Point","coordinates":[118.8250613,32.0802497]}},{"type":"Feature","properties":{"node_id":"11955448996","node_origin":"osm_node","degree":2,"is_intersection":false,"source":"OpenStreetMap"},"geometry":{"type":"Point","coordinates":[118.7672257,32.0763868]}},{"type":"Feature","properties":{"node_id":"1212800598","node_origin":"osm_node","degree":3,"is_intersection":true,"source":"OpenStreetMap"},"geometry":{"type":"Point","coordinates":[118.7835405,32.0542014]}},{"type":"Feature","properties":{"node_id":"1212800599","node_origin":"osm_node","degree":3,"is_intersection":true,"source":"OpenStreetMap"},"geometry":{"type":"Point","coordinates":[118.7838485,32.0560055]}},{"type":"Feature","properties":{"node_id":"1212802363","node_origin":"osm_node","degree":2,"is_intersection":false,"source":"OpenStreetMap"},"geometry":{"type":"Point","coordinates":[118.797558,32.0368247]}},{"type":"Feature","properties":{"node_id":"1212802365","node_origin":"osm_node","degree":2,"is_intersection":false,"source":"OpenStreetMap"},"geometry":{"type":"Point","coordinates":[118.7991972,32.0410593]}},{"type":"Feature","properties":{"node_id":"1214442327","node_origin":"osm_node","degree":2,"is_intersection":false,"source":"OpenStreetMap"},"geometry":{"type":"Point","coordinates":[118.8028651,32.0553869]}},{"type":"Feature","properties":{"node_id":"1214442328","node_origin":"osm_node","degree":3,"is_intersection":true,"source":"OpenStreetMap"},"geometry":{"type":"Point","coordinates":[118.8032585,32.059458]}},{"type":"Feature","properties":{"node_id":"1214442330","node_origin":"osm_node","degree":3,"is_intersection":true,"source":"OpenStreetMap"},"geometry":{"type":"Point","coordinates":[118.8029421,32.0593947]}},{"type":"Feature","properties":{"node_id":"1214442331","node_origin":"osm_node","degree":2,"is_intersection":false,"source":"OpenStreetMap"},"geometry":{"type":"Point","coordinates":[118.8015257,32.0501689]}},{"type":"Feature","properties":{"node_id":"1214442332","node_origin":"osm_node","degree":2,"is_intersection":false,"source":"OpenStreetMap"},"geometry":{"type":"Point","coordinates":[118.802555,32.0534548]}},{"type":"Feature","properties":{"node_id":"1214452937","node_origin":"osm_node","degree":2,"is_intersection":false,"source":"OpenStreetMap"},"geometry":{"type":"Point","coordinates":[118.8000421,32.0453875]}},{"type":"Feature","properties":{"node_id":"1214452949","node_origin":"osm_node","degree":2,"is_intersection":false,"source":"OpenStreetMap"},"geometry":{"type":"Point","coordinates":[118.8028206,32.0548619]}},{"type":"Feature","properties":{"node_id":"12145076939","node_origin":"osm_node","degree":2,"is_intersection":false,"source":"OpenStreetMap"},"geometry":{"type":"Point","coordinates":[118.7735382,32.0457938]}},{"type":"Feature","properties":{"node_id":"1218641536","node_origin":"osm_node","degree":2,"is_intersection":false,"source":"OpenStreetMap"},"geometry":{"type":"Point","coordinates":[118.8142954,32.0557452]}},{"type":"Feature","properties":{"node_id":"1218641538","node_origin":"osm_node","degree":2,"is_intersection":false,"source":"OpenStreetMap"},"geometry":{"type":"Point","coordinates":[118.8142739,32.0559907]}},{"type":"Feature","properties":{"node_id":"1218641540","node_origin":"osm_node","degree":2,"is_intersection":false,"source":"OpenStreetMap"},"geometry":{"type":"Point","coordinates":[118.8139628,32.0639376]}},{"type":"Feature","properties":{"node_id":"1218641542","node_origin":"osm_node","degree":2,"is_intersection":false,"source":"OpenStreetMap"},"geometry":{"type":"Point","coordinates":[118.8144349,32.0626374]}},{"type":"Feature","properties":{"node_id":"1218641544","node_origin":"osm_node","degree":2,"is_intersection":false,"source":"OpenStreetMap"},"geometry":{"type":"Point","coordinates":[118.8142525,32.0569727]}},{"type":"Feature","properties":{"node_id":"1218641555","node_origin":"osm_node","degree":2,"is_intersection":false,"source":"OpenStreetMap"},"geometry":{"type":"Point","coordinates":[118.81451,32.062101]}},{"type":"Feature","properties":{"node_id":"1218641557","node_origin":"osm_node","degree":2,"is_intersection":false,"source":"OpenStreetMap"},"geometry":{"type":"Point","coordinates":[118.8144778,32.0611826]}},{"type":"Feature","properties":{"node_id":"1218641558","node_origin":"osm_node","degree":2,"is_intersection":false,"source":"OpenStreetMap"},"geometry":{"type":"Point","coordinates":[118.8146323,32.063403]}},{"type":"Feature","properties":{"node_id":"1218641559","node_origin":"osm_node","degree":2,"is_intersection":false,"source":"OpenStreetMap"},"geometry":{"type":"Point","coordinates":[118.8150223,32.062216]}},{"type":"Feature","properties":{"node_id":"1218641560","node_origin":"osm_node","degree":2,"is_intersection":false,"source":"OpenStreetMap"},"geometry":{"type":"Point","coordinates":[118.8141881,32.0634376]}},{"type":"Feature","properties":{"node_id":"1218641562","node_origin":"osm_node","degree":2,"is_intersection":false,"source":"OpenStreetMap"},"geometry":{"type":"Point","coordinates":[118.814349,32.0630102]}},{"type":"Feature","properties":{"node_id":"1218641569","node_origin":"osm_node","degree":2,"is_intersection":false,"source":"OpenStreetMap"},"geometry":{"type":"Point","coordinates":[118.8144992,32.0616827]}},{"type":"Feature","properties":{"node_id":"12189998318","node_origin":"osm_node","degree":2,"is_intersection":false,"source":"OpenStreetMap"},"geometry":{"type":"Point","coordinates":[118.7821196,32.0708887]}},{"type":"Feature","properties":{"node_id":"12189998319","node_origin":"osm_node","degree":2,"is_intersection":false,"source":"OpenStreetMap"},"geometry":{"type":"Point","coordinates":[118.7823822,32.0760483]}},{"type":"Feature","properties":{"node_id":"12189998320","node_origin":"osm_node","degree":2,"is_intersection":false,"source":"OpenStreetMap"},"geometry":{"type":"Point","coordinates":[118.7805353,32.068105]}},{"type":"Feature","properties":{"node_id":"12189998323","node_origin":"osm_node","degree":2,"is_intersection":false,"source":"OpenStreetMap"},"geometry":{"type":"Point","coordinates":[118.7824475,32.0755497]}},{"type":"Feature","properties":{"node_id":"12189998326","node_origin":"osm_node","degree":2,"is_intersection":false,"source":"OpenStreetMap"},"geometry":{"type":"Point","coordinates":[118.7825441,32.0748086]}},{"type":"Feature","properties":{"node_id":"12189998328","node_origin":"osm_node","degree":2,"is_intersection":false,"source":"OpenStreetMap"},"geometry":{"type":"Point","coordinates":[118.7824712,32.075368]}},{"type":"Feature","properties":{"node_id":"12189998329","node_origin":"osm_node","degree":2,"is_intersection":false,"source":"OpenStreetMap"},"geometry":{"type":"Point","coordinates":[118.7826585,32.0739136]}},{"type":"Feature","properties":{"node_id":"12189998334","node_origin":"osm_node","degree":2,"is_intersection":false,"source":"OpenStreetMap"},"geometry":{"type":"Point","coordinates":[118.7826116,32.0742802]}},{"type":"Feature","properties":{"node_id":"12197088542","node_origin":"osm_node","degree":2,"is_intersection":false,"source":"OpenStreetMap"},"geometry":{"type":"Point","coordinates":[118.7930624,32.0443507]}},{"type":"Feature","properties":{"node_id":"12197088544","node_origin":"osm_node","degree":2,"is_intersection":false,"source":"OpenStreetMap"},"geometry":{"type":"Point","coordinates":[118.7931275,32.0442103]}},{"type":"Feature","properties":{"node_id":"12197088545","node_origin":"osm_node","degree":2,"is_intersection":false,"source":"OpenStreetMap"},"geometry":{"type":"Point","coordinates":[118.7932666,32.0442842]}},{"type":"Feature","properties":{"node_id":"12291873042","node_origin":"osm_node","degree":2,"is_intersection":false,"source":"OpenStreetMap"},"geometry":{"type":"Point","coordinates":[118.7777203,32.0635918]}},{"type":"Feature","properties":{"node_id":"12325223490","node_origin":"osm_node","degree":3,"is_intersection":true,"source":"OpenStreetMap"},"geometry":{"type":"Point","coordinates":[118.7914033,32.0637656]}},{"type":"Feature","properties":{"node_id":"12325223491","node_origin":"osm_node","degree":2,"is_intersection":false,"source":"OpenStreetMap"},"geometry":{"type":"Point","coordinates":[118.7910475,32.063792]}},{"type":"Feature","properties":{"node_id":"12325223492","node_origin":"osm_node","degree":2,"is_intersection":false,"source":"OpenStreetMap"},"geometry":{"type":"Point","coordinates":[118.790473,32.063818]}},{"type":"Feature","properties":{"node_id":"12325223493","node_origin":"osm_node","degree":2,"is_intersection":false,"source":"OpenStreetMap"},"geometry":{"type":"Point","coordinates":[118.7901002,32.063853]}},{"type":"Feature","properties":{"node_id":"12325223494","node_origin":"osm_node","degree":2,"is_intersection":false,"source":"OpenStreetMap"},"geometry":{"type":"Point","coordinates":[118.7896825,32.063676]}},{"type":"Feature","properties":{"node_id":"12325223495","node_origin":"osm_node","degree":2,"is_intersection":false,"source":"OpenStreetMap"},"geometry":{"type":"Point","coordinates":[118.7893451,32.063489]}},{"type":"Feature","properties":{"node_id":"12325223496","node_origin":"osm_node","degree":2,"is_intersection":false,"source":"OpenStreetMap"},"geometry":{"type":"Point","coordinates":[118.7888685,32.0632892]}},{"type":"Feature","properties":{"node_id":"12325223497","node_origin":"osm_node","degree":2,"is_intersection":false,"source":"OpenStreetMap"},"geometry":{"type":"Point","coordinates":[118.7887806,32.0632698]}},{"type":"Feature","properties":{"node_id":"12528269394","node_origin":"osm_node","degree":2,"is_intersection":false,"source":"OpenStreetMap"},"geometry":{"type":"Point","coordinates":[118.8002059,32.0474743]}},{"type":"Feature","properties":{"node_id":"12528269395","node_origin":"osm_node","degree":2,"is_intersection":false,"source":"OpenStreetMap"},"geometry":{"type":"Point","coordinates":[118.8002119,32.047779]}},{"type":"Feature","properties":{"node_id":"12528269396","node_origin":"osm_node","degree":2,"is_intersection":false,"source":"OpenStreetMap"},"geometry":{"type":"Point","coordinates":[118.8005935,32.0479868]}},{"type":"Feature","properties":{"node_id":"12528269397","node_origin":"osm_node","degree":2,"is_intersection":false,"source":"OpenStreetMap"},"geometry":{"type":"Point","coordinates":[118.8008151,32.0478829]}},{"type":"Feature","properties":{"node_id":"12528269398","node_origin":"osm_node","degree":2,"is_intersection":false,"source":"OpenStreetMap"},"geometry":{"type":"Point","coordinates":[118.8008255,32.0475352]}},{"type":"Feature","properties":{"node_id":"12528269399","node_origin":"osm_node","degree":2,"is_intersection":false,"source":"OpenStreetMap"},"geometry":{"type":"Point","coordinates":[118.8004045,32.0474197]}},{"type":"Feature","properties":{"node_id":"12528269400","node_origin":"osm_node","degree":2,"is_intersection":false,"source":"OpenStreetMap"},"geometry":{"type":"Point","coordinates":[118.8006635,32.0473943]}},{"type":"Feature","properties":{"node_id":"12528302150","node_origin":"osm_node","degree":2,"is_intersection":false,"source":"OpenStreetMap"},"geometry":{"type":"Point","coordinates":[118.7784756,32.0605635]}},{"type":"Feature","properties":{"node_id":"12528310404","node_origin":"osm_node","degree":2,"is_intersection":false,"source":"OpenStreetMap"},"geometry":{"type":"Point","coordinates":[118.7996335,32.0474813]}},{"type":"Feature","properties":{"node_id":"12528310413","node_origin":"osm_node","degree":2,"is_intersection":false,"source":"OpenStreetMap"},"geometry":{"type":"Point","coordinates":[118.7911244,32.0505049]}},{"type":"Feature","properties":{"node_id":"12528310414","node_origin":"osm_node","degree":2,"is_intersection":false,"source":"OpenStreetMap"},"geometry":{"type":"Point","coordinates":[118.7908541,32.0503593]}},{"type":"Feature","properties":{"node_id":"12528310415","node_origin":"osm_node","degree":2,"is_intersection":false,"source":"OpenStreetMap"},"geometry":{"type":"Point","coordinates":[118.7906545,32.0505832]}},{"type":"Feature","properties":{"node_id":"12528310416","node_origin":"osm_node","degree":2,"is_intersection":false,"source":"OpenStreetMap"},"geometry":{"type":"Point","coordinates":[118.790932,32.0507159]}},{"type":"Feature","properties":{"node_id":"12528310442","node_origin":"osm_node","degree":2,"is_intersection":false,"source":"OpenStreetMap"},"geometry":{"type":"Point","coordinates":[118.7757294,32.042954]}},{"type":"Feature","properties":{"node_id":"12528310464","node_origin":"osm_node","degree":2,"is_intersection":false,"source":"OpenStreetMap"},"geometry":{"type":"Point","coordinates":[118.7790764,32.0426244]}},{"type":"Feature","properties":{"node_id":"12528310466","node_origin":"osm_node","degree":2,"is_intersection":false,"source":"OpenStreetMap"},"geometry":{"type":"Point","coordinates":[118.7801379,32.0380172]}},{"type":"Feature","properties":{"node_id":"12528310468","node_origin":"osm_node","degree":2,"is_intersection":false,"source":"OpenStreetMap"},"geometry":{"type":"Point","coordinates":[118.7772954,32.0473006]}},{"type":"Feature","properties":{"node_id":"12595810519","node_origin":"osm_node","degree":3,"is_intersection":true,"source":"OpenStreetMap"},"geometry":{"type":"Point","coordinates":[118.7978878,32.0366759]}},{"type":"Feature","properties":{"node_id":"12595810520","node_origin":"osm_node","degree":2,"is_intersection":false,"source":"OpenStreetMap"},"geometry":{"type":"Point","coordinates":[118.8000313,32.0365538]}},{"type":"Feature","properties":{"node_id":"12595810521","node_origin":"osm_node","degree":2,"is_intersection":false,"source":"OpenStreetMap"},"geometry":{"type":"Point","coordinates":[118.8000823,32.0365668]}},{"type":"Feature","properties":{"node_id":"12595810522","node_origin":"osm_node","degree":2,"is_intersection":false,"source":"OpenStreetMap"},"geometry":{"type":"Point","coordinates":[118.8001144,32.0365961]}},{"type":"Feature","properties":{"node_id":"12595810523","node_origin":"osm_node","degree":2,"is_intersection":false,"source":"OpenStreetMap"},"geometry":{"type":"Point","coordinates":[118.8001229,32.0366418]}},{"type":"Feature","properties":{"node_id":"12595810524","node_origin":"osm_node","degree":3,"is_intersection":true,"source":"OpenStreetMap"},"geometry":{"type":"Point","coordinates":[118.8001584,32.0378969]}},{"type":"Feature","properties":{"node_id":"12595810555","node_origin":"osm_node","degree":2,"is_intersection":false,"source":"OpenStreetMap"},"geometry":{"type":"Point","coordinates":[118.8024462,32.0378997]}},{"type":"Feature","properties":{"node_id":"12595810559","node_origin":"osm_node","degree":3,"is_intersection":true,"source":"OpenStreetMap"},"geometry":{"type":"Point","coordinates":[118.8011221,32.0388724]}},{"type":"Feature","properties":{"node_id":"12595810560","node_origin":"osm_node","degree":2,"is_intersection":false,"source":"OpenStreetMap"},"geometry":{"type":"Point","coordinates":[118.8030684,32.0388657]}},{"type":"Feature","properties":{"node_id":"12595810561","node_origin":"osm_node","degree":3,"is_intersection":true,"source":"OpenStreetMap"},"geometry":{"type":"Point","coordinates":[118.8030709,32.0379002]}},{"type":"Feature","properties":{"node_id":"12595810570","node_origin":"osm_node","degree":3,"is_intersection":true,"source":"OpenStreetMap"},"geometry":{"type":"Point","coordinates":[118.7991162,32.0407867]}},{"type":"Feature","properties":{"node_id":"12595810571","node_origin":"osm_node","degree":2,"is_intersection":false,"source":"OpenStreetMap"},"geometry":{"type":"Point","coordinates":[118.7993242,32.0409012]}},{"type":"Feature","properties":{"node_id":"12595810572","node_origin":"osm_node","degree":2,"is_intersection":false,"source":"OpenStreetMap"},"geometry":{"type":"Point","coordinates":[118.7994216,32.0409503]}},{"type":"Feature","properties":{"node_id":"12595810573","node_origin":"osm_node","degree":2,"is_intersection":false,"source":"OpenStreetMap"},"geometry":{"type":"Point","coordinates":[118.7995176,32.0409668]}},{"type":"Feature","properties":{"node_id":"12595810574","node_origin":"osm_node","degree":2,"is_intersection":false,"source":"OpenStreetMap"},"geometry":{"type":"Point","coordinates":[118.7995907,32.040972]}},{"type":"Feature","properties":{"node_id":"12595818916","node_origin":"osm_node","degree":2,"is_intersection":false,"source":"OpenStreetMap"},"geometry":{"type":"Point","coordinates":[118.7996673,32.0379132]}},{"type":"Feature","properties":{"node_id":"12595818917","node_origin":"osm_node","degree":3,"is_intersection":true,"source":"OpenStreetMap"},"geometry":{"type":"Point","coordinates":[118.7982499,32.037896]}},{"type":"Feature","properties":{"node_id":"12595818918","node_origin":"osm_node","degree":3,"is_intersection":true,"source":"OpenStreetMap"},"geometry":{"type":"Point","coordinates":[118.8001549,32.037835]}},{"type":"Feature","properties":{"node_id":"12595819000","node_origin":"osm_node","degree":2,"is_intersection":false,"source":"OpenStreetMap"},"geometry":{"type":"Point","coordinates":[118.8052697,32.0390929]}},{"type":"Feature","properties":{"node_id":"12595819008","node_origin":"osm_node","degree":2,"is_intersection":false,"source":"OpenStreetMap"},"geometry":{"type":"Point","coordinates":[118.8059326,32.0379054]}},{"type":"Feature","properties":{"node_id":"12595819056","node_origin":"osm_node","degree":2,"is_intersection":false,"source":"OpenStreetMap"},"geometry":{"type":"Point","coordinates":[118.7978155,32.0362758]}},{"type":"Feature","properties":{"node_id":"12734408999","node_origin":"osm_node","degree":2,"is_intersection":false,"source":"OpenStreetMap"},"geometry":{"type":"Point","coordinates":[118.822007,32.0405839]}},{"type":"Feature","properties":{"node_id":"12883385486","node_origin":"osm_node","degree":2,"is_intersection":false,"source":"OpenStreetMap"},"geometry":{"type":"Point","coordinates":[118.8164036,32.0513802]}},{"type":"Feature","properties":{"node_id":"12883385487","node_origin":"osm_node","degree":2,"is_intersection":false,"source":"OpenStreetMap"},"geometry":{"type":"Point","coordinates":[118.8167684,32.0517439]}},{"type":"Feature","properties":{"node_id":"12883385488","node_origin":"osm_node","degree":2,"is_intersection":false,"source":"OpenStreetMap"},"geometry":{"type":"Point","coordinates":[118.8171493,32.0519531]}},{"type":"Feature","properties":{"node_id":"12883385489","node_origin":"osm_node","degree":2,"is_intersection":false,"source":"OpenStreetMap"},"geometry":{"type":"Point","coordinates":[118.8174497,32.0519758]}},{"type":"Feature","properties":{"node_id":"12883385490","node_origin":"osm_node","degree":2,"is_intersection":false,"source":"OpenStreetMap"},"geometry":{"type":"Point","coordinates":[118.8179056,32.0520258]}},{"type":"Feature","properties":{"node_id":"12883385491","node_origin":"osm_node","degree":2,"is_intersection":false,"source":"OpenStreetMap"},"geometry":{"type":"Point","coordinates":[118.8181685,32.0520804]}},{"type":"Feature","properties":{"node_id":"12883385492","node_origin":"osm_node","degree":2,"is_intersection":false,"source":"OpenStreetMap"},"geometry":{"type":"Point","coordinates":[118.818485,32.0521941]}},{"type":"Feature","properties":{"node_id":"12883385493","node_origin":"osm_node","degree":2,"is_intersection":false,"source":"OpenStreetMap"},"geometry":{"type":"Point","coordinates":[118.81878,32.0524259]}},{"type":"Feature","properties":{"node_id":"12883385494","node_origin":"osm_node","degree":2,"is_intersection":false,"source":"OpenStreetMap"},"geometry":{"type":"Point","coordinates":[118.818662,32.0522986]}},{"type":"Feature","properties":{"node_id":"12883385495","node_origin":"osm_node","degree":3,"is_intersection":true,"source":"OpenStreetMap"},"geometry":{"type":"Point","coordinates":[118.8190846,32.0536186]}},{"type":"Feature","properties":{"node_id":"12883385496","node_origin":"osm_node","degree":2,"is_intersection":false,"source":"OpenStreetMap"},"geometry":{"type":"Point","coordinates":[118.8190483,32.0534444]}},{"type":"Feature","properties":{"node_id":"12883385497","node_origin":"osm_node","degree":2,"is_intersection":false,"source":"OpenStreetMap"},"geometry":{"type":"Point","coordinates":[118.8190161,32.0532853]}},{"type":"Feature","properties":{"node_id":"12883385498","node_origin":"osm_node","degree":2,"is_intersection":false,"source":"OpenStreetMap"},"geometry":{"type":"Point","coordinates":[118.8189517,32.0529488]}},{"type":"Feature","properties":{"node_id":"12883385499","node_origin":"osm_node","degree":2,"is_intersection":false,"source":"OpenStreetMap"},"geometry":{"type":"Point","coordinates":[118.8188927,32.0527078]}},{"type":"Feature","properties":{"node_id":"12883385500","node_origin":"osm_node","degree":1,"is_intersection":false,"source":"OpenStreetMap"},"geometry":{"type":"Point","coordinates":[118.8209235,32.0531739]}},{"type":"Feature","properties":{"node_id":"12916687194","node_origin":"osm_node","degree":2,"is_intersection":false,"source":"OpenStreetMap"},"geometry":{"type":"Point","coordinates":[118.7789679,32.053128]}},{"type":"Feature","properties":{"node_id":"12916771415","node_origin":"osm_node","degree":2,"is_intersection":false,"source":"OpenStreetMap"},"geometry":{"type":"Point","coordinates":[118.7806172,32.053112]}},{"type":"Feature","properties":{"node_id":"12983423791","node_origin":"osm_node","degree":2,"is_intersection":false,"source":"OpenStreetMap"},"geometry":{"type":"Point","coordinates":[118.7789081,32.0613861]}},{"type":"Feature","properties":{"node_id":"12983423792","node_origin":"osm_node","degree":2,"is_intersection":false,"source":"OpenStreetMap"},"geometry":{"type":"Point","coordinates":[118.778896,32.0613799]}},{"type":"Feature","properties":{"node_id":"12983423794","node_origin":"osm_node","degree":2,"is_intersection":false,"source":"OpenStreetMap"},"geometry":{"type":"Point","coordinates":[118.778896,32.0613893]}},{"type":"Feature","properties":{"node_id":"13099762963","node_origin":"osm_node","degree":4,"is_intersection":true,"source":"OpenStreetMap"},"geometry":{"type":"Point","coordinates":[118.8198803,32.0810583]}},{"type":"Feature","properties":{"node_id":"13099763005","node_origin":"osm_node","degree":2,"is_intersection":false,"source":"OpenStreetMap"},"geometry":{"type":"Point","coordinates":[118.8075015,32.0759722]}},{"type":"Feature","properties":{"node_id":"13099763006","node_origin":"osm_node","degree":2,"is_intersection":false,"source":"OpenStreetMap"},"geometry":{"type":"Point","coordinates":[118.8075721,32.0755435]}},{"type":"Feature","properties":{"node_id":"13127483712","node_origin":"osm_node","degree":2,"is_intersection":false,"source":"OpenStreetMap"},"geometry":{"type":"Point","coordinates":[118.7727856,32.0435029]}},{"type":"Feature","properties":{"node_id":"13233091254","node_origin":"osm_node","degree":2,"is_intersection":false,"source":"OpenStreetMap"},"geometry":{"type":"Point","coordinates":[118.819546,32.0751773]}},{"type":"Feature","properties":{"node_id":"13233906514","node_origin":"osm_node","degree":2,"is_intersection":false,"source":"OpenStreetMap"},"geometry":{"type":"Point","coordinates":[118.8268003,32.0705102]}},{"type":"Feature","properties":{"node_id":"13241267531","node_origin":"osm_node","degree":3,"is_intersection":true,"source":"OpenStreetMap"},"geometry":{"type":"Point","coordinates":[118.8265462,32.0837095]}},{"type":"Feature","properties":{"node_id":"13241267532","node_origin":"osm_node","degree":2,"is_intersection":false,"source":"OpenStreetMap"},"geometry":{"type":"Point","coordinates":[118.8268027,32.0834495]}},{"type":"Feature","properties":{"node_id":"13241267534","node_origin":"osm_node","degree":2,"is_intersection":false,"source":"OpenStreetMap"},"geometry":{"type":"Point","coordinates":[118.8268912,32.0828405]}},{"type":"Feature","properties":{"node_id":"13241267535","node_origin":"osm_node","degree":2,"is_intersection":false,"source":"OpenStreetMap"},"geometry":{"type":"Point","coordinates":[118.8264701,32.0825132]}},{"type":"Feature","properties":{"node_id":"13241267536","node_origin":"osm_node","degree":2,"is_intersection":false,"source":"OpenStreetMap"},"geometry":{"type":"Point","coordinates":[118.8262394,32.0820291]}},{"type":"Feature","properties":{"node_id":"13241267537","node_origin":"osm_node","degree":2,"is_intersection":false,"source":"OpenStreetMap"},"geometry":{"type":"Point","coordinates":[118.8262072,32.0817269]}},{"type":"Feature","properties":{"node_id":"13241267538","node_origin":"osm_node","degree":2,"is_intersection":false,"source":"OpenStreetMap"},"geometry":{"type":"Point","coordinates":[118.8262314,32.0814451]}},{"type":"Feature","properties":{"node_id":"13241267539","node_origin":"osm_node","degree":2,"is_intersection":false,"source":"OpenStreetMap"},"geometry":{"type":"Point","coordinates":[118.8261402,32.081336]}},{"type":"Feature","properties":{"node_id":"13241267540","node_origin":"osm_node","degree":2,"is_intersection":false,"source":"OpenStreetMap"},"geometry":{"type":"Point","coordinates":[118.8259551,32.0812315]}},{"type":"Feature","properties":{"node_id":"13241267541","node_origin":"osm_node","degree":2,"is_intersection":false,"source":"OpenStreetMap"},"geometry":{"type":"Point","coordinates":[118.8258076,32.0812087]}},{"type":"Feature","properties":{"node_id":"13241267542","node_origin":"osm_node","degree":3,"is_intersection":true,"source":"OpenStreetMap"},"geometry":{"type":"Point","coordinates":[118.8248758,32.0811293]}},{"type":"Feature","properties":{"node_id":"13247469730","node_origin":"osm_node","degree":2,"is_intersection":false,"source":"OpenStreetMap"},"geometry":{"type":"Point","coordinates":[118.8062107,32.0717307]}},{"type":"Feature","properties":{"node_id":"13247469731","node_origin":"osm_node","degree":2,"is_intersection":false,"source":"OpenStreetMap"},"geometry":{"type":"Point","coordinates":[118.8069202,32.0718612]}},{"type":"Feature","properties":{"node_id":"13263988092","node_origin":"osm_node","degree":2,"is_intersection":false,"source":"OpenStreetMap"},"geometry":{"type":"Point","coordinates":[118.7868111,32.0630778]}},{"type":"Feature","properties":{"node_id":"13263988095","node_origin":"osm_node","degree":1,"is_intersection":false,"source":"OpenStreetMap"},"geometry":{"type":"Point","coordinates":[118.7863523,32.0630166]}},{"type":"Feature","properties":{"node_id":"13263988099","node_origin":"osm_node","degree":2,"is_intersection":false,"source":"OpenStreetMap"},"geometry":{"type":"Point","coordinates":[118.7876749,32.0630584]}},{"type":"Feature","properties":{"node_id":"13264064704","node_origin":"osm_node","degree":2,"is_intersection":false,"source":"OpenStreetMap"},"geometry":{"type":"Point","coordinates":[118.7881272,32.0630946]}},{"type":"Feature","properties":{"node_id":"13264064709","node_origin":"osm_node","degree":2,"is_intersection":false,"source":"OpenStreetMap"},"geometry":{"type":"Point","coordinates":[118.7872714,32.0630864]}},{"type":"Feature","properties":{"node_id":"13264064712","node_origin":"osm_node","degree":2,"is_intersection":false,"source":"OpenStreetMap"},"geometry":{"type":"Point","coordinates":[118.7884457,32.0632512]}},{"type":"Feature","properties":{"node_id":"13273581984","node_origin":"osm_node","degree":2,"is_intersection":false,"source":"OpenStreetMap"},"geometry":{"type":"Point","coordinates":[118.8263415,32.0849792]}},{"type":"Feature","properties":{"node_id":"13273581985","node_origin":"osm_node","degree":2,"is_intersection":false,"source":"OpenStreetMap"},"geometry":{"type":"Point","coordinates":[118.826074,32.0848651]}},{"type":"Feature","properties":{"node_id":"13312757924","node_origin":"osm_node","degree":2,"is_intersection":false,"source":"OpenStreetMap"},"geometry":{"type":"Point","coordinates":[118.7669134,32.0494353]}},{"type":"Feature","properties":{"node_id":"13315698641","node_origin":"osm_node","degree":3,"is_intersection":true,"source":"OpenStreetMap"},"geometry":{"type":"Point","coordinates":[118.7937142,32.0383842]}},{"type":"Feature","properties":{"node_id":"13315698642","node_origin":"osm_node","degree":3,"is_intersection":true,"source":"OpenStreetMap"},"geometry":{"type":"Point","coordinates":[118.7936576,32.0381771]}},{"type":"Feature","properties":{"node_id":"13319297404","node_origin":"osm_node","degree":2,"is_intersection":false,"source":"OpenStreetMap"},"geometry":{"type":"Point","coordinates":[118.8133184,32.0472429]}},{"type":"Feature","properties":{"node_id":"13319297405","node_origin":"osm_node","degree":2,"is_intersection":false,"source":"OpenStreetMap"},"geometry":{"type":"Point","coordinates":[118.8132864,32.047003]}},{"type":"Feature","properties":{"node_id":"13319297406","node_origin":"osm_node","degree":2,"is_intersection":false,"source":"OpenStreetMap"},"geometry":{"type":"Point","coordinates":[118.8131489,32.0470155]}},{"type":"Feature","properties":{"node_id":"13319297407","node_origin":"osm_node","degree":2,"is_intersection":false,"source":"OpenStreetMap"},"geometry":{"type":"Point","coordinates":[118.8131719,32.0472477]}},{"type":"Feature","properties":{"node_id":"13463705067","node_origin":"osm_node","degree":3,"is_intersection":true,"source":"OpenStreetMap"},"geometry":{"type":"Point","coordinates":[118.7814973,32.0635845]}},{"type":"Feature","properties":{"node_id":"13463705068","node_origin":"osm_node","degree":2,"is_intersection":false,"source":"OpenStreetMap"},"geometry":{"type":"Point","coordinates":[118.7816825,32.0636042]}},{"type":"Feature","properties":{"node_id":"13463705069","node_origin":"osm_node","degree":2,"is_intersection":false,"source":"OpenStreetMap"},"geometry":{"type":"Point","coordinates":[118.7826143,32.063626]}},{"type":"Feature","properties":{"node_id":"13463705070","node_origin":"osm_node","degree":2,"is_intersection":false,"source":"OpenStreetMap"},"geometry":{"type":"Point","coordinates":[118.78362,32.0635615]}},{"type":"Feature","properties":{"node_id":"13463705071","node_origin":"osm_node","degree":3,"is_intersection":true,"source":"OpenStreetMap"},"geometry":{"type":"Point","coordinates":[118.7837993,32.0635187]}},{"type":"Feature","properties":{"node_id":"13463709529","node_origin":"osm_node","degree":2,"is_intersection":false,"source":"OpenStreetMap"},"geometry":{"type":"Point","coordinates":[118.7847508,32.064275]}},{"type":"Feature","properties":{"node_id":"13463737411","node_origin":"osm_node","degree":2,"is_intersection":false,"source":"OpenStreetMap"},"geometry":{"type":"Point","coordinates":[118.7807287,32.0715719]}},{"type":"Feature","properties":{"node_id":"13463737413","node_origin":"osm_node","degree":2,"is_intersection":false,"source":"OpenStreetMap"},"geometry":{"type":"Point","coordinates":[118.7800356,32.0712898]}},{"type":"Feature","properties":{"node_id":"13463741143","node_origin":"osm_node","degree":2,"is_intersection":false,"source":"OpenStreetMap"},"geometry":{"type":"Point","coordinates":[118.7824256,32.067327]}},{"type":"Feature","properties":{"node_id":"13586143031","node_origin":"osm_node","degree":2,"is_intersection":false,"source":"OpenStreetMap"},"geometry":{"type":"Point","coordinates":[118.8066248,32.0751453]}},{"type":"Feature","properties":{"node_id":"13598129765","node_origin":"osm_node","degree":2,"is_intersection":false,"source":"OpenStreetMap"},"geometry":{"type":"Point","coordinates":[118.7933637,32.0477359]}},{"type":"Feature","properties":{"node_id":"13598129766","node_origin":"osm_node","degree":2,"is_intersection":false,"source":"OpenStreetMap"},"geometry":{"type":"Point","coordinates":[118.79338,32.0477091]}},{"type":"Feature","properties":{"node_id":"13598129767","node_origin":"osm_node","degree":2,"is_intersection":false,"source":"OpenStreetMap"},"geometry":{"type":"Point","coordinates":[118.79366,32.0475783]}},{"type":"Feature","properties":{"node_id":"13598129768","node_origin":"osm_node","degree":2,"is_intersection":false,"source":"OpenStreetMap"},"geometry":{"type":"Point","coordinates":[118.7937525,32.0475214]}},{"type":"Feature","properties":{"node_id":"13598129769","node_origin":"osm_node","degree":2,"is_intersection":false,"source":"OpenStreetMap"},"geometry":{"type":"Point","coordinates":[118.793831,32.0474408]}},{"type":"Feature","properties":{"node_id":"13598129770","node_origin":"osm_node","degree":2,"is_intersection":false,"source":"OpenStreetMap"},"geometry":{"type":"Point","coordinates":[118.7938771,32.0473028]}},{"type":"Feature","properties":{"node_id":"13629334336","node_origin":"osm_node","degree":2,"is_intersection":false,"source":"OpenStreetMap"},"geometry":{"type":"Point","coordinates":[118.7692867,32.0381776]}},{"type":"Feature","properties":{"node_id":"13651195670","node_origin":"osm_node","degree":2,"is_intersection":false,"source":"OpenStreetMap"},"geometry":{"type":"Point","coordinates":[118.787966,32.0381413]}},{"type":"Feature","properties":{"node_id":"13651195671","node_origin":"osm_node","degree":2,"is_intersection":false,"source":"OpenStreetMap"},"geometry":{"type":"Point","coordinates":[118.7881401,32.038708]}},{"type":"Feature","properties":{"node_id":"13651195673","node_origin":"osm_node","degree":2,"is_intersection":false,"source":"OpenStreetMap"},"geometry":{"type":"Point","coordinates":[118.7888648,32.04068]}},{"type":"Feature","properties":{"node_id":"13661769442","node_origin":"osm_node","degree":2,"is_intersection":false,"source":"OpenStreetMap"},"geometry":{"type":"Point","coordinates":[118.7709069,32.0829398]}},{"type":"Feature","properties":{"node_id":"13661769443","node_origin":"osm_node","degree":2,"is_intersection":false,"source":"OpenStreetMap"},"geometry":{"type":"Point","coordinates":[118.770954,32.0824909]}},{"type":"Feature","properties":{"node_id":"13661769454","node_origin":"osm_node","degree":2,"is_intersection":false,"source":"OpenStreetMap"},"geometry":{"type":"Point","coordinates":[118.7720366,32.0728626]}},{"type":"Feature","properties":{"node_id":"13697310389","node_origin":"osm_node","degree":2,"is_intersection":false,"source":"OpenStreetMap"},"geometry":{"type":"Point","coordinates":[118.7885249,32.06326]}},{"type":"Feature","properties":{"node_id":"13741877895","node_origin":"osm_node","degree":2,"is_intersection":false,"source":"OpenStreetMap"},"geometry":{"type":"Point","coordinates":[118.7823533,32.0461661]}},{"type":"Feature","properties":{"node_id":"13741877900","node_origin":"osm_node","degree":1,"is_intersection":false,"source":"OpenStreetMap"},"geometry":{"type":"Point","coordinates":[118.7853167,32.0499238]}},{"type":"Feature","properties":{"node_id":"13741908407","node_origin":"osm_node","degree":2,"is_intersection":false,"source":"OpenStreetMap"},"geometry":{"type":"Point","coordinates":[118.7820043,32.0456957]}},{"type":"Feature","properties":{"node_id":"13741908409","node_origin":"osm_node","degree":3,"is_intersection":true,"source":"OpenStreetMap"},"geometry":{"type":"Point","coordinates":[118.7810367,32.0465755]}},{"type":"Feature","properties":{"node_id":"13741908444","node_origin":"osm_node","degree":2,"is_intersection":false,"source":"OpenStreetMap"},"geometry":{"type":"Point","coordinates":[118.7852628,32.049717]}},{"type":"Feature","properties":{"node_id":"13741908453","node_origin":"osm_node","degree":3,"is_intersection":true,"source":"OpenStreetMap"},"geometry":{"type":"Point","coordinates":[118.7813422,32.0472752]}},{"type":"Feature","properties":{"node_id":"13741908509","node_origin":"osm_node","degree":2,"is_intersection":false,"source":"OpenStreetMap"},"geometry":{"type":"Point","coordinates":[118.7822624,32.0458233]}},{"type":"Feature","properties":{"node_id":"13741908522","node_origin":"osm_node","degree":3,"is_intersection":true,"source":"OpenStreetMap"},"geometry":{"type":"Point","coordinates":[118.7804288,32.0467614]}},{"type":"Feature","properties":{"node_id":"13741908523","node_origin":"osm_node","degree":1,"is_intersection":false,"source":"OpenStreetMap"},"geometry":{"type":"Point","coordinates":[118.7815637,32.0453694]}},{"type":"Feature","properties":{"node_id":"13741908535","node_origin":"osm_node","degree":3,"is_intersection":true,"source":"OpenStreetMap"},"geometry":{"type":"Point","coordinates":[118.7817116,32.0457674]}},{"type":"Feature","properties":{"node_id":"13741908565","node_origin":"osm_node","degree":1,"is_intersection":false,"source":"OpenStreetMap"},"geometry":{"type":"Point","coordinates":[118.7811788,32.0459321]}},{"type":"Feature","properties":{"node_id":"13741908596","node_origin":"osm_node","degree":3,"is_intersection":true,"source":"OpenStreetMap"},"geometry":{"type":"Point","coordinates":[118.7852417,32.0496362]}},{"type":"Feature","properties":{"node_id":"13747454950","node_origin":"osm_node","degree":2,"is_intersection":false,"source":"OpenStreetMap"},"geometry":{"type":"Point","coordinates":[118.7777499,32.0417014]}},{"type":"Feature","properties":{"node_id":"13747454953","node_origin":"osm_node","degree":2,"is_intersection":false,"source":"OpenStreetMap"},"geometry":{"type":"Point","coordinates":[118.7788031,32.0419632]}},{"type":"Feature","properties":{"node_id":"13747454956","node_origin":"osm_node","degree":2,"is_intersection":false,"source":"OpenStreetMap"},"geometry":{"type":"Point","coordinates":[118.7758957,32.0413855]}},{"type":"Feature","properties":{"node_id":"13760287848","node_origin":"osm_node","degree":2,"is_intersection":false,"source":"OpenStreetMap"},"geometry":{"type":"Point","coordinates":[118.7713884,32.0727386]}},{"type":"Feature","properties":{"node_id":"13813299140","node_origin":"osm_node","degree":2,"is_intersection":false,"source":"OpenStreetMap"},"geometry":{"type":"Point","coordinates":[118.7950085,32.0852822]}},{"type":"Feature","properties":{"node_id":"13814304208","node_origin":"osm_node","degree":2,"is_intersection":false,"source":"OpenStreetMap"},"geometry":{"type":"Point","coordinates":[118.7786954,32.0406191]}},{"type":"Feature","properties":{"node_id":"13814304209","node_origin":"osm_node","degree":2,"is_intersection":false,"source":"OpenStreetMap"},"geometry":{"type":"Point","coordinates":[118.7786912,32.0403887]}},{"type":"Feature","properties":{"node_id":"13814304210","node_origin":"osm_node","degree":2,"is_intersection":false,"source":"OpenStreetMap"},"geometry":{"type":"Point","coordinates":[118.7786813,32.0403467]}},{"type":"Feature","properties":{"node_id":"13814304211","node_origin":"osm_node","degree":2,"is_intersection":false,"source":"OpenStreetMap"},"geometry":{"type":"Point","coordinates":[118.7786615,32.0403131]}},{"type":"Feature","properties":{"node_id":"13814304212","node_origin":"osm_node","degree":2,"is_intersection":false,"source":"OpenStreetMap"},"geometry":{"type":"Point","coordinates":[118.7786247,32.0402891]}},{"type":"Feature","properties":{"node_id":"13814304213","node_origin":"osm_node","degree":2,"is_intersection":false,"source":"OpenStreetMap"},"geometry":{"type":"Point","coordinates":[118.7785652,32.0402651]}},{"type":"Feature","properties":{"node_id":"13814304214","node_origin":"osm_node","degree":2,"is_intersection":false,"source":"OpenStreetMap"},"geometry":{"type":"Point","coordinates":[118.7785142,32.0402627]}},{"type":"Feature","properties":{"node_id":"13814304215","node_origin":"osm_node","degree":2,"is_intersection":false,"source":"OpenStreetMap"},"geometry":{"type":"Point","coordinates":[118.778452,32.0402711]}},{"type":"Feature","properties":{"node_id":"13814304216","node_origin":"osm_node","degree":2,"is_intersection":false,"source":"OpenStreetMap"},"geometry":{"type":"Point","coordinates":[118.7782707,32.0403515]}},{"type":"Feature","properties":{"node_id":"13814304217","node_origin":"osm_node","degree":2,"is_intersection":false,"source":"OpenStreetMap"},"geometry":{"type":"Point","coordinates":[118.7786148,32.0406189]}},{"type":"Feature","properties":{"node_id":"13814304218","node_origin":"osm_node","degree":2,"is_intersection":false,"source":"OpenStreetMap"},"geometry":{"type":"Point","coordinates":[118.7786583,32.040619]}},{"type":"Feature","properties":{"node_id":"13814304244","node_origin":"osm_node","degree":2,"is_intersection":false,"source":"OpenStreetMap"},"geometry":{"type":"Point","coordinates":[118.7787359,32.040126]}},{"type":"Feature","properties":{"node_id":"13814304279","node_origin":"osm_node","degree":2,"is_intersection":false,"source":"OpenStreetMap"},"geometry":{"type":"Point","coordinates":[118.778897,32.0424438]}},{"type":"Feature","properties":{"node_id":"13814304281","node_origin":"osm_node","degree":2,"is_intersection":false,"source":"OpenStreetMap"},"geometry":{"type":"Point","coordinates":[118.7788963,32.0420698]}},{"type":"Feature","properties":{"node_id":"13814304290","node_origin":"osm_node","degree":2,"is_intersection":false,"source":"OpenStreetMap"},"geometry":{"type":"Point","coordinates":[118.7791461,32.0424209]}},{"type":"Feature","properties":{"node_id":"13814304291","node_origin":"osm_node","degree":2,"is_intersection":false,"source":"OpenStreetMap"},"geometry":{"type":"Point","coordinates":[118.7791275,32.0423954]}},{"type":"Feature","properties":{"node_id":"13814304349","node_origin":"osm_node","degree":2,"is_intersection":false,"source":"OpenStreetMap"},"geometry":{"type":"Point","coordinates":[118.7782919,32.0403705]}},{"type":"Feature","properties":{"node_id":"13814304352","node_origin":"osm_node","degree":2,"is_intersection":false,"source":"OpenStreetMap"},"geometry":{"type":"Point","coordinates":[118.7774115,32.0410661]}},{"type":"Feature","properties":{"node_id":"13814304360","node_origin":"osm_node","degree":2,"is_intersection":false,"source":"OpenStreetMap"},"geometry":{"type":"Point","coordinates":[118.777337,32.0407471]}},{"type":"Feature","properties":{"node_id":"13814304362","node_origin":"osm_node","degree":2,"is_intersection":false,"source":"OpenStreetMap"},"geometry":{"type":"Point","coordinates":[118.777279,32.0408175]}},{"type":"Feature","properties":{"node_id":"13814304373","node_origin":"osm_node","degree":2,"is_intersection":false,"source":"OpenStreetMap"},"geometry":{"type":"Point","coordinates":[118.7776508,32.0415154]}},{"type":"Feature","properties":{"node_id":"13814304377","node_origin":"osm_node","degree":3,"is_intersection":true,"source":"OpenStreetMap"},"geometry":{"type":"Point","coordinates":[118.7776907,32.0415903]}},{"type":"Feature","properties":{"node_id":"13814304378","node_origin":"osm_node","degree":1,"is_intersection":false,"source":"OpenStreetMap"},"geometry":{"type":"Point","coordinates":[118.7778827,32.0415152]}},{"type":"Feature","properties":{"node_id":"13814304403","node_origin":"osm_node","degree":2,"is_intersection":false,"source":"OpenStreetMap"},"geometry":{"type":"Point","coordinates":[118.7787826,32.0460593]}},{"type":"Feature","properties":{"node_id":"13814304405","node_origin":"osm_node","degree":2,"is_intersection":false,"source":"OpenStreetMap"},"geometry":{"type":"Point","coordinates":[118.7788395,32.0441998]}},{"type":"Feature","properties":{"node_id":"13814304406","node_origin":"osm_node","degree":2,"is_intersection":false,"source":"OpenStreetMap"},"geometry":{"type":"Point","coordinates":[118.7789383,32.0441998]}},{"type":"Feature","properties":{"node_id":"13814304420","node_origin":"osm_node","degree":2,"is_intersection":false,"source":"OpenStreetMap"},"geometry":{"type":"Point","coordinates":[118.7794041,32.0437211]}},{"type":"Feature","properties":{"node_id":"13826908472","node_origin":"osm_node","degree":2,"is_intersection":false,"source":"OpenStreetMap"},"geometry":{"type":"Point","coordinates":[118.7779215,32.0432246]}},{"type":"Feature","properties":{"node_id":"13826908473","node_origin":"osm_node","degree":2,"is_intersection":false,"source":"OpenStreetMap"},"geometry":{"type":"Point","coordinates":[118.7781874,32.0429996]}},{"type":"Feature","properties":{"node_id":"13826908497","node_origin":"osm_node","degree":2,"is_intersection":false,"source":"OpenStreetMap"},"geometry":{"type":"Point","coordinates":[118.7785386,32.0428964]}},{"type":"Feature","properties":{"node_id":"13826908498","node_origin":"osm_node","degree":2,"is_intersection":false,"source":"OpenStreetMap"},"geometry":{"type":"Point","coordinates":[118.7783064,32.042939]}},{"type":"Feature","properties":{"node_id":"13826919802","node_origin":"osm_node","degree":2,"is_intersection":false,"source":"OpenStreetMap"},"geometry":{"type":"Point","coordinates":[118.77846,32.0429008]}},{"type":"Feature","properties":{"node_id":"13826919807","node_origin":"osm_node","degree":2,"is_intersection":false,"source":"OpenStreetMap"},"geometry":{"type":"Point","coordinates":[118.7775622,32.0435729]}},{"type":"Feature","properties":{"node_id":"13826919816","node_origin":"osm_node","degree":2,"is_intersection":false,"source":"OpenStreetMap"},"geometry":{"type":"Point","coordinates":[118.7777991,32.043551]}},{"type":"Feature","properties":{"node_id":"13826919822","node_origin":"osm_node","degree":2,"is_intersection":false,"source":"OpenStreetMap"},"geometry":{"type":"Point","coordinates":[118.7779041,32.0432998]}},{"type":"Feature","properties":{"node_id":"13826919823","node_origin":"osm_node","degree":2,"is_intersection":false,"source":"OpenStreetMap"},"geometry":{"type":"Point","coordinates":[118.7779038,32.0433062]}},{"type":"Feature","properties":{"node_id":"13826919826","node_origin":"osm_node","degree":2,"is_intersection":false,"source":"OpenStreetMap"},"geometry":{"type":"Point","coordinates":[118.7779039,32.0433246]}},{"type":"Feature","properties":{"node_id":"13826919830","node_origin":"osm_node","degree":2,"is_intersection":false,"source":"OpenStreetMap"},"geometry":{"type":"Point","coordinates":[118.7779066,32.0432733]}},{"type":"Feature","properties":{"node_id":"13843649328","node_origin":"osm_node","degree":2,"is_intersection":false,"source":"OpenStreetMap"},"geometry":{"type":"Point","coordinates":[118.8166504,32.048784]}},{"type":"Feature","properties":{"node_id":"13843649329","node_origin":"osm_node","degree":2,"is_intersection":false,"source":"OpenStreetMap"},"geometry":{"type":"Point","coordinates":[118.8169239,32.0486658]}},{"type":"Feature","properties":{"node_id":"13843649330","node_origin":"osm_node","degree":2,"is_intersection":false,"source":"OpenStreetMap"},"geometry":{"type":"Point","coordinates":[118.8168889,32.0484536]}},{"type":"Feature","properties":{"node_id":"13843649333","node_origin":"osm_node","degree":1,"is_intersection":false,"source":"OpenStreetMap"},"geometry":{"type":"Point","coordinates":[118.8219375,32.0527534]}},{"type":"Feature","properties":{"node_id":"13843649334","node_origin":"osm_node","degree":2,"is_intersection":false,"source":"OpenStreetMap"},"geometry":{"type":"Point","coordinates":[118.8207961,32.0412766]}},{"type":"Feature","properties":{"node_id":"13859535935","node_origin":"osm_node","degree":2,"is_intersection":false,"source":"OpenStreetMap"},"geometry":{"type":"Point","coordinates":[118.7800366,32.041782]}},{"type":"Feature","properties":{"node_id":"13859559224","node_origin":"osm_node","degree":3,"is_intersection":true,"source":"OpenStreetMap"},"geometry":{"type":"Point","coordinates":[118.7789055,32.0412526]}},{"type":"Feature","properties":{"node_id":"13859559232","node_origin":"osm_node","degree":1,"is_intersection":false,"source":"OpenStreetMap"},"geometry":{"type":"Point","coordinates":[118.7790862,32.0412455]}},{"type":"Feature","properties":{"node_id":"13859559233","node_origin":"osm_node","degree":2,"is_intersection":false,"source":"OpenStreetMap"},"geometry":{"type":"Point","coordinates":[118.7789725,32.04125]}},{"type":"Feature","properties":{"node_id":"13875823201","node_origin":"osm_node","degree":1,"is_intersection":false,"source":"OpenStreetMap"},"geometry":{"type":"Point","coordinates":[118.8076678,32.071982]}},{"type":"Feature","properties":{"node_id":"13875823202","node_origin":"osm_node","degree":2,"is_intersection":false,"source":"OpenStreetMap"},"geometry":{"type":"Point","coordinates":[118.8080916,32.0718997]}},{"type":"Feature","properties":{"node_id":"13875823207","node_origin":"osm_node","degree":2,"is_intersection":false,"source":"OpenStreetMap"},"geometry":{"type":"Point","coordinates":[118.8062929,32.075369]}},{"type":"Feature","properties":{"node_id":"13875823210","node_origin":"osm_node","degree":2,"is_intersection":false,"source":"OpenStreetMap"},"geometry":{"type":"Point","coordinates":[118.7899403,32.0607881]}},{"type":"Feature","properties":{"node_id":"13875910040","node_origin":"osm_node","degree":2,"is_intersection":false,"source":"OpenStreetMap"},"geometry":{"type":"Point","coordinates":[118.8152338,32.041354]}},{"type":"Feature","properties":{"node_id":"13884494730","node_origin":"osm_node","degree":2,"is_intersection":false,"source":"OpenStreetMap"},"geometry":{"type":"Point","coordinates":[118.7772707,32.0408019]}},{"type":"Feature","properties":{"node_id":"13884494737","node_origin":"osm_node","degree":2,"is_intersection":false,"source":"OpenStreetMap"},"geometry":{"type":"Point","coordinates":[118.7806938,32.0398275]}},{"type":"Feature","properties":{"node_id":"13884494739","node_origin":"osm_node","degree":2,"is_intersection":false,"source":"OpenStreetMap"},"geometry":{"type":"Point","coordinates":[118.7787743,32.0369225]}},{"type":"Feature","properties":{"node_id":"13884494740","node_origin":"osm_node","degree":2,"is_intersection":false,"source":"OpenStreetMap"},"geometry":{"type":"Point","coordinates":[118.7789828,32.0368847]}},{"type":"Feature","properties":{"node_id":"13884494741","node_origin":"osm_node","degree":2,"is_intersection":false,"source":"OpenStreetMap"},"geometry":{"type":"Point","coordinates":[118.7789819,32.0388446]}},{"type":"Feature","properties":{"node_id":"13884494754","node_origin":"osm_node","degree":2,"is_intersection":false,"source":"OpenStreetMap"},"geometry":{"type":"Point","coordinates":[118.7759742,32.0413126]}},{"type":"Feature","properties":{"node_id":"13884494762","node_origin":"osm_node","degree":2,"is_intersection":false,"source":"OpenStreetMap"},"geometry":{"type":"Point","coordinates":[118.7772449,32.0407525]}},{"type":"Feature","properties":{"node_id":"13884494764","node_origin":"osm_node","degree":2,"is_intersection":false,"source":"OpenStreetMap"},"geometry":{"type":"Point","coordinates":[118.7806591,32.0396747]}},{"type":"Feature","properties":{"node_id":"13884494799","node_origin":"osm_node","degree":2,"is_intersection":false,"source":"OpenStreetMap"},"geometry":{"type":"Point","coordinates":[118.7789813,32.0400764]}},{"type":"Feature","properties":{"node_id":"13884515427","node_origin":"osm_node","degree":2,"is_intersection":false,"source":"OpenStreetMap"},"geometry":{"type":"Point","coordinates":[118.7789348,32.0400101]}},{"type":"Feature","properties":{"node_id":"13884515429","node_origin":"osm_node","degree":2,"is_intersection":false,"source":"OpenStreetMap"},"geometry":{"type":"Point","coordinates":[118.778807,32.0400367]}},{"type":"Feature","properties":{"node_id":"13884515440","node_origin":"osm_node","degree":2,"is_intersection":false,"source":"OpenStreetMap"},"geometry":{"type":"Point","coordinates":[118.7761159,32.043936]}},{"type":"Feature","properties":{"node_id":"13884515442","node_origin":"osm_node","degree":2,"is_intersection":false,"source":"OpenStreetMap"},"geometry":{"type":"Point","coordinates":[118.7731559,32.0441177]}},{"type":"Feature","properties":{"node_id":"13884515446","node_origin":"osm_node","degree":2,"is_intersection":false,"source":"OpenStreetMap"},"geometry":{"type":"Point","coordinates":[118.7842187,32.0435574]}},{"type":"Feature","properties":{"node_id":"13884515447","node_origin":"osm_node","degree":2,"is_intersection":false,"source":"OpenStreetMap"},"geometry":{"type":"Point","coordinates":[118.7880182,32.0433062]}},{"type":"Feature","properties":{"node_id":"13884515448","node_origin":"osm_node","degree":2,"is_intersection":false,"source":"OpenStreetMap"},"geometry":{"type":"Point","coordinates":[118.7841482,32.043322]}},{"type":"Feature","properties":{"node_id":"13884515449","node_origin":"osm_node","degree":2,"is_intersection":false,"source":"OpenStreetMap"},"geometry":{"type":"Point","coordinates":[118.7879125,32.0430708]}},{"type":"Feature","properties":{"node_id":"13884515451","node_origin":"osm_node","degree":2,"is_intersection":false,"source":"OpenStreetMap"},"geometry":{"type":"Point","coordinates":[118.7853945,32.0432319]}},{"type":"Feature","properties":{"node_id":"13884515454","node_origin":"osm_node","degree":2,"is_intersection":false,"source":"OpenStreetMap"},"geometry":{"type":"Point","coordinates":[118.7829007,32.0450499]}},{"type":"Feature","properties":{"node_id":"13884515456","node_origin":"osm_node","degree":2,"is_intersection":false,"source":"OpenStreetMap"},"geometry":{"type":"Point","coordinates":[118.7822166,32.0405618]}},{"type":"Feature","properties":{"node_id":"13884515457","node_origin":"osm_node","degree":2,"is_intersection":false,"source":"OpenStreetMap"},"geometry":{"type":"Point","coordinates":[118.7819667,32.0380542]}},{"type":"Feature","properties":{"node_id":"13884515460","node_origin":"osm_node","degree":2,"is_intersection":false,"source":"OpenStreetMap"},"geometry":{"type":"Point","coordinates":[118.7822159,32.0395349]}},{"type":"Feature","properties":{"node_id":"13884515463","node_origin":"osm_node","degree":2,"is_intersection":false,"source":"OpenStreetMap"},"geometry":{"type":"Point","coordinates":[118.7825255,32.0393879]}},{"type":"Feature","properties":{"node_id":"13884515466","node_origin":"osm_node","degree":2,"is_intersection":false,"source":"OpenStreetMap"},"geometry":{"type":"Point","coordinates":[118.7834771,32.0467416]}},{"type":"Feature","properties":{"node_id":"13884515467","node_origin":"osm_node","degree":2,"is_intersection":false,"source":"OpenStreetMap"},"geometry":{"type":"Point","coordinates":[118.7831705,32.0449908]}},{"type":"Feature","properties":{"node_id":"13884515470","node_origin":"osm_node","degree":2,"is_intersection":false,"source":"OpenStreetMap"},"geometry":{"type":"Point","coordinates":[118.7821696,32.0379999]}},{"type":"Feature","properties":{"node_id":"13884515471","node_origin":"osm_node","degree":2,"is_intersection":false,"source":"OpenStreetMap"},"geometry":{"type":"Point","coordinates":[118.7825249,32.0410734]}},{"type":"Feature","properties":{"node_id":"13884515474","node_origin":"osm_node","degree":2,"is_intersection":false,"source":"OpenStreetMap"},"geometry":{"type":"Point","coordinates":[118.7772921,32.0437507]}},{"type":"Feature","properties":{"node_id":"13884515475","node_origin":"osm_node","degree":2,"is_intersection":false,"source":"OpenStreetMap"},"geometry":{"type":"Point","coordinates":[118.7772752,32.0435975]}},{"type":"Feature","properties":{"node_id":"13884515489","node_origin":"osm_node","degree":2,"is_intersection":false,"source":"OpenStreetMap"},"geometry":{"type":"Point","coordinates":[118.7786134,32.0429359]}},{"type":"Feature","properties":{"node_id":"13884515490","node_origin":"osm_node","degree":2,"is_intersection":false,"source":"OpenStreetMap"},"geometry":{"type":"Point","coordinates":[118.7786056,32.0433225]}},{"type":"Feature","properties":{"node_id":"13884515493","node_origin":"osm_node","degree":2,"is_intersection":false,"source":"OpenStreetMap"},"geometry":{"type":"Point","coordinates":[118.7782734,32.0436223]}},{"type":"Feature","properties":{"node_id":"13884515494","node_origin":"osm_node","degree":2,"is_intersection":false,"source":"OpenStreetMap"},"geometry":{"type":"Point","coordinates":[118.7780537,32.0436878]}},{"type":"Feature","properties":{"node_id":"13884685489","node_origin":"osm_node","degree":2,"is_intersection":false,"source":"OpenStreetMap"},"geometry":{"type":"Point","coordinates":[118.7782556,32.0432486]}},{"type":"Feature","properties":{"node_id":"13890881489","node_origin":"osm_node","degree":2,"is_intersection":false,"source":"OpenStreetMap"},"geometry":{"type":"Point","coordinates":[118.7787464,32.0439987]}},{"type":"Feature","properties":{"node_id":"13890881490","node_origin":"osm_node","degree":2,"is_intersection":false,"source":"OpenStreetMap"},"geometry":{"type":"Point","coordinates":[118.7787039,32.0439735]}},{"type":"Feature","properties":{"node_id":"13890881491","node_origin":"osm_node","degree":2,"is_intersection":false,"source":"OpenStreetMap"},"geometry":{"type":"Point","coordinates":[118.7786682,32.0439417]}},{"type":"Feature","properties":{"node_id":"13890881492","node_origin":"osm_node","degree":2,"is_intersection":false,"source":"OpenStreetMap"},"geometry":{"type":"Point","coordinates":[118.7786406,32.0439045]}},{"type":"Feature","properties":{"node_id":"13890881493","node_origin":"osm_node","degree":2,"is_intersection":false,"source":"OpenStreetMap"},"geometry":{"type":"Point","coordinates":[118.7786222,32.0438634]}},{"type":"Feature","properties":{"node_id":"13890881494","node_origin":"osm_node","degree":2,"is_intersection":false,"source":"OpenStreetMap"},"geometry":{"type":"Point","coordinates":[118.7786138,32.0438178]}},{"type":"Feature","properties":{"node_id":"13890881495","node_origin":"osm_node","degree":2,"is_intersection":false,"source":"OpenStreetMap"},"geometry":{"type":"Point","coordinates":[118.7790116,32.0436184]}},{"type":"Feature","properties":{"node_id":"13890881496","node_origin":"osm_node","degree":2,"is_intersection":false,"source":"OpenStreetMap"},"geometry":{"type":"Point","coordinates":[118.7790516,32.0436444]}},{"type":"Feature","properties":{"node_id":"13890881497","node_origin":"osm_node","degree":2,"is_intersection":false,"source":"OpenStreetMap"},"geometry":{"type":"Point","coordinates":[118.7790849,32.0436763]}},{"type":"Feature","properties":{"node_id":"13890881498","node_origin":"osm_node","degree":2,"is_intersection":false,"source":"OpenStreetMap"},"geometry":{"type":"Point","coordinates":[118.7791104,32.0437132]}},{"type":"Feature","properties":{"node_id":"13890881499","node_origin":"osm_node","degree":2,"is_intersection":false,"source":"OpenStreetMap"},"geometry":{"type":"Point","coordinates":[118.7791271,32.0437534]}},{"type":"Feature","properties":{"node_id":"13890881500","node_origin":"osm_node","degree":2,"is_intersection":false,"source":"OpenStreetMap"},"geometry":{"type":"Point","coordinates":[118.7791343,32.0437957]}},{"type":"Feature","properties":{"node_id":"13890889887","node_origin":"osm_node","degree":2,"is_intersection":false,"source":"OpenStreetMap"},"geometry":{"type":"Point","coordinates":[118.7790767,32.0426657]}},{"type":"Feature","properties":{"node_id":"13890955701","node_origin":"osm_node","degree":2,"is_intersection":false,"source":"OpenStreetMap"},"geometry":{"type":"Point","coordinates":[118.7791317,32.0438383]}},{"type":"Feature","properties":{"node_id":"13890955702","node_origin":"osm_node","degree":2,"is_intersection":false,"source":"OpenStreetMap"},"geometry":{"type":"Point","coordinates":[118.7786156,32.0437762]}},{"type":"Feature","properties":{"node_id":"13890955703","node_origin":"osm_node","degree":2,"is_intersection":false,"source":"OpenStreetMap"},"geometry":{"type":"Point","coordinates":[118.7786277,32.0437334]}},{"type":"Feature","properties":{"node_id":"13890955704","node_origin":"osm_node","degree":2,"is_intersection":false,"source":"OpenStreetMap"},"geometry":{"type":"Point","coordinates":[118.7786495,32.0436936]}},{"type":"Feature","properties":{"node_id":"13890955705","node_origin":"osm_node","degree":2,"is_intersection":false,"source":"OpenStreetMap"},"geometry":{"type":"Point","coordinates":[118.7786802,32.0436582]}},{"type":"Feature","properties":{"node_id":"13890955706","node_origin":"osm_node","degree":2,"is_intersection":false,"source":"OpenStreetMap"},"geometry":{"type":"Point","coordinates":[118.7787185,32.0436286]}},{"type":"Feature","properties":{"node_id":"13890955707","node_origin":"osm_node","degree":2,"is_intersection":false,"source":"OpenStreetMap"},"geometry":{"type":"Point","coordinates":[118.778763,32.043606]}},{"type":"Feature","properties":{"node_id":"13890955708","node_origin":"osm_node","degree":2,"is_intersection":false,"source":"OpenStreetMap"},"geometry":{"type":"Point","coordinates":[118.7788046,32.0435936]}},{"type":"Feature","properties":{"node_id":"13890955709","node_origin":"osm_node","degree":2,"is_intersection":false,"source":"OpenStreetMap"},"geometry":{"type":"Point","coordinates":[118.7788632,32.0435852]}},{"type":"Feature","properties":{"node_id":"13890955710","node_origin":"osm_node","degree":2,"is_intersection":false,"source":"OpenStreetMap"},"geometry":{"type":"Point","coordinates":[118.778915,32.0435878]}},{"type":"Feature","properties":{"node_id":"13890955711","node_origin":"osm_node","degree":2,"is_intersection":false,"source":"OpenStreetMap"},"geometry":{"type":"Point","coordinates":[118.7789651,32.043599]}},{"type":"Feature","properties":{"node_id":"13890955712","node_origin":"osm_node","degree":2,"is_intersection":false,"source":"OpenStreetMap"},"geometry":{"type":"Point","coordinates":[118.7791196,32.0438797]}},{"type":"Feature","properties":{"node_id":"13890955713","node_origin":"osm_node","degree":2,"is_intersection":false,"source":"OpenStreetMap"},"geometry":{"type":"Point","coordinates":[118.7790983,32.0439184]}},{"type":"Feature","properties":{"node_id":"13890955714","node_origin":"osm_node","degree":2,"is_intersection":false,"source":"OpenStreetMap"},"geometry":{"type":"Point","coordinates":[118.7790686,32.0439529]}},{"type":"Feature","properties":{"node_id":"13890955715","node_origin":"osm_node","degree":2,"is_intersection":false,"source":"OpenStreetMap"},"geometry":{"type":"Point","coordinates":[118.7790316,32.0439819]}},{"type":"Feature","properties":{"node_id":"13890955716","node_origin":"osm_node","degree":2,"is_intersection":false,"source":"OpenStreetMap"},"geometry":{"type":"Point","coordinates":[118.7789888,32.0440043]}},{"type":"Feature","properties":{"node_id":"13890955717","node_origin":"osm_node","degree":2,"is_intersection":false,"source":"OpenStreetMap"},"geometry":{"type":"Point","coordinates":[118.7789416,32.0440193]}},{"type":"Feature","properties":{"node_id":"13890955718","node_origin":"osm_node","degree":2,"is_intersection":false,"source":"OpenStreetMap"},"geometry":{"type":"Point","coordinates":[118.7788942,32.0440261]}},{"type":"Feature","properties":{"node_id":"13890955719","node_origin":"osm_node","degree":2,"is_intersection":false,"source":"OpenStreetMap"},"geometry":{"type":"Point","coordinates":[118.7788416,32.0440252]}},{"type":"Feature","properties":{"node_id":"13890955720","node_origin":"osm_node","degree":2,"is_intersection":false,"source":"OpenStreetMap"},"geometry":{"type":"Point","coordinates":[118.7787925,32.0440159]}},{"type":"Feature","properties":{"node_id":"13890955721","node_origin":"osm_node","degree":2,"is_intersection":false,"source":"OpenStreetMap"},"geometry":{"type":"Point","coordinates":[118.7790701,32.0436621]}},{"type":"Feature","properties":{"node_id":"13890955722","node_origin":"osm_node","degree":2,"is_intersection":false,"source":"OpenStreetMap"},"geometry":{"type":"Point","coordinates":[118.7791322,32.0437836]}},{"type":"Feature","properties":{"node_id":"13890955731","node_origin":"osm_node","degree":2,"is_intersection":false,"source":"OpenStreetMap"},"geometry":{"type":"Point","coordinates":[118.7790437,32.0439724]}},{"type":"Feature","properties":{"node_id":"13890955758","node_origin":"osm_node","degree":2,"is_intersection":false,"source":"OpenStreetMap"},"geometry":{"type":"Point","coordinates":[118.7791149,32.0437239]}},{"type":"Feature","properties":{"node_id":"13890955759","node_origin":"osm_node","degree":2,"is_intersection":false,"source":"OpenStreetMap"},"geometry":{"type":"Point","coordinates":[118.7790894,32.0436828]}},{"type":"Feature","properties":{"node_id":"13890955762","node_origin":"osm_node","degree":2,"is_intersection":false,"source":"OpenStreetMap"},"geometry":{"type":"Point","coordinates":[118.7790556,32.0436482]}},{"type":"Feature","properties":{"node_id":"13890955763","node_origin":"osm_node","degree":2,"is_intersection":false,"source":"OpenStreetMap"},"geometry":{"type":"Point","coordinates":[118.7790339,32.0436329]}},{"type":"Feature","properties":{"node_id":"13890955843","node_origin":"osm_node","degree":2,"is_intersection":false,"source":"OpenStreetMap"},"geometry":{"type":"Point","coordinates":[118.778604,32.0435817]}},{"type":"Feature","properties":{"node_id":"13890955844","node_origin":"osm_node","degree":2,"is_intersection":false,"source":"OpenStreetMap"},"geometry":{"type":"Point","coordinates":[118.7785337,32.043617]}},{"type":"Feature","properties":{"node_id":"13890955845","node_origin":"osm_node","degree":2,"is_intersection":false,"source":"OpenStreetMap"},"geometry":{"type":"Point","coordinates":[118.7784923,32.0436189]}},{"type":"Feature","properties":{"node_id":"13890955846","node_origin":"osm_node","degree":2,"is_intersection":false,"source":"OpenStreetMap"},"geometry":{"type":"Point","coordinates":[118.7784524,32.0436097]}},{"type":"Feature","properties":{"node_id":"13890955847","node_origin":"osm_node","degree":2,"is_intersection":false,"source":"OpenStreetMap"},"geometry":{"type":"Point","coordinates":[118.7784178,32.0435903]}},{"type":"Feature","properties":{"node_id":"13890955848","node_origin":"osm_node","degree":2,"is_intersection":false,"source":"OpenStreetMap"},"geometry":{"type":"Point","coordinates":[118.7785928,32.0434273]}},{"type":"Feature","properties":{"node_id":"13890955849","node_origin":"osm_node","degree":2,"is_intersection":false,"source":"OpenStreetMap"},"geometry":{"type":"Point","coordinates":[118.7786183,32.0434538]}},{"type":"Feature","properties":{"node_id":"13890955850","node_origin":"osm_node","degree":2,"is_intersection":false,"source":"OpenStreetMap"},"geometry":{"type":"Point","coordinates":[118.7786329,32.0434856]}},{"type":"Feature","properties":{"node_id":"13890955851","node_origin":"osm_node","degree":2,"is_intersection":false,"source":"OpenStreetMap"},"geometry":{"type":"Point","coordinates":[118.7786354,32.0435197]}},{"type":"Feature","properties":{"node_id":"13890955852","node_origin":"osm_node","degree":2,"is_intersection":false,"source":"OpenStreetMap"},"geometry":{"type":"Point","coordinates":[118.7786254,32.0435527]}},{"type":"Feature","properties":{"node_id":"13890955853","node_origin":"osm_node","degree":2,"is_intersection":false,"source":"OpenStreetMap"},"geometry":{"type":"Point","coordinates":[118.778604,32.043439]}},{"type":"Feature","properties":{"node_id":"13890955865","node_origin":"osm_node","degree":2,"is_intersection":false,"source":"OpenStreetMap"},"geometry":{"type":"Point","coordinates":[118.7785727,32.0434162]}},{"type":"Feature","properties":{"node_id":"13890955871","node_origin":"osm_node","degree":2,"is_intersection":false,"source":"OpenStreetMap"},"geometry":{"type":"Point","coordinates":[118.7784079,32.0435795]}},{"type":"Feature","properties":{"node_id":"13890955872","node_origin":"osm_node","degree":2,"is_intersection":false,"source":"OpenStreetMap"},"geometry":{"type":"Point","coordinates":[118.778639,32.0437128]}},{"type":"Feature","properties":{"node_id":"13890955873","node_origin":"osm_node","degree":2,"is_intersection":false,"source":"OpenStreetMap"},"geometry":{"type":"Point","coordinates":[118.7786178,32.0437683]}},{"type":"Feature","properties":{"node_id":"13890955874","node_origin":"osm_node","degree":2,"is_intersection":false,"source":"OpenStreetMap"},"geometry":{"type":"Point","coordinates":[118.778585,32.043595]}},{"type":"Feature","properties":{"node_id":"13890955875","node_origin":"osm_node","degree":2,"is_intersection":false,"source":"OpenStreetMap"},"geometry":{"type":"Point","coordinates":[118.7786784,32.0436602]}},{"type":"Feature","properties":{"node_id":"13890955876","node_origin":"osm_node","degree":2,"is_intersection":false,"source":"OpenStreetMap"},"geometry":{"type":"Point","coordinates":[118.7787732,32.043603]}},{"type":"Feature","properties":{"node_id":"13890955878","node_origin":"osm_node","degree":2,"is_intersection":false,"source":"OpenStreetMap"},"geometry":{"type":"Point","coordinates":[118.7785825,32.0435968]}},{"type":"Feature","properties":{"node_id":"13890955921","node_origin":"osm_node","degree":2,"is_intersection":false,"source":"OpenStreetMap"},"geometry":{"type":"Point","coordinates":[118.7786608,32.0439318]}},{"type":"Feature","properties":{"node_id":"13890955931","node_origin":"osm_node","degree":2,"is_intersection":false,"source":"OpenStreetMap"},"geometry":{"type":"Point","coordinates":[118.7788867,32.0435864]}},{"type":"Feature","properties":{"node_id":"13890955937","node_origin":"osm_node","degree":2,"is_intersection":false,"source":"OpenStreetMap"},"geometry":{"type":"Point","coordinates":[118.7779413,32.0436971]}},{"type":"Feature","properties":{"node_id":"13890955942","node_origin":"osm_node","degree":2,"is_intersection":false,"source":"OpenStreetMap"},"geometry":{"type":"Point","coordinates":[118.7780487,32.0436454]}},{"type":"Feature","properties":{"node_id":"13890955944","node_origin":"osm_node","degree":2,"is_intersection":false,"source":"OpenStreetMap"},"geometry":{"type":"Point","coordinates":[118.7783903,32.043554]}},{"type":"Feature","properties":{"node_id":"13890955945","node_origin":"osm_node","degree":2,"is_intersection":false,"source":"OpenStreetMap"},"geometry":{"type":"Point","coordinates":[118.7785371,32.0434089]}},{"type":"Feature","properties":{"node_id":"13890955946","node_origin":"osm_node","degree":2,"is_intersection":false,"source":"OpenStreetMap"},"geometry":{"type":"Point","coordinates":[118.7783992,32.0435669]}},{"type":"Feature","properties":{"node_id":"13890955947","node_origin":"osm_node","degree":2,"is_intersection":false,"source":"OpenStreetMap"},"geometry":{"type":"Point","coordinates":[118.7785533,32.043412]}},{"type":"Feature","properties":{"node_id":"13890955949","node_origin":"osm_node","degree":2,"is_intersection":false,"source":"OpenStreetMap"},"geometry":{"type":"Point","coordinates":[118.7786639,32.0436769]}},{"type":"Feature","properties":{"node_id":"13890955950","node_origin":"osm_node","degree":2,"is_intersection":false,"source":"OpenStreetMap"},"geometry":{"type":"Point","coordinates":[118.7786148,32.043567]}},{"type":"Feature","properties":{"node_id":"13890955951","node_origin":"osm_node","degree":2,"is_intersection":false,"source":"OpenStreetMap"},"geometry":{"type":"Point","coordinates":[118.7785583,32.0436068]}},{"type":"Feature","properties":{"node_id":"13890955962","node_origin":"osm_node","degree":2,"is_intersection":false,"source":"OpenStreetMap"},"geometry":{"type":"Point","coordinates":[118.7786835,32.0439554]}},{"type":"Feature","properties":{"node_id":"13890956015","node_origin":"osm_node","degree":2,"is_intersection":false,"source":"OpenStreetMap"},"geometry":{"type":"Point","coordinates":[118.7790184,32.0439888]}},{"type":"Feature","properties":{"node_id":"13890956026","node_origin":"osm_node","degree":2,"is_intersection":false,"source":"OpenStreetMap"},"geometry":{"type":"Point","coordinates":[118.7791632,32.0421438]}},{"type":"Feature","properties":{"node_id":"13890956027","node_origin":"osm_node","degree":2,"is_intersection":false,"source":"OpenStreetMap"},"geometry":{"type":"Point","coordinates":[118.7794124,32.0420653]}},{"type":"Feature","properties":{"node_id":"13890956032","node_origin":"osm_node","degree":2,"is_intersection":false,"source":"OpenStreetMap"},"geometry":{"type":"Point","coordinates":[118.7794754,32.0436485]}},{"type":"Feature","properties":{"node_id":"13890956033","node_origin":"osm_node","degree":2,"is_intersection":false,"source":"OpenStreetMap"},"geometry":{"type":"Point","coordinates":[118.7794039,32.0436308]}},{"type":"Feature","properties":{"node_id":"13890956034","node_origin":"osm_node","degree":2,"is_intersection":false,"source":"OpenStreetMap"},"geometry":{"type":"Point","coordinates":[118.7792933,32.0435835]}},{"type":"Feature","properties":{"node_id":"13890956035","node_origin":"osm_node","degree":2,"is_intersection":false,"source":"OpenStreetMap"},"geometry":{"type":"Point","coordinates":[118.7791586,32.0435031]}},{"type":"Feature","properties":{"node_id":"13890956036","node_origin":"osm_node","degree":2,"is_intersection":false,"source":"OpenStreetMap"},"geometry":{"type":"Point","coordinates":[118.779086,32.0434417]}},{"type":"Feature","properties":{"node_id":"13890956037","node_origin":"osm_node","degree":2,"is_intersection":false,"source":"OpenStreetMap"},"geometry":{"type":"Point","coordinates":[118.779049,32.0433884]}},{"type":"Feature","properties":{"node_id":"13890956038","node_origin":"osm_node","degree":2,"is_intersection":false,"source":"OpenStreetMap"},"geometry":{"type":"Point","coordinates":[118.7790219,32.0433456]}},{"type":"Feature","properties":{"node_id":"13890956039","node_origin":"osm_node","degree":2,"is_intersection":false,"source":"OpenStreetMap"},"geometry":{"type":"Point","coordinates":[118.7790095,32.0433111]}},{"type":"Feature","properties":{"node_id":"13890956040","node_origin":"osm_node","degree":2,"is_intersection":false,"source":"OpenStreetMap"},"geometry":{"type":"Point","coordinates":[118.7789997,32.0424649]}},{"type":"Feature","properties":{"node_id":"13890956041","node_origin":"osm_node","degree":2,"is_intersection":false,"source":"OpenStreetMap"},"geometry":{"type":"Point","coordinates":[118.778999,32.0424347]}},{"type":"Feature","properties":{"node_id":"13890956042","node_origin":"osm_node","degree":2,"is_intersection":false,"source":"OpenStreetMap"},"geometry":{"type":"Point","coordinates":[118.7790266,32.0424323]}},{"type":"Feature","properties":{"node_id":"13890956043","node_origin":"osm_node","degree":2,"is_intersection":false,"source":"OpenStreetMap"},"geometry":{"type":"Point","coordinates":[118.7790839,32.0424179]}},{"type":"Feature","properties":{"node_id":"13890956044","node_origin":"osm_node","degree":2,"is_intersection":false,"source":"OpenStreetMap"},"geometry":{"type":"Point","coordinates":[118.7791242,32.0434775]}},{"type":"Feature","properties":{"node_id":"13890956045","node_origin":"osm_node","degree":2,"is_intersection":false,"source":"OpenStreetMap"},"geometry":{"type":"Point","coordinates":[118.7791898,32.0435265]}},{"type":"Feature","properties":{"node_id":"13890956046","node_origin":"osm_node","degree":2,"is_intersection":false,"source":"OpenStreetMap"},"geometry":{"type":"Point","coordinates":[118.7793477,32.0436087]}},{"type":"Feature","properties":{"node_id":"13891535380","node_origin":"osm_node","degree":1,"is_intersection":false,"source":"OpenStreetMap"},"geometry":{"type":"Point","coordinates":[118.7758318,32.0431805]}},{"type":"Feature","properties":{"node_id":"13891535381","node_origin":"osm_node","degree":2,"is_intersection":false,"source":"OpenStreetMap"},"geometry":{"type":"Point","coordinates":[118.7768515,32.0428179]}},{"type":"Feature","properties":{"node_id":"13891535382","node_origin":"osm_node","degree":2,"is_intersection":false,"source":"OpenStreetMap"},"geometry":{"type":"Point","coordinates":[118.7770044,32.0427591]}},{"type":"Feature","properties":{"node_id":"13891535383","node_origin":"osm_node","degree":2,"is_intersection":false,"source":"OpenStreetMap"},"geometry":{"type":"Point","coordinates":[118.7770879,32.0427075]}},{"type":"Feature","properties":{"node_id":"13891535384","node_origin":"osm_node","degree":2,"is_intersection":false,"source":"OpenStreetMap"},"geometry":{"type":"Point","coordinates":[118.7772677,32.0425491]}},{"type":"Feature","properties":{"node_id":"13891535385","node_origin":"osm_node","degree":2,"is_intersection":false,"source":"OpenStreetMap"},"geometry":{"type":"Point","coordinates":[118.7774107,32.0423883]}},{"type":"Feature","properties":{"node_id":"13891535386","node_origin":"osm_node","degree":2,"is_intersection":false,"source":"OpenStreetMap"},"geometry":{"type":"Point","coordinates":[118.7774984,32.0423355]}},{"type":"Feature","properties":{"node_id":"13891535387","node_origin":"osm_node","degree":2,"is_intersection":false,"source":"OpenStreetMap"},"geometry":{"type":"Point","coordinates":[118.7778934,32.0421795]}},{"type":"Feature","properties":{"node_id":"13891535390","node_origin":"osm_node","degree":2,"is_intersection":false,"source":"OpenStreetMap"},"geometry":{"type":"Point","coordinates":[118.7758149,32.0433138]}},{"type":"Feature","properties":{"node_id":"13891562024","node_origin":"osm_node","degree":2,"is_intersection":false,"source":"OpenStreetMap"},"geometry":{"type":"Point","coordinates":[118.776617,32.0430205]}},{"type":"Feature","properties":{"node_id":"13891562025","node_origin":"osm_node","degree":2,"is_intersection":false,"source":"OpenStreetMap"},"geometry":{"type":"Point","coordinates":[118.7766558,32.0431095]}},{"type":"Feature","properties":{"node_id":"13891562026","node_origin":"osm_node","degree":2,"is_intersection":false,"source":"OpenStreetMap"},"geometry":{"type":"Point","coordinates":[118.7771475,32.0430813]}},{"type":"Feature","properties":{"node_id":"13891562060","node_origin":"osm_node","degree":2,"is_intersection":false,"source":"OpenStreetMap"},"geometry":{"type":"Point","coordinates":[118.7767937,32.042962]}},{"type":"Feature","properties":{"node_id":"13891562061","node_origin":"osm_node","degree":2,"is_intersection":false,"source":"OpenStreetMap"},"geometry":{"type":"Point","coordinates":[118.7769275,32.0429188]}},{"type":"Feature","properties":{"node_id":"13891562063","node_origin":"osm_node","degree":4,"is_intersection":true,"source":"OpenStreetMap"},"geometry":{"type":"Point","coordinates":[118.7770113,32.0428902]}},{"type":"Feature","properties":{"node_id":"13891562068","node_origin":"osm_node","degree":2,"is_intersection":false,"source":"OpenStreetMap"},"geometry":{"type":"Point","coordinates":[118.7770543,32.042975]}},{"type":"Feature","properties":{"node_id":"13891562069","node_origin":"osm_node","degree":2,"is_intersection":false,"source":"OpenStreetMap"},"geometry":{"type":"Point","coordinates":[118.7771452,32.0429708]}},{"type":"Feature","properties":{"node_id":"13891562075","node_origin":"osm_node","degree":2,"is_intersection":false,"source":"OpenStreetMap"},"geometry":{"type":"Point","coordinates":[118.7773297,32.0424089]}},{"type":"Feature","properties":{"node_id":"13891562076","node_origin":"osm_node","degree":2,"is_intersection":false,"source":"OpenStreetMap"},"geometry":{"type":"Point","coordinates":[118.7772874,32.0424668]}},{"type":"Feature","properties":{"node_id":"13891562077","node_origin":"osm_node","degree":2,"is_intersection":false,"source":"OpenStreetMap"},"geometry":{"type":"Point","coordinates":[118.7772223,32.0425482]}},{"type":"Feature","properties":{"node_id":"13891562078","node_origin":"osm_node","degree":2,"is_intersection":false,"source":"OpenStreetMap"},"geometry":{"type":"Point","coordinates":[118.7771457,32.0426051]}},{"type":"Feature","properties":{"node_id":"13891562079","node_origin":"osm_node","degree":2,"is_intersection":false,"source":"OpenStreetMap"},"geometry":{"type":"Point","coordinates":[118.7770805,32.0426302]}},{"type":"Feature","properties":{"node_id":"13891562080","node_origin":"osm_node","degree":2,"is_intersection":false,"source":"OpenStreetMap"},"geometry":{"type":"Point","coordinates":[118.7769829,32.0426302]}},{"type":"Feature","properties":{"node_id":"13891562081","node_origin":"osm_node","degree":2,"is_intersection":false,"source":"OpenStreetMap"},"geometry":{"type":"Point","coordinates":[118.7768495,32.0426164]}},{"type":"Feature","properties":{"node_id":"13891562082","node_origin":"osm_node","degree":2,"is_intersection":false,"source":"OpenStreetMap"},"geometry":{"type":"Point","coordinates":[118.776765,32.0426152]}},{"type":"Feature","properties":{"node_id":"13891562086","node_origin":"osm_node","degree":2,"is_intersection":false,"source":"OpenStreetMap"},"geometry":{"type":"Point","coordinates":[118.7772587,32.0425026]}},{"type":"Feature","properties":{"node_id":"13891562087","node_origin":"osm_node","degree":2,"is_intersection":false,"source":"OpenStreetMap"},"geometry":{"type":"Point","coordinates":[118.7773519,32.0423931]}},{"type":"Feature","properties":{"node_id":"13891562088","node_origin":"osm_node","degree":2,"is_intersection":false,"source":"OpenStreetMap"},"geometry":{"type":"Point","coordinates":[118.7771132,32.0426222]}},{"type":"Feature","properties":{"node_id":"13891562090","node_origin":"osm_node","degree":2,"is_intersection":false,"source":"OpenStreetMap"},"geometry":{"type":"Point","coordinates":[118.7773162,32.0424274]}},{"type":"Feature","properties":{"node_id":"13891562097","node_origin":"osm_node","degree":2,"is_intersection":false,"source":"OpenStreetMap"},"geometry":{"type":"Point","coordinates":[118.7771244,32.0426163]}},{"type":"Feature","properties":{"node_id":"13891562099","node_origin":"osm_node","degree":2,"is_intersection":false,"source":"OpenStreetMap"},"geometry":{"type":"Point","coordinates":[118.777193,32.0425699]}},{"type":"Feature","properties":{"node_id":"13891562101","node_origin":"osm_node","degree":2,"is_intersection":false,"source":"OpenStreetMap"},"geometry":{"type":"Point","coordinates":[118.7770229,32.0426326]}},{"type":"Feature","properties":{"node_id":"13891562105","node_origin":"osm_node","degree":2,"is_intersection":false,"source":"OpenStreetMap"},"geometry":{"type":"Point","coordinates":[118.7771203,32.0428152]}},{"type":"Feature","properties":{"node_id":"13891562106","node_origin":"osm_node","degree":2,"is_intersection":false,"source":"OpenStreetMap"},"geometry":{"type":"Point","coordinates":[118.7772354,32.0427224]}},{"type":"Feature","properties":{"node_id":"13891562107","node_origin":"osm_node","degree":2,"is_intersection":false,"source":"OpenStreetMap"},"geometry":{"type":"Point","coordinates":[118.7772776,32.0426724]}},{"type":"Feature","properties":{"node_id":"13891562108","node_origin":"osm_node","degree":2,"is_intersection":false,"source":"OpenStreetMap"},"geometry":{"type":"Point","coordinates":[118.7773129,32.0426153]}},{"type":"Feature","properties":{"node_id":"13891562109","node_origin":"osm_node","degree":2,"is_intersection":false,"source":"OpenStreetMap"},"geometry":{"type":"Point","coordinates":[118.7773431,32.0425358]}},{"type":"Feature","properties":{"node_id":"13891562110","node_origin":"osm_node","degree":2,"is_intersection":false,"source":"OpenStreetMap"},"geometry":{"type":"Point","coordinates":[118.7773665,32.0424568]}},{"type":"Feature","properties":{"node_id":"13891562111","node_origin":"osm_node","degree":2,"is_intersection":false,"source":"OpenStreetMap"},"geometry":{"type":"Point","coordinates":[118.7773564,32.0423911]}},{"type":"Feature","properties":{"node_id":"13891562112","node_origin":"osm_node","degree":2,"is_intersection":false,"source":"OpenStreetMap"},"geometry":{"type":"Point","coordinates":[118.7773404,32.0424013]}},{"type":"Feature","properties":{"node_id":"13891562113","node_origin":"osm_node","degree":2,"is_intersection":false,"source":"OpenStreetMap"},"geometry":{"type":"Point","coordinates":[118.7766838,32.0429975]}},{"type":"Feature","properties":{"node_id":"13891562135","node_origin":"osm_node","degree":2,"is_intersection":false,"source":"OpenStreetMap"},"geometry":{"type":"Point","coordinates":[118.7774097,32.0423666]}},{"type":"Feature","properties":{"node_id":"13891562136","node_origin":"osm_node","degree":2,"is_intersection":false,"source":"OpenStreetMap"},"geometry":{"type":"Point","coordinates":[118.7768092,32.0427084]}},{"type":"Feature","properties":{"node_id":"13891562138","node_origin":"osm_node","degree":2,"is_intersection":false,"source":"OpenStreetMap"},"geometry":{"type":"Point","coordinates":[118.7773532,32.0424955]}},{"type":"Feature","properties":{"node_id":"13891562139","node_origin":"osm_node","degree":2,"is_intersection":false,"source":"OpenStreetMap"},"geometry":{"type":"Point","coordinates":[118.7773334,32.0425801]}},{"type":"Feature","properties":{"node_id":"13891562143","node_origin":"osm_node","degree":2,"is_intersection":false,"source":"OpenStreetMap"},"geometry":{"type":"Point","coordinates":[118.7773618,32.0424705]}},{"type":"Feature","properties":{"node_id":"13891562145","node_origin":"osm_node","degree":2,"is_intersection":false,"source":"OpenStreetMap"},"geometry":{"type":"Point","coordinates":[118.777345,32.0425281]}},{"type":"Feature","properties":{"node_id":"13891562175","node_origin":"osm_node","degree":2,"is_intersection":false,"source":"OpenStreetMap"},"geometry":{"type":"Point","coordinates":[118.7772652,32.0426871]}},{"type":"Feature","properties":{"node_id":"13891562179","node_origin":"osm_node","degree":2,"is_intersection":false,"source":"OpenStreetMap"},"geometry":{"type":"Point","coordinates":[118.777198,32.0427526]}},{"type":"Feature","properties":{"node_id":"13891562183","node_origin":"osm_node","degree":2,"is_intersection":false,"source":"OpenStreetMap"},"geometry":{"type":"Point","coordinates":[118.7770965,32.0428315]}},{"type":"Feature","properties":{"node_id":"13891562187","node_origin":"osm_node","degree":2,"is_intersection":false,"source":"OpenStreetMap"},"geometry":{"type":"Point","coordinates":[118.7767412,32.042979]}},{"type":"Feature","properties":{"node_id":"13891562190","node_origin":"osm_node","degree":2,"is_intersection":false,"source":"OpenStreetMap"},"geometry":{"type":"Point","coordinates":[118.7767607,32.0429727]}},{"type":"Feature","properties":{"node_id":"13891562193","node_origin":"osm_node","degree":2,"is_intersection":false,"source":"OpenStreetMap"},"geometry":{"type":"Point","coordinates":[118.7768386,32.0429475]}},{"type":"Feature","properties":{"node_id":"13891562196","node_origin":"osm_node","degree":2,"is_intersection":false,"source":"OpenStreetMap"},"geometry":{"type":"Point","coordinates":[118.7769681,32.042905]}},{"type":"Feature","properties":{"node_id":"13891562197","node_origin":"osm_node","degree":2,"is_intersection":false,"source":"OpenStreetMap"},"geometry":{"type":"Point","coordinates":[118.7769149,32.0429229]}},{"type":"Feature","properties":{"node_id":"13891562201","node_origin":"osm_node","degree":2,"is_intersection":false,"source":"OpenStreetMap"},"geometry":{"type":"Point","coordinates":[118.7768426,32.042779]}},{"type":"Feature","properties":{"node_id":"13891562202","node_origin":"osm_node","degree":2,"is_intersection":false,"source":"OpenStreetMap"},"geometry":{"type":"Point","coordinates":[118.7769248,32.0428332]}},{"type":"Feature","properties":{"node_id":"13891562205","node_origin":"osm_node","degree":2,"is_intersection":false,"source":"OpenStreetMap"},"geometry":{"type":"Point","coordinates":[118.7769657,32.0428602]}},{"type":"Feature","properties":{"node_id":"13891562273","node_origin":"osm_node","degree":2,"is_intersection":false,"source":"OpenStreetMap"},"geometry":{"type":"Point","coordinates":[118.7766294,32.0430489]}},{"type":"Feature","properties":{"node_id":"13893193793","node_origin":"osm_node","degree":2,"is_intersection":false,"source":"OpenStreetMap"},"geometry":{"type":"Point","coordinates":[118.7794818,32.0436343]}},{"type":"Feature","properties":{"node_id":"13893217202","node_origin":"osm_node","degree":2,"is_intersection":false,"source":"OpenStreetMap"},"geometry":{"type":"Point","coordinates":[118.7790439,32.042428]}},{"type":"Feature","properties":{"node_id":"13893217255","node_origin":"osm_node","degree":2,"is_intersection":false,"source":"OpenStreetMap"},"geometry":{"type":"Point","coordinates":[118.7810044,32.0436118]}},{"type":"Feature","properties":{"node_id":"13893217273","node_origin":"osm_node","degree":2,"is_intersection":false,"source":"OpenStreetMap"},"geometry":{"type":"Point","coordinates":[118.7799301,32.0419021]}},{"type":"Feature","properties":{"node_id":"13893217278","node_origin":"osm_node","degree":2,"is_intersection":false,"source":"OpenStreetMap"},"geometry":{"type":"Point","coordinates":[118.7807164,32.0436316]}},{"type":"Feature","properties":{"node_id":"13894999751","node_origin":"osm_node","degree":2,"is_intersection":false,"source":"OpenStreetMap"},"geometry":{"type":"Point","coordinates":[118.7789389,32.045487]}},{"type":"Feature","properties":{"node_id":"13895370575","node_origin":"osm_node","degree":2,"is_intersection":false,"source":"OpenStreetMap"},"geometry":{"type":"Point","coordinates":[118.7813955,32.0435856]}},{"type":"Feature","properties":{"node_id":"13895949738","node_origin":"osm_node","degree":2,"is_intersection":false,"source":"OpenStreetMap"},"geometry":{"type":"Point","coordinates":[118.782119,32.0405728]}},{"type":"Feature","properties":{"node_id":"13895949739","node_origin":"osm_node","degree":2,"is_intersection":false,"source":"OpenStreetMap"},"geometry":{"type":"Point","coordinates":[118.7781539,32.0438919]}},{"type":"Feature","properties":{"node_id":"13895949773","node_origin":"osm_node","degree":2,"is_intersection":false,"source":"OpenStreetMap"},"geometry":{"type":"Point","coordinates":[118.7825684,32.0420165]}},{"type":"Feature","properties":{"node_id":"13895949775","node_origin":"osm_node","degree":1,"is_intersection":false,"source":"OpenStreetMap"},"geometry":{"type":"Point","coordinates":[118.7816826,32.042523]}},{"type":"Feature","properties":{"node_id":"13895949776","node_origin":"osm_node","degree":2,"is_intersection":false,"source":"OpenStreetMap"},"geometry":{"type":"Point","coordinates":[118.7817151,32.0426167]}},{"type":"Feature","properties":{"node_id":"13895949777","node_origin":"osm_node","degree":2,"is_intersection":false,"source":"OpenStreetMap"},"geometry":{"type":"Point","coordinates":[118.7817834,32.0427904]}},{"type":"Feature","properties":{"node_id":"13895949778","node_origin":"osm_node","degree":2,"is_intersection":false,"source":"OpenStreetMap"},"geometry":{"type":"Point","coordinates":[118.7818224,32.042891]}},{"type":"Feature","properties":{"node_id":"13895949779","node_origin":"osm_node","degree":2,"is_intersection":false,"source":"OpenStreetMap"},"geometry":{"type":"Point","coordinates":[118.7818501,32.0429958]}},{"type":"Feature","properties":{"node_id":"13895949780","node_origin":"osm_node","degree":2,"is_intersection":false,"source":"OpenStreetMap"},"geometry":{"type":"Point","coordinates":[118.7818566,32.0430385]}},{"type":"Feature","properties":{"node_id":"13895949781","node_origin":"osm_node","degree":3,"is_intersection":true,"source":"OpenStreetMap"},"geometry":{"type":"Point","coordinates":[118.7818777,32.043288]}},{"type":"Feature","properties":{"node_id":"13895949782","node_origin":"osm_node","degree":3,"is_intersection":true,"source":"OpenStreetMap"},"geometry":{"type":"Point","coordinates":[118.7818633,32.0435565]}},{"type":"Feature","properties":{"node_id":"13895949783","node_origin":"osm_node","degree":2,"is_intersection":false,"source":"OpenStreetMap"},"geometry":{"type":"Point","coordinates":[118.7818435,32.0433376]}},{"type":"Feature","properties":{"node_id":"13895949785","node_origin":"osm_node","degree":2,"is_intersection":false,"source":"OpenStreetMap"},"geometry":{"type":"Point","coordinates":[118.7819167,32.0433321]}},{"type":"Feature","properties":{"node_id":"13895949786","node_origin":"osm_node","degree":3,"is_intersection":true,"source":"OpenStreetMap"},"geometry":{"type":"Point","coordinates":[118.7819377,32.0435518]}},{"type":"Feature","properties":{"node_id":"13898931169","node_origin":"osm_node","degree":2,"is_intersection":false,"source":"OpenStreetMap"},"geometry":{"type":"Point","coordinates":[118.7769124,32.0427945]}},{"type":"Feature","properties":{"node_id":"13898931194","node_origin":"osm_node","degree":2,"is_intersection":false,"source":"OpenStreetMap"},"geometry":{"type":"Point","coordinates":[118.7792361,32.043552]}},{"type":"Feature","properties":{"node_id":"13898931195","node_origin":"osm_node","degree":2,"is_intersection":false,"source":"OpenStreetMap"},"geometry":{"type":"Point","coordinates":[118.7790009,32.0425681]}},{"type":"Feature","properties":{"node_id":"13898931198","node_origin":"osm_node","degree":2,"is_intersection":false,"source":"OpenStreetMap"},"geometry":{"type":"Point","coordinates":[118.7759177,32.04315]}},{"type":"Feature","properties":{"node_id":"13898931199","node_origin":"osm_node","degree":2,"is_intersection":false,"source":"OpenStreetMap"},"geometry":{"type":"Point","coordinates":[118.777446,32.0423671]}},{"type":"Feature","properties":{"node_id":"13907165020","node_origin":"osm_node","degree":2,"is_intersection":false,"source":"OpenStreetMap"},"geometry":{"type":"Point","coordinates":[118.8168167,32.0728266]}},{"type":"Feature","properties":{"node_id":"13908962051","node_origin":"osm_node","degree":2,"is_intersection":false,"source":"OpenStreetMap"},"geometry":{"type":"Point","coordinates":[118.781857,32.0434868]}},{"type":"Feature","properties":{"node_id":"13908962052","node_origin":"osm_node","degree":2,"is_intersection":false,"source":"OpenStreetMap"},"geometry":{"type":"Point","coordinates":[118.7819311,32.0434823]}},{"type":"Feature","properties":{"node_id":"13912617150","node_origin":"osm_node","degree":2,"is_intersection":false,"source":"OpenStreetMap"},"geometry":{"type":"Point","coordinates":[118.7763895,32.0429822]}},{"type":"Feature","properties":{"node_id":"13943155093","node_origin":"osm_node","degree":2,"is_intersection":false,"source":"OpenStreetMap"},"geometry":{"type":"Point","coordinates":[118.7788081,32.0423239]}},{"type":"Feature","properties":{"node_id":"13962252778","node_origin":"osm_node","degree":2,"is_intersection":false,"source":"OpenStreetMap"},"geometry":{"type":"Point","coordinates":[118.7810823,32.0604263]}},{"type":"Feature","properties":{"node_id":"13962252780","node_origin":"osm_node","degree":2,"is_intersection":false,"source":"OpenStreetMap"},"geometry":{"type":"Point","coordinates":[118.7819271,32.0596542]}},{"type":"Feature","properties":{"node_id":"13962252781","node_origin":"osm_node","degree":2,"is_intersection":false,"source":"OpenStreetMap"},"geometry":{"type":"Point","coordinates":[118.7817176,32.0471811]}},{"type":"Feature","properties":{"node_id":"14028540327","node_origin":"osm_node","degree":2,"is_intersection":false,"source":"OpenStreetMap"},"geometry":{"type":"Point","coordinates":[118.8052592,32.082789]}},{"type":"Feature","properties":{"node_id":"14028540328","node_origin":"osm_node","degree":2,"is_intersection":false,"source":"OpenStreetMap"},"geometry":{"type":"Point","coordinates":[118.8059958,32.0828991]}},{"type":"Feature","properties":{"node_id":"14028540329","node_origin":"osm_node","degree":2,"is_intersection":false,"source":"OpenStreetMap"},"geometry":{"type":"Point","coordinates":[118.8060571,32.0828155]}},{"type":"Feature","properties":{"node_id":"14028540330","node_origin":"osm_node","degree":2,"is_intersection":false,"source":"OpenStreetMap"},"geometry":{"type":"Point","coordinates":[118.8059109,32.0827723]}},{"type":"Feature","properties":{"node_id":"14028540331","node_origin":"osm_node","degree":2,"is_intersection":false,"source":"OpenStreetMap"},"geometry":{"type":"Point","coordinates":[118.8058828,32.0827745]}},{"type":"Feature","properties":{"node_id":"14028540332","node_origin":"osm_node","degree":2,"is_intersection":false,"source":"OpenStreetMap"},"geometry":{"type":"Point","coordinates":[118.8057581,32.0828495]}},{"type":"Feature","properties":{"node_id":"14028540333","node_origin":"osm_node","degree":2,"is_intersection":false,"source":"OpenStreetMap"},"geometry":{"type":"Point","coordinates":[118.8054965,32.0828393]}},{"type":"Feature","properties":{"node_id":"14028540334","node_origin":"osm_node","degree":2,"is_intersection":false,"source":"OpenStreetMap"},"geometry":{"type":"Point","coordinates":[118.8054483,32.082812]}},{"type":"Feature","properties":{"node_id":"14028540335","node_origin":"osm_node","degree":2,"is_intersection":false,"source":"OpenStreetMap"},"geometry":{"type":"Point","coordinates":[118.8053235,32.0828109]}},{"type":"Feature","properties":{"node_id":"14028540336","node_origin":"osm_node","degree":2,"is_intersection":false,"source":"OpenStreetMap"},"geometry":{"type":"Point","coordinates":[118.8052592,32.0828393]}},{"type":"Feature","properties":{"node_id":"14028540337","node_origin":"osm_node","degree":2,"is_intersection":false,"source":"OpenStreetMap"},"geometry":{"type":"Point","coordinates":[118.8052592,32.0827484]}},{"type":"Feature","properties":{"node_id":"14028540338","node_origin":"osm_node","degree":2,"is_intersection":false,"source":"OpenStreetMap"},"geometry":{"type":"Point","coordinates":[118.8057487,32.0827723]}},{"type":"Feature","properties":{"node_id":"14028540339","node_origin":"osm_node","degree":2,"is_intersection":false,"source":"OpenStreetMap"},"geometry":{"type":"Point","coordinates":[118.8059042,32.0826643]}},{"type":"Feature","properties":{"node_id":"14028540340","node_origin":"osm_node","degree":2,"is_intersection":false,"source":"OpenStreetMap"},"geometry":{"type":"Point","coordinates":[118.8056266,32.0826291]}},{"type":"Feature","properties":{"node_id":"14028540341","node_origin":"osm_node","degree":2,"is_intersection":false,"source":"OpenStreetMap"},"geometry":{"type":"Point","coordinates":[118.8056146,32.0827223]}},{"type":"Feature","properties":{"node_id":"14028540342","node_origin":"osm_node","degree":2,"is_intersection":false,"source":"OpenStreetMap"},"geometry":{"type":"Point","coordinates":[118.8052082,32.082695]}},{"type":"Feature","properties":{"node_id":"14028540343","node_origin":"osm_node","degree":2,"is_intersection":false,"source":"OpenStreetMap"},"geometry":{"type":"Point","coordinates":[118.8052444,32.0822348]}},{"type":"Feature","properties":{"node_id":"14028540344","node_origin":"osm_node","degree":2,"is_intersection":false,"source":"OpenStreetMap"},"geometry":{"type":"Point","coordinates":[118.8055368,32.0821314]}},{"type":"Feature","properties":{"node_id":"14028540345","node_origin":"osm_node","degree":2,"is_intersection":false,"source":"OpenStreetMap"},"geometry":{"type":"Point","coordinates":[118.8056923,32.0820473]}},{"type":"Feature","properties":{"node_id":"14028540346","node_origin":"osm_node","degree":2,"is_intersection":false,"source":"OpenStreetMap"},"geometry":{"type":"Point","coordinates":[118.8057017,32.0818985]}},{"type":"Feature","properties":{"node_id":"14028540347","node_origin":"osm_node","degree":2,"is_intersection":false,"source":"OpenStreetMap"},"geometry":{"type":"Point","coordinates":[118.8056079,32.081761]}},{"type":"Feature","properties":{"node_id":"14028540348","node_origin":"osm_node","degree":2,"is_intersection":false,"source":"OpenStreetMap"},"geometry":{"type":"Point","coordinates":[118.8053691,32.0815758]}},{"type":"Feature","properties":{"node_id":"14028540349","node_origin":"osm_node","degree":2,"is_intersection":false,"source":"OpenStreetMap"},"geometry":{"type":"Point","coordinates":[118.8050714,32.0814348]}},{"type":"Feature","properties":{"node_id":"14028540350","node_origin":"osm_node","degree":2,"is_intersection":false,"source":"OpenStreetMap"},"geometry":{"type":"Point","coordinates":[118.804488,32.0812735]}},{"type":"Feature","properties":{"node_id":"14028540351","node_origin":"osm_node","degree":2,"is_intersection":false,"source":"OpenStreetMap"},"geometry":{"type":"Point","coordinates":[118.8044558,32.0817371]}},{"type":"Feature","properties":{"node_id":"14028540352","node_origin":"osm_node","degree":2,"is_intersection":false,"source":"OpenStreetMap"},"geometry":{"type":"Point","coordinates":[118.804553,32.0817452]}},{"type":"Feature","properties":{"node_id":"14028540353","node_origin":"osm_node","degree":2,"is_intersection":false,"source":"OpenStreetMap"},"geometry":{"type":"Point","coordinates":[118.8046195,32.0816667]}},{"type":"Feature","properties":{"node_id":"14028540354","node_origin":"osm_node","degree":2,"is_intersection":false,"source":"OpenStreetMap"},"geometry":{"type":"Point","coordinates":[118.8048327,32.0818144]}},{"type":"Feature","properties":{"node_id":"14028540355","node_origin":"osm_node","degree":2,"is_intersection":false,"source":"OpenStreetMap"},"geometry":{"type":"Point","coordinates":[118.8047831,32.0818644]}},{"type":"Feature","properties":{"node_id":"14028540356","node_origin":"osm_node","degree":2,"is_intersection":false,"source":"OpenStreetMap"},"geometry":{"type":"Point","coordinates":[118.8048796,32.0819314]}},{"type":"Feature","properties":{"node_id":"14028540357","node_origin":"osm_node","degree":2,"is_intersection":false,"source":"OpenStreetMap"},"geometry":{"type":"Point","coordinates":[118.8048032,32.0820041]}},{"type":"Feature","properties":{"node_id":"14028540358","node_origin":"osm_node","degree":2,"is_intersection":false,"source":"OpenStreetMap"},"geometry":{"type":"Point","coordinates":[118.8047965,32.0821439]}},{"type":"Feature","properties":{"node_id":"14028540359","node_origin":"osm_node","degree":2,"is_intersection":false,"source":"OpenStreetMap"},"geometry":{"type":"Point","coordinates":[118.8047576,32.08257]}},{"type":"Feature","properties":{"node_id":"14028540360","node_origin":"osm_node","degree":2,"is_intersection":false,"source":"OpenStreetMap"},"geometry":{"type":"Point","coordinates":[118.8050017,32.0825814]}},{"type":"Feature","properties":{"node_id":"14028540361","node_origin":"osm_node","degree":2,"is_intersection":false,"source":"OpenStreetMap"},"geometry":{"type":"Point","coordinates":[118.8050392,32.0827382]}},{"type":"Feature","properties":{"node_id":"14028540362","node_origin":"osm_node","degree":2,"is_intersection":false,"source":"OpenStreetMap"},"geometry":{"type":"Point","coordinates":[118.8048917,32.0827348]}},{"type":"Feature","properties":{"node_id":"14028540363","node_origin":"osm_node","degree":2,"is_intersection":false,"source":"OpenStreetMap"},"geometry":{"type":"Point","coordinates":[118.8048407,32.0828064]}},{"type":"Feature","properties":{"node_id":"14028540364","node_origin":"osm_node","degree":2,"is_intersection":false,"source":"OpenStreetMap"},"geometry":{"type":"Point","coordinates":[118.8046798,32.0828086]}},{"type":"Feature","properties":{"node_id":"14028540365","node_origin":"osm_node","degree":2,"is_intersection":false,"source":"OpenStreetMap"},"geometry":{"type":"Point","coordinates":[118.8046879,32.0831041]}},{"type":"Feature","properties":{"node_id":"14028540366","node_origin":"osm_node","degree":2,"is_intersection":false,"source":"OpenStreetMap"},"geometry":{"type":"Point","coordinates":[118.8047804,32.0831893]}},{"type":"Feature","properties":{"node_id":"14028547705","node_origin":"osm_node","degree":2,"is_intersection":false,"source":"OpenStreetMap"},"geometry":{"type":"Point","coordinates":[118.804415,32.0827917]}},{"type":"Feature","properties":{"node_id":"14028547707","node_origin":"osm_node","degree":2,"is_intersection":false,"source":"OpenStreetMap"},"geometry":{"type":"Point","coordinates":[118.8050204,32.0828382]}},{"type":"Feature","properties":{"node_id":"14028547708","node_origin":"osm_node","degree":2,"is_intersection":false,"source":"OpenStreetMap"},"geometry":{"type":"Point","coordinates":[118.8058734,32.0829245]}},{"type":"Feature","properties":{"node_id":"14028547709","node_origin":"osm_node","degree":2,"is_intersection":false,"source":"OpenStreetMap"},"geometry":{"type":"Point","coordinates":[118.805919,32.0828405]}},{"type":"Feature","properties":{"node_id":"14028547714","node_origin":"osm_node","degree":2,"is_intersection":false,"source":"OpenStreetMap"},"geometry":{"type":"Point","coordinates":[118.8048246,32.0832018]}},{"type":"Feature","properties":{"node_id":"14073274217","node_origin":"osm_node","degree":2,"is_intersection":false,"source":"OpenStreetMap"},"geometry":{"type":"Point","coordinates":[118.7901802,32.0427763]}},{"type":"Feature","properties":{"node_id":"14073274219","node_origin":"osm_node","degree":2,"is_intersection":false,"source":"OpenStreetMap"},"geometry":{"type":"Point","coordinates":[118.7904437,32.042491]}},{"type":"Feature","properties":{"node_id":"14078998843","node_origin":"osm_node","degree":2,"is_intersection":false,"source":"OpenStreetMap"},"geometry":{"type":"Point","coordinates":[118.7897878,32.0425116]}},{"type":"Feature","properties":{"node_id":"14078998844","node_origin":"osm_node","degree":2,"is_intersection":false,"source":"OpenStreetMap"},"geometry":{"type":"Point","coordinates":[118.7896649,32.0419444]}},{"type":"Feature","properties":{"node_id":"14078998845","node_origin":"osm_node","degree":2,"is_intersection":false,"source":"OpenStreetMap"},"geometry":{"type":"Point","coordinates":[118.7896191,32.0417956]}},{"type":"Feature","properties":{"node_id":"14078998847","node_origin":"osm_node","degree":2,"is_intersection":false,"source":"OpenStreetMap"},"geometry":{"type":"Point","coordinates":[118.7896161,32.0419552]}},{"type":"Feature","properties":{"node_id":"14079047760","node_origin":"osm_node","degree":2,"is_intersection":false,"source":"OpenStreetMap"},"geometry":{"type":"Point","coordinates":[118.789662,32.0424935]}},{"type":"Feature","properties":{"node_id":"14079047761","node_origin":"osm_node","degree":2,"is_intersection":false,"source":"OpenStreetMap"},"geometry":{"type":"Point","coordinates":[118.7894419,32.0417957]}},{"type":"Feature","properties":{"node_id":"14079047762","node_origin":"osm_node","degree":2,"is_intersection":false,"source":"OpenStreetMap"},"geometry":{"type":"Point","coordinates":[118.7896254,32.041753]}},{"type":"Feature","properties":{"node_id":"14079047763","node_origin":"osm_node","degree":2,"is_intersection":false,"source":"OpenStreetMap"},"geometry":{"type":"Point","coordinates":[118.7896378,32.0417915]}},{"type":"Feature","properties":{"node_id":"14079047764","node_origin":"osm_node","degree":2,"is_intersection":false,"source":"OpenStreetMap"},"geometry":{"type":"Point","coordinates":[118.7905477,32.0424669]}},{"type":"Feature","properties":{"node_id":"14079047765","node_origin":"osm_node","degree":2,"is_intersection":false,"source":"OpenStreetMap"},"geometry":{"type":"Point","coordinates":[118.7906094,32.0427155]}},{"type":"Feature","properties":{"node_id":"14079047766","node_origin":"osm_node","degree":2,"is_intersection":false,"source":"OpenStreetMap"},"geometry":{"type":"Point","coordinates":[118.7905869,32.042763]}},{"type":"Feature","properties":{"node_id":"14079047767","node_origin":"osm_node","degree":2,"is_intersection":false,"source":"OpenStreetMap"},"geometry":{"type":"Point","coordinates":[118.7905365,32.0427947]}},{"type":"Feature","properties":{"node_id":"14079047768","node_origin":"osm_node","degree":2,"is_intersection":false,"source":"OpenStreetMap"},"geometry":{"type":"Point","coordinates":[118.7904319,32.0428327]}},{"type":"Feature","properties":{"node_id":"14079047769","node_origin":"osm_node","degree":2,"is_intersection":false,"source":"OpenStreetMap"},"geometry":{"type":"Point","coordinates":[118.7900696,32.0428677]}},{"type":"Feature","properties":{"node_id":"14079047770","node_origin":"osm_node","degree":2,"is_intersection":false,"source":"OpenStreetMap"},"geometry":{"type":"Point","coordinates":[118.7899465,32.0428761]}},{"type":"Feature","properties":{"node_id":"14079047771","node_origin":"osm_node","degree":2,"is_intersection":false,"source":"OpenStreetMap"},"geometry":{"type":"Point","coordinates":[118.7898502,32.0428749]}},{"type":"Feature","properties":{"node_id":"14079047772","node_origin":"osm_node","degree":2,"is_intersection":false,"source":"OpenStreetMap"},"geometry":{"type":"Point","coordinates":[118.7897786,32.0428491]}},{"type":"Feature","properties":{"node_id":"14079047773","node_origin":"osm_node","degree":2,"is_intersection":false,"source":"OpenStreetMap"},"geometry":{"type":"Point","coordinates":[118.7897355,32.0427897]}},{"type":"Feature","properties":{"node_id":"14079047774","node_origin":"osm_node","degree":2,"is_intersection":false,"source":"OpenStreetMap"},"geometry":{"type":"Point","coordinates":[118.7896888,32.0426205]}},{"type":"Feature","properties":{"node_id":"14079047776","node_origin":"osm_node","degree":2,"is_intersection":false,"source":"OpenStreetMap"},"geometry":{"type":"Point","coordinates":[118.7897492,32.0428169]}},{"type":"Feature","properties":{"node_id":"14079047777","node_origin":"osm_node","degree":2,"is_intersection":false,"source":"OpenStreetMap"},"geometry":{"type":"Point","coordinates":[118.7898073,32.0428667]}},{"type":"Feature","properties":{"node_id":"14079047778","node_origin":"osm_node","degree":2,"is_intersection":false,"source":"OpenStreetMap"},"geometry":{"type":"Point","coordinates":[118.7892382,32.0432844]}},{"type":"Feature","properties":{"node_id":"14079047782","node_origin":"osm_node","degree":2,"is_intersection":false,"source":"OpenStreetMap"},"geometry":{"type":"Point","coordinates":[118.7892214,32.043279]}},{"type":"Feature","properties":{"node_id":"14079047784","node_origin":"osm_node","degree":2,"is_intersection":false,"source":"OpenStreetMap"},"geometry":{"type":"Point","coordinates":[118.7892797,32.0433376]}},{"type":"Feature","properties":{"node_id":"14079047785","node_origin":"osm_node","degree":2,"is_intersection":false,"source":"OpenStreetMap"},"geometry":{"type":"Point","coordinates":[118.7892662,32.0433121]}},{"type":"Feature","properties":{"node_id":"14079047786","node_origin":"osm_node","degree":2,"is_intersection":false,"source":"OpenStreetMap"},"geometry":{"type":"Point","coordinates":[118.7892037,32.0432733]}},{"type":"Feature","properties":{"node_id":"14079047787","node_origin":"osm_node","degree":2,"is_intersection":false,"source":"OpenStreetMap"},"geometry":{"type":"Point","coordinates":[118.789142,32.0432765]}},{"type":"Feature","properties":{"node_id":"14079047788","node_origin":"osm_node","degree":2,"is_intersection":false,"source":"OpenStreetMap"},"geometry":{"type":"Point","coordinates":[118.7881689,32.0433404]}},{"type":"Feature","properties":{"node_id":"14079047789","node_origin":"osm_node","degree":2,"is_intersection":false,"source":"OpenStreetMap"},"geometry":{"type":"Point","coordinates":[118.7883076,32.0436642]}},{"type":"Feature","properties":{"node_id":"14079047790","node_origin":"osm_node","degree":2,"is_intersection":false,"source":"OpenStreetMap"},"geometry":{"type":"Point","coordinates":[118.7892843,32.0433737]}},{"type":"Feature","properties":{"node_id":"14079047791","node_origin":"osm_node","degree":2,"is_intersection":false,"source":"OpenStreetMap"},"geometry":{"type":"Point","coordinates":[118.7891838,32.0433807]}},{"type":"Feature","properties":{"node_id":"14079047792","node_origin":"osm_node","degree":2,"is_intersection":false,"source":"OpenStreetMap"},"geometry":{"type":"Point","coordinates":[118.7885326,32.0434749]}},{"type":"Feature","properties":{"node_id":"14079047793","node_origin":"osm_node","degree":2,"is_intersection":false,"source":"OpenStreetMap"},"geometry":{"type":"Point","coordinates":[118.788529,32.0435877]}},{"type":"Feature","properties":{"node_id":"14079047794","node_origin":"osm_node","degree":2,"is_intersection":false,"source":"OpenStreetMap"},"geometry":{"type":"Point","coordinates":[118.7883755,32.0436267]}},{"type":"Feature","properties":{"node_id":"14079047795","node_origin":"osm_node","degree":2,"is_intersection":false,"source":"OpenStreetMap"},"geometry":{"type":"Point","coordinates":[118.7883755,32.0436501]}},{"type":"Feature","properties":{"node_id":"14079047798","node_origin":"osm_node","degree":2,"is_intersection":false,"source":"OpenStreetMap"},"geometry":{"type":"Point","coordinates":[118.789132,32.0432772]}},{"type":"Feature","properties":{"node_id":"14079056701","node_origin":"osm_node","degree":2,"is_intersection":false,"source":"OpenStreetMap"},"geometry":{"type":"Point","coordinates":[118.7891587,32.0435481]}},{"type":"Feature","properties":{"node_id":"14099815984","node_origin":"osm_node","degree":1,"is_intersection":false,"source":"OpenStreetMap"},"geometry":{"type":"Point","coordinates":[118.8075929,32.0754611]}},{"type":"Feature","properties":{"node_id":"14099815985","node_origin":"osm_node","degree":2,"is_intersection":false,"source":"OpenStreetMap"},"geometry":{"type":"Point","coordinates":[118.8082126,32.0761383]}},{"type":"Feature","properties":{"node_id":"14099815986","node_origin":"osm_node","degree":2,"is_intersection":false,"source":"OpenStreetMap"},"geometry":{"type":"Point","coordinates":[118.8079225,32.0774499]}},{"type":"Feature","properties":{"node_id":"14099815987","node_origin":"osm_node","degree":1,"is_intersection":false,"source":"OpenStreetMap"},"geometry":{"type":"Point","coordinates":[118.8085411,32.0775731]}},{"type":"Feature","properties":{"node_id":"14099815989","node_origin":"osm_node","degree":1,"is_intersection":false,"source":"OpenStreetMap"},"geometry":{"type":"Point","coordinates":[118.8075604,32.0774181]}},{"type":"Feature","properties":{"node_id":"14099815990","node_origin":"osm_node","degree":2,"is_intersection":false,"source":"OpenStreetMap"},"geometry":{"type":"Point","coordinates":[118.8075215,32.0776454]}},{"type":"Feature","properties":{"node_id":"14099815991","node_origin":"osm_node","degree":2,"is_intersection":false,"source":"OpenStreetMap"},"geometry":{"type":"Point","coordinates":[118.807602,32.0777829]}},{"type":"Feature","properties":{"node_id":"14099815992","node_origin":"osm_node","degree":4,"is_intersection":true,"source":"OpenStreetMap"},"geometry":{"type":"Point","coordinates":[118.8074907,32.0781681]}},{"type":"Feature","properties":{"node_id":"14099815993","node_origin":"osm_node","degree":1,"is_intersection":false,"source":"OpenStreetMap"},"geometry":{"type":"Point","coordinates":[118.808312,32.0783097]}},{"type":"Feature","properties":{"node_id":"14099815994","node_origin":"osm_node","degree":2,"is_intersection":false,"source":"OpenStreetMap"},"geometry":{"type":"Point","coordinates":[118.8076488,32.0760066]}},{"type":"Feature","properties":{"node_id":"14099909940","node_origin":"osm_node","degree":2,"is_intersection":false,"source":"OpenStreetMap"},"geometry":{"type":"Point","coordinates":[118.820188,32.0805325]}},{"type":"Feature","properties":{"node_id":"14099909947","node_origin":"osm_node","degree":2,"is_intersection":false,"source":"OpenStreetMap"},"geometry":{"type":"Point","coordinates":[118.8188211,32.0809781]}},{"type":"Feature","properties":{"node_id":"14099909954","node_origin":"osm_node","degree":2,"is_intersection":false,"source":"OpenStreetMap"},"geometry":{"type":"Point","coordinates":[118.8181612,32.0808999]}},{"type":"Feature","properties":{"node_id":"14099909955","node_origin":"osm_node","degree":1,"is_intersection":false,"source":"OpenStreetMap"},"geometry":{"type":"Point","coordinates":[118.8070584,32.0780635]}},{"type":"Feature","properties":{"node_id":"14099909956","node_origin":"osm_node","degree":2,"is_intersection":false,"source":"OpenStreetMap"},"geometry":{"type":"Point","coordinates":[118.8075479,32.0783033]}},{"type":"Feature","properties":{"node_id":"14099909957","node_origin":"osm_node","degree":1,"is_intersection":false,"source":"OpenStreetMap"},"geometry":{"type":"Point","coordinates":[118.8075131,32.0784396]}},{"type":"Feature","properties":{"node_id":"1475719198","node_origin":"osm_node","degree":2,"is_intersection":false,"source":"OpenStreetMap"},"geometry":{"type":"Point","coordinates":[118.7853412,32.0673948]}},{"type":"Feature","properties":{"node_id":"1475719199","node_origin":"osm_node","degree":2,"is_intersection":false,"source":"OpenStreetMap"},"geometry":{"type":"Point","coordinates":[118.7858588,32.0673607]}},{"type":"Feature","properties":{"node_id":"1475719200","node_origin":"osm_node","degree":2,"is_intersection":false,"source":"OpenStreetMap"},"geometry":{"type":"Point","coordinates":[118.7886007,32.0662988]}},{"type":"Feature","properties":{"node_id":"1475719201","node_origin":"osm_node","degree":3,"is_intersection":true,"source":"OpenStreetMap"},"geometry":{"type":"Point","coordinates":[118.7894058,32.0662181]}},{"type":"Feature","properties":{"node_id":"1475719203","node_origin":"osm_node","degree":2,"is_intersection":false,"source":"OpenStreetMap"},"geometry":{"type":"Point","coordinates":[118.7913952,32.0643345]}},{"type":"Feature","properties":{"node_id":"1475719206","node_origin":"osm_node","degree":2,"is_intersection":false,"source":"OpenStreetMap"},"geometry":{"type":"Point","coordinates":[118.7873663,32.0672198]}},{"type":"Feature","properties":{"node_id":"1475719207","node_origin":"osm_node","degree":2,"is_intersection":false,"source":"OpenStreetMap"},"geometry":{"type":"Point","coordinates":[118.7844802,32.0675559]}},{"type":"Feature","properties":{"node_id":"1475719208","node_origin":"osm_node","degree":2,"is_intersection":false,"source":"OpenStreetMap"},"geometry":{"type":"Point","coordinates":[118.7912269,32.0645097]}},{"type":"Feature","properties":{"node_id":"1475719210","node_origin":"osm_node","degree":2,"is_intersection":false,"source":"OpenStreetMap"},"geometry":{"type":"Point","coordinates":[118.7877793,32.0669448]}},{"type":"Feature","properties":{"node_id":"1485907715","node_origin":"osm_node","degree":2,"is_intersection":false,"source":"OpenStreetMap"},"geometry":{"type":"Point","coordinates":[118.7769016,32.060104]}},{"type":"Feature","properties":{"node_id":"1485907721","node_origin":"osm_node","degree":2,"is_intersection":false,"source":"OpenStreetMap"},"geometry":{"type":"Point","coordinates":[118.7766262,32.0601519]}},{"type":"Feature","properties":{"node_id":"1485907723","node_origin":"osm_node","degree":2,"is_intersection":false,"source":"OpenStreetMap"},"geometry":{"type":"Point","coordinates":[118.7772037,32.0601727]}},{"type":"Feature","properties":{"node_id":"1485907726","node_origin":"osm_node","degree":2,"is_intersection":false,"source":"OpenStreetMap"},"geometry":{"type":"Point","coordinates":[118.7772987,32.0602238]}},{"type":"Feature","properties":{"node_id":"1485907743","node_origin":"osm_node","degree":3,"is_intersection":true,"source":"OpenStreetMap"},"geometry":{"type":"Point","coordinates":[118.7764911,32.0602262]}},{"type":"Feature","properties":{"node_id":"1485907747","node_origin":"osm_node","degree":2,"is_intersection":false,"source":"OpenStreetMap"},"geometry":{"type":"Point","coordinates":[118.7763645,32.0603043]}},{"type":"Feature","properties":{"node_id":"1485907753","node_origin":"osm_node","degree":2,"is_intersection":false,"source":"OpenStreetMap"},"geometry":{"type":"Point","coordinates":[118.7774693,32.0604058]}},{"type":"Feature","properties":{"node_id":"1485907755","node_origin":"osm_node","degree":2,"is_intersection":false,"source":"OpenStreetMap"},"geometry":{"type":"Point","coordinates":[118.7775118,32.0604771]}},{"type":"Feature","properties":{"node_id":"1485907782","node_origin":"osm_node","degree":3,"is_intersection":true,"source":"OpenStreetMap"},"geometry":{"type":"Point","coordinates":[118.7775449,32.0605953]}},{"type":"Feature","properties":{"node_id":"1485907783","node_origin":"osm_node","degree":2,"is_intersection":false,"source":"OpenStreetMap"},"geometry":{"type":"Point","coordinates":[118.7761489,32.0606092]}},{"type":"Feature","properties":{"node_id":"1485907789","node_origin":"osm_node","degree":2,"is_intersection":false,"source":"OpenStreetMap"},"geometry":{"type":"Point","coordinates":[118.776113,32.0607495]}},{"type":"Feature","properties":{"node_id":"1485907794","node_origin":"osm_node","degree":2,"is_intersection":false,"source":"OpenStreetMap"},"geometry":{"type":"Point","coordinates":[118.7774695,32.0608325]}},{"type":"Feature","properties":{"node_id":"1485907816","node_origin":"osm_node","degree":2,"is_intersection":false,"source":"OpenStreetMap"},"geometry":{"type":"Point","coordinates":[118.776089,32.0609274]}},{"type":"Feature","properties":{"node_id":"1485907822","node_origin":"osm_node","degree":2,"is_intersection":false,"source":"OpenStreetMap"},"geometry":{"type":"Point","coordinates":[118.777378,32.0609974]}},{"type":"Feature","properties":{"node_id":"1485907824","node_origin":"osm_node","degree":2,"is_intersection":false,"source":"OpenStreetMap"},"geometry":{"type":"Point","coordinates":[118.7772519,32.0611537]}},{"type":"Feature","properties":{"node_id":"1485907832","node_origin":"osm_node","degree":3,"is_intersection":true,"source":"OpenStreetMap"},"geometry":{"type":"Point","coordinates":[118.7763086,32.0612988]}},{"type":"Feature","properties":{"node_id":"1485907835","node_origin":"osm_node","degree":2,"is_intersection":false,"source":"OpenStreetMap"},"geometry":{"type":"Point","coordinates":[118.7769903,32.0613103]}},{"type":"Feature","properties":{"node_id":"1485907849","node_origin":"osm_node","degree":2,"is_intersection":false,"source":"OpenStreetMap"},"geometry":{"type":"Point","coordinates":[118.7765262,32.0613907]}},{"type":"Feature","properties":{"node_id":"1485907852","node_origin":"osm_node","degree":2,"is_intersection":false,"source":"OpenStreetMap"},"geometry":{"type":"Point","coordinates":[118.7766447,32.0614021]}},{"type":"Feature","properties":{"node_id":"1494244579","node_origin":"osm_node","degree":3,"is_intersection":true,"source":"OpenStreetMap"},"geometry":{"type":"Point","coordinates":[118.7686072,32.0548163]}},{"type":"Feature","properties":{"node_id":"1494244580","node_origin":"osm_node","degree":3,"is_intersection":true,"source":"OpenStreetMap"},"geometry":{"type":"Point","coordinates":[118.7695243,32.0548866]}},{"type":"Feature","properties":{"node_id":"1494244581","node_origin":"osm_node","degree":2,"is_intersection":false,"source":"OpenStreetMap"},"geometry":{"type":"Point","coordinates":[118.7683397,32.054839]}},{"type":"Feature","properties":{"node_id":"1494244582","node_origin":"osm_node","degree":2,"is_intersection":false,"source":"OpenStreetMap"},"geometry":{"type":"Point","coordinates":[118.7675182,32.0549443]}},{"type":"Feature","properties":{"node_id":"1495457997","node_origin":"osm_node","degree":2,"is_intersection":false,"source":"OpenStreetMap"},"geometry":{"type":"Point","coordinates":[118.8264662,32.0400504]}},{"type":"Feature","properties":{"node_id":"1495458031","node_origin":"osm_node","degree":2,"is_intersection":false,"source":"OpenStreetMap"},"geometry":{"type":"Point","coordinates":[118.824431,32.0420802]}},{"type":"Feature","properties":{"node_id":"1509867336","node_origin":"osm_node","degree":3,"is_intersection":true,"source":"OpenStreetMap"},"geometry":{"type":"Point","coordinates":[118.7993426,32.0462638]}},{"type":"Feature","properties":{"node_id":"1509945227","node_origin":"osm_node","degree":1,"is_intersection":false,"source":"OpenStreetMap"},"geometry":{"type":"Point","coordinates":[118.7722649,32.0714631]}},{"type":"Feature","properties":{"node_id":"1509945248","node_origin":"osm_node","degree":1,"is_intersection":false,"source":"OpenStreetMap"},"geometry":{"type":"Point","coordinates":[118.7721866,32.0719438]}},{"type":"Feature","properties":{"node_id":"1514330070","node_origin":"osm_node","degree":2,"is_intersection":false,"source":"OpenStreetMap"},"geometry":{"type":"Point","coordinates":[118.8226453,32.0404933]}},{"type":"Feature","properties":{"node_id":"1514330076","node_origin":"osm_node","degree":2,"is_intersection":false,"source":"OpenStreetMap"},"geometry":{"type":"Point","coordinates":[118.8222223,32.0405418]}},{"type":"Feature","properties":{"node_id":"1514330079","node_origin":"osm_node","degree":2,"is_intersection":false,"source":"OpenStreetMap"},"geometry":{"type":"Point","coordinates":[118.8229416,32.0404891]}},{"type":"Feature","properties":{"node_id":"1514330087","node_origin":"osm_node","degree":2,"is_intersection":false,"source":"OpenStreetMap"},"geometry":{"type":"Point","coordinates":[118.8237921,32.0406509]}},{"type":"Feature","properties":{"node_id":"1514330092","node_origin":"osm_node","degree":2,"is_intersection":false,"source":"OpenStreetMap"},"geometry":{"type":"Point","coordinates":[118.8206542,32.0408423]}},{"type":"Feature","properties":{"node_id":"1514330096","node_origin":"osm_node","degree":2,"is_intersection":false,"source":"OpenStreetMap"},"geometry":{"type":"Point","coordinates":[118.8246046,32.0409804]}},{"type":"Feature","properties":{"node_id":"1514330098","node_origin":"osm_node","degree":2,"is_intersection":false,"source":"OpenStreetMap"},"geometry":{"type":"Point","coordinates":[118.8258798,32.04174]}},{"type":"Feature","properties":{"node_id":"1514330100","node_origin":"osm_node","degree":2,"is_intersection":false,"source":"OpenStreetMap"},"geometry":{"type":"Point","coordinates":[118.8262593,32.041862]}},{"type":"Feature","properties":{"node_id":"1558241804","node_origin":"osm_node","degree":2,"is_intersection":false,"source":"OpenStreetMap"},"geometry":{"type":"Point","coordinates":[118.8262168,32.0356298]}},{"type":"Feature","properties":{"node_id":"1559383741","node_origin":"osm_node","degree":2,"is_intersection":false,"source":"OpenStreetMap"},"geometry":{"type":"Point","coordinates":[118.8101649,32.0662559]}},{"type":"Feature","properties":{"node_id":"1559383761","node_origin":"osm_node","degree":2,"is_intersection":false,"source":"OpenStreetMap"},"geometry":{"type":"Point","coordinates":[118.8104494,32.0679878]}},{"type":"Feature","properties":{"node_id":"1559383762","node_origin":"osm_node","degree":2,"is_intersection":false,"source":"OpenStreetMap"},"geometry":{"type":"Point","coordinates":[118.8087986,32.0705454]}},{"type":"Feature","properties":{"node_id":"1559383763","node_origin":"osm_node","degree":2,"is_intersection":false,"source":"OpenStreetMap"},"geometry":{"type":"Point","coordinates":[118.8089981,32.0706155]}},{"type":"Feature","properties":{"node_id":"1559383764","node_origin":"osm_node","degree":3,"is_intersection":true,"source":"OpenStreetMap"},"geometry":{"type":"Point","coordinates":[118.8074196,32.0731869]}},{"type":"Feature","properties":{"node_id":"1562115825","node_origin":"osm_node","degree":2,"is_intersection":false,"source":"OpenStreetMap"},"geometry":{"type":"Point","coordinates":[118.7783191,32.0403949]}},{"type":"Feature","properties":{"node_id":"1562115826","node_origin":"osm_node","degree":2,"is_intersection":false,"source":"OpenStreetMap"},"geometry":{"type":"Point","coordinates":[118.7785762,32.0406188]}},{"type":"Feature","properties":{"node_id":"1562115841","node_origin":"osm_node","degree":2,"is_intersection":false,"source":"OpenStreetMap"},"geometry":{"type":"Point","coordinates":[118.7811595,32.0420225]}},{"type":"Feature","properties":{"node_id":"1562115842","node_origin":"osm_node","degree":3,"is_intersection":true,"source":"OpenStreetMap"},"geometry":{"type":"Point","coordinates":[118.78032,32.0422249]}},{"type":"Feature","properties":{"node_id":"1562115844","node_origin":"osm_node","degree":2,"is_intersection":false,"source":"OpenStreetMap"},"geometry":{"type":"Point","coordinates":[118.7995334,32.0424101]}},{"type":"Feature","properties":{"node_id":"1583471802","node_origin":"osm_node","degree":2,"is_intersection":false,"source":"OpenStreetMap"},"geometry":{"type":"Point","coordinates":[118.7747061,32.0687133]}},{"type":"Feature","properties":{"node_id":"1583471803","node_origin":"osm_node","degree":2,"is_intersection":false,"source":"OpenStreetMap"},"geometry":{"type":"Point","coordinates":[118.7750811,32.0692336]}},{"type":"Feature","properties":{"node_id":"1599036626","node_origin":"osm_node","degree":2,"is_intersection":false,"source":"OpenStreetMap"},"geometry":{"type":"Point","coordinates":[118.8233544,32.0419144]}},{"type":"Feature","properties":{"node_id":"1599036627","node_origin":"osm_node","degree":2,"is_intersection":false,"source":"OpenStreetMap"},"geometry":{"type":"Point","coordinates":[118.8234752,32.0419212]}},{"type":"Feature","properties":{"node_id":"1599036628","node_origin":"osm_node","degree":3,"is_intersection":true,"source":"OpenStreetMap"},"geometry":{"type":"Point","coordinates":[118.8234237,32.0420887]}},{"type":"Feature","properties":{"node_id":"1599036629","node_origin":"osm_node","degree":2,"is_intersection":false,"source":"OpenStreetMap"},"geometry":{"type":"Point","coordinates":[118.8235741,32.0424682]}},{"type":"Feature","properties":{"node_id":"1599036630","node_origin":"osm_node","degree":2,"is_intersection":false,"source":"OpenStreetMap"},"geometry":{"type":"Point","coordinates":[118.8237077,32.0428644]}},{"type":"Feature","properties":{"node_id":"1599036631","node_origin":"osm_node","degree":2,"is_intersection":false,"source":"OpenStreetMap"},"geometry":{"type":"Point","coordinates":[118.8238175,32.0430922]}},{"type":"Feature","properties":{"node_id":"1599036633","node_origin":"osm_node","degree":2,"is_intersection":false,"source":"OpenStreetMap"},"geometry":{"type":"Point","coordinates":[118.8242938,32.0437699]}},{"type":"Feature","properties":{"node_id":"1599036639","node_origin":"osm_node","degree":2,"is_intersection":false,"source":"OpenStreetMap"},"geometry":{"type":"Point","coordinates":[118.8248401,32.0446197]}},{"type":"Feature","properties":{"node_id":"1599036640","node_origin":"osm_node","degree":2,"is_intersection":false,"source":"OpenStreetMap"},"geometry":{"type":"Point","coordinates":[118.825423,32.0454527]}},{"type":"Feature","properties":{"node_id":"1599036641","node_origin":"osm_node","degree":2,"is_intersection":false,"source":"OpenStreetMap"},"geometry":{"type":"Point","coordinates":[118.8260693,32.0463844]}},{"type":"Feature","properties":{"node_id":"1599036642","node_origin":"osm_node","degree":2,"is_intersection":false,"source":"OpenStreetMap"},"geometry":{"type":"Point","coordinates":[118.8264757,32.0471467]}},{"type":"Feature","properties":{"node_id":"1599045068","node_origin":"osm_node","degree":2,"is_intersection":false,"source":"OpenStreetMap"},"geometry":{"type":"Point","coordinates":[118.8108935,32.0604079]}},{"type":"Feature","properties":{"node_id":"1601338858","node_origin":"osm_node","degree":2,"is_intersection":false,"source":"OpenStreetMap"},"geometry":{"type":"Point","coordinates":[118.7675757,32.0553823]}},{"type":"Feature","properties":{"node_id":"1601338861","node_origin":"osm_node","degree":2,"is_intersection":false,"source":"OpenStreetMap"},"geometry":{"type":"Point","coordinates":[118.7676741,32.0557287]}},{"type":"Feature","properties":{"node_id":"1602282426","node_origin":"osm_node","degree":2,"is_intersection":false,"source":"OpenStreetMap"},"geometry":{"type":"Point","coordinates":[118.7683269,32.0539604]}},{"type":"Feature","properties":{"node_id":"1602282428","node_origin":"osm_node","degree":2,"is_intersection":false,"source":"OpenStreetMap"},"geometry":{"type":"Point","coordinates":[118.7684259,32.054022]}},{"type":"Feature","properties":{"node_id":"1602282430","node_origin":"osm_node","degree":2,"is_intersection":false,"source":"OpenStreetMap"},"geometry":{"type":"Point","coordinates":[118.7671351,32.0540276]}},{"type":"Feature","properties":{"node_id":"1602282433","node_origin":"osm_node","degree":2,"is_intersection":false,"source":"OpenStreetMap"},"geometry":{"type":"Point","coordinates":[118.7684952,32.0541339]}},{"type":"Feature","properties":{"node_id":"1606243152","node_origin":"osm_node","degree":2,"is_intersection":false,"source":"OpenStreetMap"},"geometry":{"type":"Point","coordinates":[118.768633,32.0406301]}},{"type":"Feature","properties":{"node_id":"1606243173","node_origin":"osm_node","degree":2,"is_intersection":false,"source":"OpenStreetMap"},"geometry":{"type":"Point","coordinates":[118.7692652,32.0402633]}},{"type":"Feature","properties":{"node_id":"1606243175","node_origin":"osm_node","degree":2,"is_intersection":false,"source":"OpenStreetMap"},"geometry":{"type":"Point","coordinates":[118.7713633,32.0407984]}},{"type":"Feature","properties":{"node_id":"1606243199","node_origin":"osm_node","degree":3,"is_intersection":true,"source":"OpenStreetMap"},"geometry":{"type":"Point","coordinates":[118.7704743,32.0411314]}},{"type":"Feature","properties":{"node_id":"1606254333","node_origin":"osm_node","degree":2,"is_intersection":false,"source":"OpenStreetMap"},"geometry":{"type":"Point","coordinates":[118.7794044,32.0357564]}},{"type":"Feature","properties":{"node_id":"1606254362","node_origin":"osm_node","degree":2,"is_intersection":false,"source":"OpenStreetMap"},"geometry":{"type":"Point","coordinates":[118.7796195,32.036548]}},{"type":"Feature","properties":{"node_id":"1606254363","node_origin":"osm_node","degree":2,"is_intersection":false,"source":"OpenStreetMap"},"geometry":{"type":"Point","coordinates":[118.7795337,32.0361933]}},{"type":"Feature","properties":{"node_id":"1608071375","node_origin":"osm_node","degree":3,"is_intersection":true,"source":"OpenStreetMap"},"geometry":{"type":"Point","coordinates":[118.7989308,32.0462704]}},{"type":"Feature","properties":{"node_id":"1608071378","node_origin":"osm_node","degree":3,"is_intersection":true,"source":"OpenStreetMap"},"geometry":{"type":"Point","coordinates":[118.7988935,32.0467544]}},{"type":"Feature","properties":{"node_id":"1608071380","node_origin":"osm_node","degree":3,"is_intersection":true,"source":"OpenStreetMap"},"geometry":{"type":"Point","coordinates":[118.7985612,32.0467896]}},{"type":"Feature","properties":{"node_id":"1608071382","node_origin":"osm_node","degree":2,"is_intersection":false,"source":"OpenStreetMap"},"geometry":{"type":"Point","coordinates":[118.7985986,32.0469657]}},{"type":"Feature","properties":{"node_id":"1608071387","node_origin":"osm_node","degree":2,"is_intersection":false,"source":"OpenStreetMap"},"geometry":{"type":"Point","coordinates":[118.7984573,32.0469939]}},{"type":"Feature","properties":{"node_id":"1608071391","node_origin":"osm_node","degree":2,"is_intersection":false,"source":"OpenStreetMap"},"geometry":{"type":"Point","coordinates":[118.7985113,32.0472087]}},{"type":"Feature","properties":{"node_id":"1608071396","node_origin":"osm_node","degree":3,"is_intersection":true,"source":"OpenStreetMap"},"geometry":{"type":"Point","coordinates":[118.7979296,32.0473073]}},{"type":"Feature","properties":{"node_id":"1608071425","node_origin":"osm_node","degree":2,"is_intersection":false,"source":"OpenStreetMap"},"geometry":{"type":"Point","coordinates":[118.8000835,32.0474718]}},{"type":"Feature","properties":{"node_id":"1608071433","node_origin":"osm_node","degree":3,"is_intersection":true,"source":"OpenStreetMap"},"geometry":{"type":"Point","coordinates":[118.7980488,32.0478593]}},{"type":"Feature","properties":{"node_id":"1665497268","node_origin":"osm_node","degree":2,"is_intersection":false,"source":"OpenStreetMap"},"geometry":{"type":"Point","coordinates":[118.7784469,32.0429015]}},{"type":"Feature","properties":{"node_id":"1665497269","node_origin":"osm_node","degree":2,"is_intersection":false,"source":"OpenStreetMap"},"geometry":{"type":"Point","coordinates":[118.7786131,32.0428963]}},{"type":"Feature","properties":{"node_id":"1665497277","node_origin":"osm_node","degree":2,"is_intersection":false,"source":"OpenStreetMap"},"geometry":{"type":"Point","coordinates":[118.7782621,32.042956]}},{"type":"Feature","properties":{"node_id":"1665497278","node_origin":"osm_node","degree":2,"is_intersection":false,"source":"OpenStreetMap"},"geometry":{"type":"Point","coordinates":[118.7779105,32.0432417]}},{"type":"Feature","properties":{"node_id":"1665497281","node_origin":"osm_node","degree":2,"is_intersection":false,"source":"OpenStreetMap"},"geometry":{"type":"Point","coordinates":[118.7774409,32.0435841]}},{"type":"Feature","properties":{"node_id":"1665497282","node_origin":"osm_node","degree":2,"is_intersection":false,"source":"OpenStreetMap"},"geometry":{"type":"Point","coordinates":[118.7779201,32.0435398]}},{"type":"Feature","properties":{"node_id":"1682376190","node_origin":"osm_node","degree":3,"is_intersection":true,"source":"OpenStreetMap"},"geometry":{"type":"Point","coordinates":[118.7823202,32.040549]}},{"type":"Feature","properties":{"node_id":"1682376195","node_origin":"osm_node","degree":3,"is_intersection":true,"source":"OpenStreetMap"},"geometry":{"type":"Point","coordinates":[118.7808435,32.040716]}},{"type":"Feature","properties":{"node_id":"1682376281","node_origin":"osm_node","degree":2,"is_intersection":false,"source":"OpenStreetMap"},"geometry":{"type":"Point","coordinates":[118.7791554,32.0424319]}},{"type":"Feature","properties":{"node_id":"1682376288","node_origin":"osm_node","degree":2,"is_intersection":false,"source":"OpenStreetMap"},"geometry":{"type":"Point","coordinates":[118.7790783,32.0425786]}},{"type":"Feature","properties":{"node_id":"1682376315","node_origin":"osm_node","degree":2,"is_intersection":false,"source":"OpenStreetMap"},"geometry":{"type":"Point","coordinates":[118.7783477,32.0429232]}},{"type":"Feature","properties":{"node_id":"1682376354","node_origin":"osm_node","degree":2,"is_intersection":false,"source":"OpenStreetMap"},"geometry":{"type":"Point","coordinates":[118.7782632,32.043093]}},{"type":"Feature","properties":{"node_id":"1682376361","node_origin":"osm_node","degree":2,"is_intersection":false,"source":"OpenStreetMap"},"geometry":{"type":"Point","coordinates":[118.7782828,32.043129]}},{"type":"Feature","properties":{"node_id":"1682376376","node_origin":"osm_node","degree":2,"is_intersection":false,"source":"OpenStreetMap"},"geometry":{"type":"Point","coordinates":[118.778289,32.0431724]}},{"type":"Feature","properties":{"node_id":"1682376408","node_origin":"osm_node","degree":2,"is_intersection":false,"source":"OpenStreetMap"},"geometry":{"type":"Point","coordinates":[118.7782813,32.0432086]}},{"type":"Feature","properties":{"node_id":"1682376424","node_origin":"osm_node","degree":2,"is_intersection":false,"source":"OpenStreetMap"},"geometry":{"type":"Point","coordinates":[118.7782658,32.0432371]}},{"type":"Feature","properties":{"node_id":"1682376427","node_origin":"osm_node","degree":2,"is_intersection":false,"source":"OpenStreetMap"},"geometry":{"type":"Point","coordinates":[118.7790816,32.0432542]}},{"type":"Feature","properties":{"node_id":"1682376436","node_origin":"osm_node","degree":2,"is_intersection":false,"source":"OpenStreetMap"},"geometry":{"type":"Point","coordinates":[118.7782474,32.0432578]}},{"type":"Feature","properties":{"node_id":"1682376444","node_origin":"osm_node","degree":2,"is_intersection":false,"source":"OpenStreetMap"},"geometry":{"type":"Point","coordinates":[118.7782215,32.0432771]}},{"type":"Feature","properties":{"node_id":"1682376446","node_origin":"osm_node","degree":2,"is_intersection":false,"source":"OpenStreetMap"},"geometry":{"type":"Point","coordinates":[118.7780484,32.0432824]}},{"type":"Feature","properties":{"node_id":"1682376448","node_origin":"osm_node","degree":2,"is_intersection":false,"source":"OpenStreetMap"},"geometry":{"type":"Point","coordinates":[118.7781991,32.0432882]}},{"type":"Feature","properties":{"node_id":"1682376450","node_origin":"osm_node","degree":2,"is_intersection":false,"source":"OpenStreetMap"},"geometry":{"type":"Point","coordinates":[118.7780714,32.043292]}},{"type":"Feature","properties":{"node_id":"1682376452","node_origin":"osm_node","degree":2,"is_intersection":false,"source":"OpenStreetMap"},"geometry":{"type":"Point","coordinates":[118.7781646,32.0432984]}},{"type":"Feature","properties":{"node_id":"1682376459","node_origin":"osm_node","degree":2,"is_intersection":false,"source":"OpenStreetMap"},"geometry":{"type":"Point","coordinates":[118.7781085,32.0433003]}},{"type":"Feature","properties":{"node_id":"1682376492","node_origin":"osm_node","degree":2,"is_intersection":false,"source":"OpenStreetMap"},"geometry":{"type":"Point","coordinates":[118.778823,32.0433881]}},{"type":"Feature","properties":{"node_id":"1682376533","node_origin":"osm_node","degree":2,"is_intersection":false,"source":"OpenStreetMap"},"geometry":{"type":"Point","coordinates":[118.7794882,32.04362]}},{"type":"Feature","properties":{"node_id":"1682376568","node_origin":"osm_node","degree":2,"is_intersection":false,"source":"OpenStreetMap"},"geometry":{"type":"Point","coordinates":[118.7810766,32.0436068]}},{"type":"Feature","properties":{"node_id":"1682376749","node_origin":"osm_node","degree":2,"is_intersection":false,"source":"OpenStreetMap"},"geometry":{"type":"Point","coordinates":[118.777366,32.04388]}},{"type":"Feature","properties":{"node_id":"1682376954","node_origin":"osm_node","degree":2,"is_intersection":false,"source":"OpenStreetMap"},"geometry":{"type":"Point","coordinates":[118.7788548,32.0452515]}},{"type":"Feature","properties":{"node_id":"1682376961","node_origin":"osm_node","degree":2,"is_intersection":false,"source":"OpenStreetMap"},"geometry":{"type":"Point","coordinates":[118.7814166,32.0454045]}},{"type":"Feature","properties":{"node_id":"1682376977","node_origin":"osm_node","degree":2,"is_intersection":false,"source":"OpenStreetMap"},"geometry":{"type":"Point","coordinates":[118.7799704,32.0458662]}},{"type":"Feature","properties":{"node_id":"1682376990","node_origin":"osm_node","degree":2,"is_intersection":false,"source":"OpenStreetMap"},"geometry":{"type":"Point","coordinates":[118.780494,32.0468887]}},{"type":"Feature","properties":{"node_id":"1682448068","node_origin":"osm_node","degree":3,"is_intersection":true,"source":"OpenStreetMap"},"geometry":{"type":"Point","coordinates":[118.778473,32.0606582]}},{"type":"Feature","properties":{"node_id":"1682448168","node_origin":"osm_node","degree":2,"is_intersection":false,"source":"OpenStreetMap"},"geometry":{"type":"Point","coordinates":[118.7768513,32.0632148]}},{"type":"Feature","properties":{"node_id":"1682448169","node_origin":"osm_node","degree":3,"is_intersection":true,"source":"OpenStreetMap"},"geometry":{"type":"Point","coordinates":[118.777083,32.0634443]}},{"type":"Feature","properties":{"node_id":"1682448170","node_origin":"osm_node","degree":2,"is_intersection":false,"source":"OpenStreetMap"},"geometry":{"type":"Point","coordinates":[118.7773304,32.0635388]}},{"type":"Feature","properties":{"node_id":"1682448172","node_origin":"osm_node","degree":3,"is_intersection":true,"source":"OpenStreetMap"},"geometry":{"type":"Point","coordinates":[118.7787836,32.0635845]}},{"type":"Feature","properties":{"node_id":"1682448174","node_origin":"osm_node","degree":4,"is_intersection":true,"source":"OpenStreetMap"},"geometry":{"type":"Point","coordinates":[118.7787643,32.0646441]}},{"type":"Feature","properties":{"node_id":"1682448176","node_origin":"osm_node","degree":4,"is_intersection":true,"source":"OpenStreetMap"},"geometry":{"type":"Point","coordinates":[118.7789428,32.0646455]}},{"type":"Feature","properties":{"node_id":"1682448178","node_origin":"osm_node","degree":2,"is_intersection":false,"source":"OpenStreetMap"},"geometry":{"type":"Point","coordinates":[118.79063,32.0650776]}},{"type":"Feature","properties":{"node_id":"1682448182","node_origin":"osm_node","degree":2,"is_intersection":false,"source":"OpenStreetMap"},"geometry":{"type":"Point","coordinates":[118.7896316,32.0660227]}},{"type":"Feature","properties":{"node_id":"1682448189","node_origin":"osm_node","degree":4,"is_intersection":true,"source":"OpenStreetMap"},"geometry":{"type":"Point","coordinates":[118.7789237,32.0668273]}},{"type":"Feature","properties":{"node_id":"1682448191","node_origin":"osm_node","degree":3,"is_intersection":true,"source":"OpenStreetMap"},"geometry":{"type":"Point","coordinates":[118.7820798,32.0671284]}},{"type":"Feature","properties":{"node_id":"1682448194","node_origin":"osm_node","degree":2,"is_intersection":false,"source":"OpenStreetMap"},"geometry":{"type":"Point","coordinates":[118.7832067,32.0676793]}},{"type":"Feature","properties":{"node_id":"1683601235","node_origin":"osm_node","degree":2,"is_intersection":false,"source":"OpenStreetMap"},"geometry":{"type":"Point","coordinates":[118.7694229,32.0577037]}},{"type":"Feature","properties":{"node_id":"1683601237","node_origin":"osm_node","degree":3,"is_intersection":true,"source":"OpenStreetMap"},"geometry":{"type":"Point","coordinates":[118.7687767,32.0577351]}},{"type":"Feature","properties":{"node_id":"1683601246","node_origin":"osm_node","degree":2,"is_intersection":false,"source":"OpenStreetMap"},"geometry":{"type":"Point","coordinates":[118.7710093,32.0578344]}},{"type":"Feature","properties":{"node_id":"1683601249","node_origin":"osm_node","degree":3,"is_intersection":true,"source":"OpenStreetMap"},"geometry":{"type":"Point","coordinates":[118.7729423,32.057889]}},{"type":"Feature","properties":{"node_id":"1683601266","node_origin":"osm_node","degree":3,"is_intersection":true,"source":"OpenStreetMap"},"geometry":{"type":"Point","coordinates":[118.7718555,32.0578905]}},{"type":"Feature","properties":{"node_id":"1683601269","node_origin":"osm_node","degree":2,"is_intersection":false,"source":"OpenStreetMap"},"geometry":{"type":"Point","coordinates":[118.7721527,32.057892]}},{"type":"Feature","properties":{"node_id":"1683601375","node_origin":"osm_node","degree":2,"is_intersection":false,"source":"OpenStreetMap"},"geometry":{"type":"Point","coordinates":[118.7717627,32.0607809]}},{"type":"Feature","properties":{"node_id":"1683685567","node_origin":"osm_node","degree":2,"is_intersection":false,"source":"OpenStreetMap"},"geometry":{"type":"Point","coordinates":[118.7708844,32.0577778]}},{"type":"Feature","properties":{"node_id":"1683685632","node_origin":"osm_node","degree":3,"is_intersection":true,"source":"OpenStreetMap"},"geometry":{"type":"Point","coordinates":[118.7716046,32.0597442]}},{"type":"Feature","properties":{"node_id":"1683685649","node_origin":"osm_node","degree":2,"is_intersection":false,"source":"OpenStreetMap"},"geometry":{"type":"Point","coordinates":[118.7706629,32.0597623]}},{"type":"Feature","properties":{"node_id":"1683685651","node_origin":"osm_node","degree":3,"is_intersection":true,"source":"OpenStreetMap"},"geometry":{"type":"Point","coordinates":[118.7691063,32.0597475]}},{"type":"Feature","properties":{"node_id":"1683882113","node_origin":"osm_node","degree":2,"is_intersection":false,"source":"OpenStreetMap"},"geometry":{"type":"Point","coordinates":[118.7761477,32.0542744]}},{"type":"Feature","properties":{"node_id":"1683882118","node_origin":"osm_node","degree":2,"is_intersection":false,"source":"OpenStreetMap"},"geometry":{"type":"Point","coordinates":[118.7768759,32.0543679]}},{"type":"Feature","properties":{"node_id":"1683882122","node_origin":"osm_node","degree":2,"is_intersection":false,"source":"OpenStreetMap"},"geometry":{"type":"Point","coordinates":[118.7761314,32.0543706]}},{"type":"Feature","properties":{"node_id":"1683882125","node_origin":"osm_node","degree":2,"is_intersection":false,"source":"OpenStreetMap"},"geometry":{"type":"Point","coordinates":[118.7768603,32.0544701]}},{"type":"Feature","properties":{"node_id":"1684824094","node_origin":"osm_node","degree":3,"is_intersection":true,"source":"OpenStreetMap"},"geometry":{"type":"Point","coordinates":[118.770497,32.0565227]}},{"type":"Feature","properties":{"node_id":"1684824132","node_origin":"osm_node","degree":2,"is_intersection":false,"source":"OpenStreetMap"},"geometry":{"type":"Point","coordinates":[118.7704812,32.0566984]}},{"type":"Feature","properties":{"node_id":"1684824393","node_origin":"osm_node","degree":2,"is_intersection":false,"source":"OpenStreetMap"},"geometry":{"type":"Point","coordinates":[118.7704209,32.0571906]}},{"type":"Feature","properties":{"node_id":"1684824553","node_origin":"osm_node","degree":2,"is_intersection":false,"source":"OpenStreetMap"},"geometry":{"type":"Point","coordinates":[118.7704236,32.0574808]}},{"type":"Feature","properties":{"node_id":"1684824638","node_origin":"osm_node","degree":3,"is_intersection":true,"source":"OpenStreetMap"},"geometry":{"type":"Point","coordinates":[118.7704571,32.057702]}},{"type":"Feature","properties":{"node_id":"1684824654","node_origin":"osm_node","degree":2,"is_intersection":false,"source":"OpenStreetMap"},"geometry":{"type":"Point","coordinates":[118.7708349,32.0577113]}},{"type":"Feature","properties":{"node_id":"1684824661","node_origin":"osm_node","degree":2,"is_intersection":false,"source":"OpenStreetMap"},"geometry":{"type":"Point","coordinates":[118.7714977,32.057883]}},{"type":"Feature","properties":{"node_id":"1684848721","node_origin":"osm_node","degree":4,"is_intersection":true,"source":"OpenStreetMap"},"geometry":{"type":"Point","coordinates":[118.7774539,32.0559247]}},{"type":"Feature","properties":{"node_id":"1684848730","node_origin":"osm_node","degree":2,"is_intersection":false,"source":"OpenStreetMap"},"geometry":{"type":"Point","coordinates":[118.7771981,32.0571914]}},{"type":"Feature","properties":{"node_id":"1684848910","node_origin":"osm_node","degree":2,"is_intersection":false,"source":"OpenStreetMap"},"geometry":{"type":"Point","coordinates":[118.7768004,32.0590181]}},{"type":"Feature","properties":{"node_id":"1684849048","node_origin":"osm_node","degree":2,"is_intersection":false,"source":"OpenStreetMap"},"geometry":{"type":"Point","coordinates":[118.7765745,32.0596565]}},{"type":"Feature","properties":{"node_id":"1684849062","node_origin":"osm_node","degree":2,"is_intersection":false,"source":"OpenStreetMap"},"geometry":{"type":"Point","coordinates":[118.7764692,32.0600032]}},{"type":"Feature","properties":{"node_id":"1684849063","node_origin":"osm_node","degree":2,"is_intersection":false,"source":"OpenStreetMap"},"geometry":{"type":"Point","coordinates":[118.776492,32.0598899]}},{"type":"Feature","properties":{"node_id":"1684860096","node_origin":"osm_node","degree":2,"is_intersection":false,"source":"OpenStreetMap"},"geometry":{"type":"Point","coordinates":[118.7764539,32.0601794]}},{"type":"Feature","properties":{"node_id":"1684918714","node_origin":"osm_node","degree":2,"is_intersection":false,"source":"OpenStreetMap"},"geometry":{"type":"Point","coordinates":[118.7753986,32.0557491]}},{"type":"Feature","properties":{"node_id":"1684935615","node_origin":"osm_node","degree":2,"is_intersection":false,"source":"OpenStreetMap"},"geometry":{"type":"Point","coordinates":[118.7730022,32.0555202]}},{"type":"Feature","properties":{"node_id":"1684935646","node_origin":"osm_node","degree":2,"is_intersection":false,"source":"OpenStreetMap"},"geometry":{"type":"Point","coordinates":[118.7741543,32.05571]}},{"type":"Feature","properties":{"node_id":"1684935652","node_origin":"osm_node","degree":2,"is_intersection":false,"source":"OpenStreetMap"},"geometry":{"type":"Point","coordinates":[118.7751122,32.0557411]}},{"type":"Feature","properties":{"node_id":"1684935656","node_origin":"osm_node","degree":2,"is_intersection":false,"source":"OpenStreetMap"},"geometry":{"type":"Point","coordinates":[118.7750076,32.0557713]}},{"type":"Feature","properties":{"node_id":"1684967398","node_origin":"osm_node","degree":2,"is_intersection":false,"source":"OpenStreetMap"},"geometry":{"type":"Point","coordinates":[118.7788137,32.0591928]}},{"type":"Feature","properties":{"node_id":"1684971174","node_origin":"osm_node","degree":2,"is_intersection":false,"source":"OpenStreetMap"},"geometry":{"type":"Point","coordinates":[118.7729105,32.0568601]}},{"type":"Feature","properties":{"node_id":"1685028149","node_origin":"osm_node","degree":1,"is_intersection":false,"source":"OpenStreetMap"},"geometry":{"type":"Point","coordinates":[118.7991743,32.0771958]}},{"type":"Feature","properties":{"node_id":"1727704468","node_origin":"osm_node","degree":3,"is_intersection":true,"source":"OpenStreetMap"},"geometry":{"type":"Point","coordinates":[118.8039291,32.0801972]}},{"type":"Feature","properties":{"node_id":"1727877397","node_origin":"osm_node","degree":2,"is_intersection":false,"source":"OpenStreetMap"},"geometry":{"type":"Point","coordinates":[118.8063863,32.0751386]}},{"type":"Feature","properties":{"node_id":"1727877399","node_origin":"osm_node","degree":2,"is_intersection":false,"source":"OpenStreetMap"},"geometry":{"type":"Point","coordinates":[118.8065913,32.0752035]}},{"type":"Feature","properties":{"node_id":"1727914743","node_origin":"osm_node","degree":1,"is_intersection":false,"source":"OpenStreetMap"},"geometry":{"type":"Point","coordinates":[118.8015351,32.0780119]}},{"type":"Feature","properties":{"node_id":"1727915031","node_origin":"osm_node","degree":2,"is_intersection":false,"source":"OpenStreetMap"},"geometry":{"type":"Point","coordinates":[118.8037571,32.0799348]}},{"type":"Feature","properties":{"node_id":"1727935191","node_origin":"osm_node","degree":3,"is_intersection":true,"source":"OpenStreetMap"},"geometry":{"type":"Point","coordinates":[118.798639,32.0827136]}},{"type":"Feature","properties":{"node_id":"1727935193","node_origin":"osm_node","degree":3,"is_intersection":true,"source":"OpenStreetMap"},"geometry":{"type":"Point","coordinates":[118.7987653,32.0828332]}},{"type":"Feature","properties":{"node_id":"1727942633","node_origin":"osm_node","degree":2,"is_intersection":false,"source":"OpenStreetMap"},"geometry":{"type":"Point","coordinates":[118.801875,32.0812182]}},{"type":"Feature","properties":{"node_id":"1727942649","node_origin":"osm_node","degree":2,"is_intersection":false,"source":"OpenStreetMap"},"geometry":{"type":"Point","coordinates":[118.8015324,32.081399]}},{"type":"Feature","properties":{"node_id":"1728017735","node_origin":"osm_node","degree":2,"is_intersection":false,"source":"OpenStreetMap"},"geometry":{"type":"Point","coordinates":[118.7988078,32.0825533]}},{"type":"Feature","properties":{"node_id":"1728017736","node_origin":"osm_node","degree":2,"is_intersection":false,"source":"OpenStreetMap"},"geometry":{"type":"Point","coordinates":[118.7990118,32.0827644]}},{"type":"Feature","properties":{"node_id":"1728125040","node_origin":"osm_node","degree":2,"is_intersection":false,"source":"OpenStreetMap"},"geometry":{"type":"Point","coordinates":[118.8013419,32.0501985]}},{"type":"Feature","properties":{"node_id":"1728125062","node_origin":"osm_node","degree":2,"is_intersection":false,"source":"OpenStreetMap"},"geometry":{"type":"Point","coordinates":[118.8021791,32.0535103]}},{"type":"Feature","properties":{"node_id":"1728125092","node_origin":"osm_node","degree":2,"is_intersection":false,"source":"OpenStreetMap"},"geometry":{"type":"Point","coordinates":[118.8027645,32.0577804]}},{"type":"Feature","properties":{"node_id":"1741639084","node_origin":"osm_node","degree":3,"is_intersection":true,"source":"OpenStreetMap"},"geometry":{"type":"Point","coordinates":[118.7734497,32.0656565]}},{"type":"Feature","properties":{"node_id":"1781674437","node_origin":"osm_node","degree":3,"is_intersection":true,"source":"OpenStreetMap"},"geometry":{"type":"Point","coordinates":[118.7908935,32.0388706]}},{"type":"Feature","properties":{"node_id":"1781674438","node_origin":"osm_node","degree":3,"is_intersection":true,"source":"OpenStreetMap"},"geometry":{"type":"Point","coordinates":[118.7921532,32.039625]}},{"type":"Feature","properties":{"node_id":"1781674439","node_origin":"osm_node","degree":3,"is_intersection":true,"source":"OpenStreetMap"},"geometry":{"type":"Point","coordinates":[118.7913584,32.039872]}},{"type":"Feature","properties":{"node_id":"1984468961","node_origin":"osm_node","degree":1,"is_intersection":false,"source":"OpenStreetMap"},"geometry":{"type":"Point","coordinates":[118.7717591,32.060941]}},{"type":"Feature","properties":{"node_id":"1984584729","node_origin":"osm_node","degree":2,"is_intersection":false,"source":"OpenStreetMap"},"geometry":{"type":"Point","coordinates":[118.7727511,32.0578898]}},{"type":"Feature","properties":{"node_id":"1984584735","node_origin":"osm_node","degree":2,"is_intersection":false,"source":"OpenStreetMap"},"geometry":{"type":"Point","coordinates":[118.7718897,32.05848]}},{"type":"Feature","properties":{"node_id":"1984595800","node_origin":"osm_node","degree":3,"is_intersection":true,"source":"OpenStreetMap"},"geometry":{"type":"Point","coordinates":[118.7857101,32.0585087]}},{"type":"Feature","properties":{"node_id":"1992349855","node_origin":"osm_node","degree":3,"is_intersection":true,"source":"OpenStreetMap"},"geometry":{"type":"Point","coordinates":[118.7747265,32.0500151]}},{"type":"Feature","properties":{"node_id":"1992349856","node_origin":"osm_node","degree":2,"is_intersection":false,"source":"OpenStreetMap"},"geometry":{"type":"Point","coordinates":[118.7737075,32.0501306]}},{"type":"Feature","properties":{"node_id":"1992349857","node_origin":"osm_node","degree":2,"is_intersection":false,"source":"OpenStreetMap"},"geometry":{"type":"Point","coordinates":[118.7788327,32.050518]}},{"type":"Feature","properties":{"node_id":"1992349864","node_origin":"osm_node","degree":1,"is_intersection":false,"source":"OpenStreetMap"},"geometry":{"type":"Point","coordinates":[118.7781081,32.0505614]}},{"type":"Feature","properties":{"node_id":"1992349891","node_origin":"osm_node","degree":2,"is_intersection":false,"source":"OpenStreetMap"},"geometry":{"type":"Point","coordinates":[118.7744671,32.0509231]}},{"type":"Feature","properties":{"node_id":"1992349892","node_origin":"osm_node","degree":2,"is_intersection":false,"source":"OpenStreetMap"},"geometry":{"type":"Point","coordinates":[118.7747526,32.0509712]}},{"type":"Feature","properties":{"node_id":"1992349893","node_origin":"osm_node","degree":2,"is_intersection":false,"source":"OpenStreetMap"},"geometry":{"type":"Point","coordinates":[118.7748128,32.0510164]}},{"type":"Feature","properties":{"node_id":"1992349894","node_origin":"osm_node","degree":2,"is_intersection":false,"source":"OpenStreetMap"},"geometry":{"type":"Point","coordinates":[118.7749194,32.0510703]}},{"type":"Feature","properties":{"node_id":"1992349898","node_origin":"osm_node","degree":2,"is_intersection":false,"source":"OpenStreetMap"},"geometry":{"type":"Point","coordinates":[118.7773956,32.0513444]}},{"type":"Feature","properties":{"node_id":"1992349912","node_origin":"osm_node","degree":2,"is_intersection":false,"source":"OpenStreetMap"},"geometry":{"type":"Point","coordinates":[118.7772656,32.052252]}},{"type":"Feature","properties":{"node_id":"2008337226","node_origin":"osm_node","degree":2,"is_intersection":false,"source":"OpenStreetMap"},"geometry":{"type":"Point","coordinates":[118.7749399,32.0521253]}},{"type":"Feature","properties":{"node_id":"2024911761","node_origin":"osm_node","degree":2,"is_intersection":false,"source":"OpenStreetMap"},"geometry":{"type":"Point","coordinates":[118.7717047,32.0593252]}},{"type":"Feature","properties":{"node_id":"2024932570","node_origin":"osm_node","degree":2,"is_intersection":false,"source":"OpenStreetMap"},"geometry":{"type":"Point","coordinates":[118.7712525,32.0521164]}},{"type":"Feature","properties":{"node_id":"2024932573","node_origin":"osm_node","degree":2,"is_intersection":false,"source":"OpenStreetMap"},"geometry":{"type":"Point","coordinates":[118.7741387,32.0521473]}},{"type":"Feature","properties":{"node_id":"2024932582","node_origin":"osm_node","degree":2,"is_intersection":false,"source":"OpenStreetMap"},"geometry":{"type":"Point","coordinates":[118.7714291,32.0523164]}},{"type":"Feature","properties":{"node_id":"2024932597","node_origin":"osm_node","degree":2,"is_intersection":false,"source":"OpenStreetMap"},"geometry":{"type":"Point","coordinates":[118.7706398,32.0525603]}},{"type":"Feature","properties":{"node_id":"2024932688","node_origin":"osm_node","degree":2,"is_intersection":false,"source":"OpenStreetMap"},"geometry":{"type":"Point","coordinates":[118.769193,32.0529157]}},{"type":"Feature","properties":{"node_id":"2024932722","node_origin":"osm_node","degree":2,"is_intersection":false,"source":"OpenStreetMap"},"geometry":{"type":"Point","coordinates":[118.7696697,32.0546038]}},{"type":"Feature","properties":{"node_id":"2024932727","node_origin":"osm_node","degree":2,"is_intersection":false,"source":"OpenStreetMap"},"geometry":{"type":"Point","coordinates":[118.7694203,32.0548741]}},{"type":"Feature","properties":{"node_id":"2024942727","node_origin":"osm_node","degree":2,"is_intersection":false,"source":"OpenStreetMap"},"geometry":{"type":"Point","coordinates":[118.7731467,32.0526172]}},{"type":"Feature","properties":{"node_id":"2024942790","node_origin":"osm_node","degree":2,"is_intersection":false,"source":"OpenStreetMap"},"geometry":{"type":"Point","coordinates":[118.7732076,32.053748]}},{"type":"Feature","properties":{"node_id":"2026486350","node_origin":"osm_node","degree":2,"is_intersection":false,"source":"OpenStreetMap"},"geometry":{"type":"Point","coordinates":[118.7765072,32.0520808]}},{"type":"Feature","properties":{"node_id":"2026486353","node_origin":"osm_node","degree":2,"is_intersection":false,"source":"OpenStreetMap"},"geometry":{"type":"Point","coordinates":[118.7729512,32.0521962]}},{"type":"Feature","properties":{"node_id":"2026486356","node_origin":"osm_node","degree":2,"is_intersection":false,"source":"OpenStreetMap"},"geometry":{"type":"Point","coordinates":[118.7779793,32.0522307]}},{"type":"Feature","properties":{"node_id":"2026486360","node_origin":"osm_node","degree":2,"is_intersection":false,"source":"OpenStreetMap"},"geometry":{"type":"Point","coordinates":[118.7731051,32.0522882]}},{"type":"Feature","properties":{"node_id":"2026486371","node_origin":"osm_node","degree":2,"is_intersection":false,"source":"OpenStreetMap"},"geometry":{"type":"Point","coordinates":[118.7783521,32.0524829]}},{"type":"Feature","properties":{"node_id":"2026560092","node_origin":"osm_node","degree":2,"is_intersection":false,"source":"OpenStreetMap"},"geometry":{"type":"Point","coordinates":[118.7688873,32.0567673]}},{"type":"Feature","properties":{"node_id":"2026560094","node_origin":"osm_node","degree":2,"is_intersection":false,"source":"OpenStreetMap"},"geometry":{"type":"Point","coordinates":[118.768631,32.0567852]}},{"type":"Feature","properties":{"node_id":"2026696508","node_origin":"osm_node","degree":2,"is_intersection":false,"source":"OpenStreetMap"},"geometry":{"type":"Point","coordinates":[118.7781685,32.0531383]}},{"type":"Feature","properties":{"node_id":"2026696512","node_origin":"osm_node","degree":3,"is_intersection":true,"source":"OpenStreetMap"},"geometry":{"type":"Point","coordinates":[118.7820615,32.053229]}},{"type":"Feature","properties":{"node_id":"2026696513","node_origin":"osm_node","degree":3,"is_intersection":true,"source":"OpenStreetMap"},"geometry":{"type":"Point","coordinates":[118.7806304,32.0532476]}},{"type":"Feature","properties":{"node_id":"2026696516","node_origin":"osm_node","degree":2,"is_intersection":false,"source":"OpenStreetMap"},"geometry":{"type":"Point","coordinates":[118.7788339,32.0531402]}},{"type":"Feature","properties":{"node_id":"2026696519","node_origin":"osm_node","degree":2,"is_intersection":false,"source":"OpenStreetMap"},"geometry":{"type":"Point","coordinates":[118.7806637,32.0535906]}},{"type":"Feature","properties":{"node_id":"2026696527","node_origin":"osm_node","degree":4,"is_intersection":true,"source":"OpenStreetMap"},"geometry":{"type":"Point","coordinates":[118.780696,32.0542754]}},{"type":"Feature","properties":{"node_id":"2026696528","node_origin":"osm_node","degree":4,"is_intersection":true,"source":"OpenStreetMap"},"geometry":{"type":"Point","coordinates":[118.7788359,32.0542771]}},{"type":"Feature","properties":{"node_id":"2026696530","node_origin":"osm_node","degree":2,"is_intersection":false,"source":"OpenStreetMap"},"geometry":{"type":"Point","coordinates":[118.7807351,32.0553258]}},{"type":"Feature","properties":{"node_id":"2026696531","node_origin":"osm_node","degree":4,"is_intersection":true,"source":"OpenStreetMap"},"geometry":{"type":"Point","coordinates":[118.7812013,32.0557197]}},{"type":"Feature","properties":{"node_id":"2026710859","node_origin":"osm_node","degree":2,"is_intersection":false,"source":"OpenStreetMap"},"geometry":{"type":"Point","coordinates":[118.778835,32.0521984]}},{"type":"Feature","properties":{"node_id":"2026710869","node_origin":"osm_node","degree":2,"is_intersection":false,"source":"OpenStreetMap"},"geometry":{"type":"Point","coordinates":[118.7788386,32.0524949]}},{"type":"Feature","properties":{"node_id":"2026719174","node_origin":"osm_node","degree":2,"is_intersection":false,"source":"OpenStreetMap"},"geometry":{"type":"Point","coordinates":[118.7791054,32.0515007]}},{"type":"Feature","properties":{"node_id":"2026719176","node_origin":"osm_node","degree":2,"is_intersection":false,"source":"OpenStreetMap"},"geometry":{"type":"Point","coordinates":[118.7820397,32.051924]}},{"type":"Feature","properties":{"node_id":"2026719179","node_origin":"osm_node","degree":2,"is_intersection":false,"source":"OpenStreetMap"},"geometry":{"type":"Point","coordinates":[118.7805427,32.0523446]}},{"type":"Feature","properties":{"node_id":"2026719180","node_origin":"osm_node","degree":2,"is_intersection":false,"source":"OpenStreetMap"},"geometry":{"type":"Point","coordinates":[118.7786807,32.0523845]}},{"type":"Feature","properties":{"node_id":"2026719181","node_origin":"osm_node","degree":2,"is_intersection":false,"source":"OpenStreetMap"},"geometry":{"type":"Point","coordinates":[118.7790939,32.0523889]}},{"type":"Feature","properties":{"node_id":"2026719190","node_origin":"osm_node","degree":2,"is_intersection":false,"source":"OpenStreetMap"},"geometry":{"type":"Point","coordinates":[118.7786926,32.0542732]}},{"type":"Feature","properties":{"node_id":"2026719191","node_origin":"osm_node","degree":2,"is_intersection":false,"source":"OpenStreetMap"},"geometry":{"type":"Point","coordinates":[118.7790798,32.0542877]}},{"type":"Feature","properties":{"node_id":"2030563885","node_origin":"osm_node","degree":2,"is_intersection":false,"source":"OpenStreetMap"},"geometry":{"type":"Point","coordinates":[118.7726298,32.0501506]}},{"type":"Feature","properties":{"node_id":"2030563886","node_origin":"osm_node","degree":3,"is_intersection":true,"source":"OpenStreetMap"},"geometry":{"type":"Point","coordinates":[118.7724735,32.0501535]}},{"type":"Feature","properties":{"node_id":"2030563914","node_origin":"osm_node","degree":2,"is_intersection":false,"source":"OpenStreetMap"},"geometry":{"type":"Point","coordinates":[118.7724943,32.0505896]}},{"type":"Feature","properties":{"node_id":"2030563985","node_origin":"osm_node","degree":2,"is_intersection":false,"source":"OpenStreetMap"},"geometry":{"type":"Point","coordinates":[118.7722361,32.0511727]}},{"type":"Feature","properties":{"node_id":"2034775928","node_origin":"osm_node","degree":2,"is_intersection":false,"source":"OpenStreetMap"},"geometry":{"type":"Point","coordinates":[118.7728509,32.0458063]}},{"type":"Feature","properties":{"node_id":"2034781574","node_origin":"osm_node","degree":2,"is_intersection":false,"source":"OpenStreetMap"},"geometry":{"type":"Point","coordinates":[118.7716026,32.046522]}},{"type":"Feature","properties":{"node_id":"2034781575","node_origin":"osm_node","degree":2,"is_intersection":false,"source":"OpenStreetMap"},"geometry":{"type":"Point","coordinates":[118.7716642,32.0472668]}},{"type":"Feature","properties":{"node_id":"2034781577","node_origin":"osm_node","degree":2,"is_intersection":false,"source":"OpenStreetMap"},"geometry":{"type":"Point","coordinates":[118.7716842,32.0479485]}},{"type":"Feature","properties":{"node_id":"2034781579","node_origin":"osm_node","degree":2,"is_intersection":false,"source":"OpenStreetMap"},"geometry":{"type":"Point","coordinates":[118.7716995,32.0481194]}},{"type":"Feature","properties":{"node_id":"2034781581","node_origin":"osm_node","degree":2,"is_intersection":false,"source":"OpenStreetMap"},"geometry":{"type":"Point","coordinates":[118.77177,32.0483203]}},{"type":"Feature","properties":{"node_id":"2034872866","node_origin":"osm_node","degree":4,"is_intersection":true,"source":"OpenStreetMap"},"geometry":{"type":"Point","coordinates":[118.778828,32.049711]}},{"type":"Feature","properties":{"node_id":"2034872869","node_origin":"osm_node","degree":2,"is_intersection":false,"source":"OpenStreetMap"},"geometry":{"type":"Point","coordinates":[118.7782408,32.0497789]}},{"type":"Feature","properties":{"node_id":"2153970179","node_origin":"osm_node","degree":2,"is_intersection":false,"source":"OpenStreetMap"},"geometry":{"type":"Point","coordinates":[118.7891217,32.0434287]}},{"type":"Feature","properties":{"node_id":"2153970180","node_origin":"osm_node","degree":2,"is_intersection":false,"source":"OpenStreetMap"},"geometry":{"type":"Point","coordinates":[118.7886781,32.0434635]}},{"type":"Feature","properties":{"node_id":"2153970181","node_origin":"osm_node","degree":2,"is_intersection":false,"source":"OpenStreetMap"},"geometry":{"type":"Point","coordinates":[118.7891968,32.0435481]}},{"type":"Feature","properties":{"node_id":"2153973717","node_origin":"osm_node","degree":2,"is_intersection":false,"source":"OpenStreetMap"},"geometry":{"type":"Point","coordinates":[118.7882362,32.0368091]}},{"type":"Feature","properties":{"node_id":"2153973718","node_origin":"osm_node","degree":2,"is_intersection":false,"source":"OpenStreetMap"},"geometry":{"type":"Point","coordinates":[118.7883119,32.0370435]}},{"type":"Feature","properties":{"node_id":"2153973719","node_origin":"osm_node","degree":3,"is_intersection":true,"source":"OpenStreetMap"},"geometry":{"type":"Point","coordinates":[118.7882858,32.0372978]}},{"type":"Feature","properties":{"node_id":"2153973720","node_origin":"osm_node","degree":2,"is_intersection":false,"source":"OpenStreetMap"},"geometry":{"type":"Point","coordinates":[118.7880096,32.0373824]}},{"type":"Feature","properties":{"node_id":"2153973721","node_origin":"osm_node","degree":2,"is_intersection":false,"source":"OpenStreetMap"},"geometry":{"type":"Point","coordinates":[118.788351,32.0374349]}},{"type":"Feature","properties":{"node_id":"2153973722","node_origin":"osm_node","degree":4,"is_intersection":true,"source":"OpenStreetMap"},"geometry":{"type":"Point","coordinates":[118.7877458,32.0374488]}},{"type":"Feature","properties":{"node_id":"2153973723","node_origin":"osm_node","degree":2,"is_intersection":false,"source":"OpenStreetMap"},"geometry":{"type":"Point","coordinates":[118.7874447,32.0375853]}},{"type":"Feature","properties":{"node_id":"2153973724","node_origin":"osm_node","degree":2,"is_intersection":false,"source":"OpenStreetMap"},"geometry":{"type":"Point","coordinates":[118.7884789,32.0376384]}},{"type":"Feature","properties":{"node_id":"2153973725","node_origin":"osm_node","degree":2,"is_intersection":false,"source":"OpenStreetMap"},"geometry":{"type":"Point","coordinates":[118.7869808,32.0377534]}},{"type":"Feature","properties":{"node_id":"2153973726","node_origin":"osm_node","degree":2,"is_intersection":false,"source":"OpenStreetMap"},"geometry":{"type":"Point","coordinates":[118.7885754,32.0377423]}},{"type":"Feature","properties":{"node_id":"2153973727","node_origin":"osm_node","degree":2,"is_intersection":false,"source":"OpenStreetMap"},"geometry":{"type":"Point","coordinates":[118.7865992,32.0378549]}},{"type":"Feature","properties":{"node_id":"2153973728","node_origin":"osm_node","degree":3,"is_intersection":true,"source":"OpenStreetMap"},"geometry":{"type":"Point","coordinates":[118.7859639,32.0379995]}},{"type":"Feature","properties":{"node_id":"2153973729","node_origin":"osm_node","degree":2,"is_intersection":false,"source":"OpenStreetMap"},"geometry":{"type":"Point","coordinates":[118.7890528,32.0381714]}},{"type":"Feature","properties":{"node_id":"2153973730","node_origin":"osm_node","degree":2,"is_intersection":false,"source":"OpenStreetMap"},"geometry":{"type":"Point","coordinates":[118.7894155,32.0384876]}},{"type":"Feature","properties":{"node_id":"2153973731","node_origin":"osm_node","degree":2,"is_intersection":false,"source":"OpenStreetMap"},"geometry":{"type":"Point","coordinates":[118.7896294,32.0386889]}},{"type":"Feature","properties":{"node_id":"2153973732","node_origin":"osm_node","degree":4,"is_intersection":true,"source":"OpenStreetMap"},"geometry":{"type":"Point","coordinates":[118.7898537,32.0389056]}},{"type":"Feature","properties":{"node_id":"2153973733","node_origin":"osm_node","degree":3,"is_intersection":true,"source":"OpenStreetMap"},"geometry":{"type":"Point","coordinates":[118.7901192,32.0391444]}},{"type":"Feature","properties":{"node_id":"2327170033","node_origin":"osm_node","degree":2,"is_intersection":false,"source":"OpenStreetMap"},"geometry":{"type":"Point","coordinates":[118.7991735,32.0422773]}},{"type":"Feature","properties":{"node_id":"2327170035","node_origin":"osm_node","degree":2,"is_intersection":false,"source":"OpenStreetMap"},"geometry":{"type":"Point","coordinates":[118.7990235,32.0417769]}},{"type":"Feature","properties":{"node_id":"2327837349","node_origin":"osm_node","degree":2,"is_intersection":false,"source":"OpenStreetMap"},"geometry":{"type":"Point","coordinates":[118.7905318,32.0422349]}},{"type":"Feature","properties":{"node_id":"2327837593","node_origin":"osm_node","degree":3,"is_intersection":true,"source":"OpenStreetMap"},"geometry":{"type":"Point","coordinates":[118.7849564,32.0416885]}},{"type":"Feature","properties":{"node_id":"2327837594","node_origin":"osm_node","degree":3,"is_intersection":true,"source":"OpenStreetMap"},"geometry":{"type":"Point","coordinates":[118.7846609,32.0406535]}},{"type":"Feature","properties":{"node_id":"2327837596","node_origin":"osm_node","degree":2,"is_intersection":false,"source":"OpenStreetMap"},"geometry":{"type":"Point","coordinates":[118.7852581,32.0426833]}},{"type":"Feature","properties":{"node_id":"2327837597","node_origin":"osm_node","degree":2,"is_intersection":false,"source":"OpenStreetMap"},"geometry":{"type":"Point","coordinates":[118.7850957,32.0421392]}},{"type":"Feature","properties":{"node_id":"2327838702","node_origin":"osm_node","degree":3,"is_intersection":true,"source":"OpenStreetMap"},"geometry":{"type":"Point","coordinates":[118.7974746,32.0417763]}},{"type":"Feature","properties":{"node_id":"2327839068","node_origin":"osm_node","degree":2,"is_intersection":false,"source":"OpenStreetMap"},"geometry":{"type":"Point","coordinates":[118.7981681,32.0418315]}},{"type":"Feature","properties":{"node_id":"2327839069","node_origin":"osm_node","degree":3,"is_intersection":true,"source":"OpenStreetMap"},"geometry":{"type":"Point","coordinates":[118.7975118,32.0419663]}},{"type":"Feature","properties":{"node_id":"2327840422","node_origin":"osm_node","degree":4,"is_intersection":true,"source":"OpenStreetMap"},"geometry":{"type":"Point","coordinates":[118.791783,32.0386034]}},{"type":"Feature","properties":{"node_id":"2327840423","node_origin":"osm_node","degree":2,"is_intersection":false,"source":"OpenStreetMap"},"geometry":{"type":"Point","coordinates":[118.7909581,32.0388478]}},{"type":"Feature","properties":{"node_id":"2327840425","node_origin":"osm_node","degree":2,"is_intersection":false,"source":"OpenStreetMap"},"geometry":{"type":"Point","coordinates":[118.79149,32.0377444]}},{"type":"Feature","properties":{"node_id":"2327925489","node_origin":"osm_node","degree":2,"is_intersection":false,"source":"OpenStreetMap"},"geometry":{"type":"Point","coordinates":[118.8184069,32.0595721]}},{"type":"Feature","properties":{"node_id":"2327925491","node_origin":"osm_node","degree":2,"is_intersection":false,"source":"OpenStreetMap"},"geometry":{"type":"Point","coordinates":[118.81847,32.0592163]}},{"type":"Feature","properties":{"node_id":"2327925493","node_origin":"osm_node","degree":2,"is_intersection":false,"source":"OpenStreetMap"},"geometry":{"type":"Point","coordinates":[118.8184623,32.0595041]}},{"type":"Feature","properties":{"node_id":"2327925495","node_origin":"osm_node","degree":2,"is_intersection":false,"source":"OpenStreetMap"},"geometry":{"type":"Point","coordinates":[118.8184386,32.0595384]}},{"type":"Feature","properties":{"node_id":"2327925498","node_origin":"osm_node","degree":2,"is_intersection":false,"source":"OpenStreetMap"},"geometry":{"type":"Point","coordinates":[118.8184847,32.059463]}},{"type":"Feature","properties":{"node_id":"2327925501","node_origin":"osm_node","degree":2,"is_intersection":false,"source":"OpenStreetMap"},"geometry":{"type":"Point","coordinates":[118.8184914,32.0592709]}},{"type":"Feature","properties":{"node_id":"2327925509","node_origin":"osm_node","degree":2,"is_intersection":false,"source":"OpenStreetMap"},"geometry":{"type":"Point","coordinates":[118.8184338,32.0591584]}},{"type":"Feature","properties":{"node_id":"2327925513","node_origin":"osm_node","degree":2,"is_intersection":false,"source":"OpenStreetMap"},"geometry":{"type":"Point","coordinates":[118.8183989,32.059114]}},{"type":"Feature","properties":{"node_id":"2327925515","node_origin":"osm_node","degree":2,"is_intersection":false,"source":"OpenStreetMap"},"geometry":{"type":"Point","coordinates":[118.8185008,32.059397]}},{"type":"Feature","properties":{"node_id":"2327925516","node_origin":"osm_node","degree":2,"is_intersection":false,"source":"OpenStreetMap"},"geometry":{"type":"Point","coordinates":[118.8185048,32.0593357]}},{"type":"Feature","properties":{"node_id":"2327948249","node_origin":"osm_node","degree":2,"is_intersection":false,"source":"OpenStreetMap"},"geometry":{"type":"Point","coordinates":[118.8267221,32.0537081]}},{"type":"Feature","properties":{"node_id":"2327948260","node_origin":"osm_node","degree":2,"is_intersection":false,"source":"OpenStreetMap"},"geometry":{"type":"Point","coordinates":[118.8262795,32.054131]}},{"type":"Feature","properties":{"node_id":"2327961097","node_origin":"osm_node","degree":3,"is_intersection":true,"source":"OpenStreetMap"},"geometry":{"type":"Point","coordinates":[118.7947547,32.0413779]}},{"type":"Feature","properties":{"node_id":"2327961099","node_origin":"osm_node","degree":2,"is_intersection":false,"source":"OpenStreetMap"},"geometry":{"type":"Point","coordinates":[118.7955351,32.0421806]}},{"type":"Feature","properties":{"node_id":"2327961100","node_origin":"osm_node","degree":2,"is_intersection":false,"source":"OpenStreetMap"},"geometry":{"type":"Point","coordinates":[118.794783,32.0415134]}},{"type":"Feature","properties":{"node_id":"2327961101","node_origin":"osm_node","degree":3,"is_intersection":true,"source":"OpenStreetMap"},"geometry":{"type":"Point","coordinates":[118.7961323,32.0411273]}},{"type":"Feature","properties":{"node_id":"2327961102","node_origin":"osm_node","degree":2,"is_intersection":false,"source":"OpenStreetMap"},"geometry":{"type":"Point","coordinates":[118.7946295,32.0420585]}},{"type":"Feature","properties":{"node_id":"2327961104","node_origin":"osm_node","degree":3,"is_intersection":true,"source":"OpenStreetMap"},"geometry":{"type":"Point","coordinates":[118.7944987,32.0403483]}},{"type":"Feature","properties":{"node_id":"2327961105","node_origin":"osm_node","degree":2,"is_intersection":false,"source":"OpenStreetMap"},"geometry":{"type":"Point","coordinates":[118.7955792,32.0421981]}},{"type":"Feature","properties":{"node_id":"2330394531","node_origin":"osm_node","degree":2,"is_intersection":false,"source":"OpenStreetMap"},"geometry":{"type":"Point","coordinates":[118.7982644,32.0379658]}},{"type":"Feature","properties":{"node_id":"2330394532","node_origin":"osm_node","degree":2,"is_intersection":false,"source":"OpenStreetMap"},"geometry":{"type":"Point","coordinates":[118.8010434,32.0365319]}},{"type":"Feature","properties":{"node_id":"2330394537","node_origin":"osm_node","degree":2,"is_intersection":false,"source":"OpenStreetMap"},"geometry":{"type":"Point","coordinates":[118.7989907,32.0403643]}},{"type":"Feature","properties":{"node_id":"2330394541","node_origin":"osm_node","degree":2,"is_intersection":false,"source":"OpenStreetMap"},"geometry":{"type":"Point","coordinates":[118.8012797,32.0420025]}},{"type":"Feature","properties":{"node_id":"2330394542","node_origin":"osm_node","degree":3,"is_intersection":true,"source":"OpenStreetMap"},"geometry":{"type":"Point","coordinates":[118.8012169,32.0408859]}},{"type":"Feature","properties":{"node_id":"2331788599","node_origin":"osm_node","degree":2,"is_intersection":false,"source":"OpenStreetMap"},"geometry":{"type":"Point","coordinates":[118.7940727,32.0380972]}},{"type":"Feature","properties":{"node_id":"2331788600","node_origin":"osm_node","degree":3,"is_intersection":true,"source":"OpenStreetMap"},"geometry":{"type":"Point","coordinates":[118.795426,32.0383342]}},{"type":"Feature","properties":{"node_id":"2331788603","node_origin":"osm_node","degree":3,"is_intersection":true,"source":"OpenStreetMap"},"geometry":{"type":"Point","coordinates":[118.7943237,32.0384986]}},{"type":"Feature","properties":{"node_id":"2331788605","node_origin":"osm_node","degree":3,"is_intersection":true,"source":"OpenStreetMap"},"geometry":{"type":"Point","coordinates":[118.7933568,32.0384391]}},{"type":"Feature","properties":{"node_id":"2331788606","node_origin":"osm_node","degree":3,"is_intersection":true,"source":"OpenStreetMap"},"geometry":{"type":"Point","coordinates":[118.7936214,32.0395263]}},{"type":"Feature","properties":{"node_id":"2331788607","node_origin":"osm_node","degree":2,"is_intersection":false,"source":"OpenStreetMap"},"geometry":{"type":"Point","coordinates":[118.7941334,32.0383197]}},{"type":"Feature","properties":{"node_id":"2338244214","node_origin":"osm_node","degree":2,"is_intersection":false,"source":"OpenStreetMap"},"geometry":{"type":"Point","coordinates":[118.7771265,32.0601466]}},{"type":"Feature","properties":{"node_id":"2338244226","node_origin":"osm_node","degree":2,"is_intersection":false,"source":"OpenStreetMap"},"geometry":{"type":"Point","coordinates":[118.7762916,32.0603602]}},{"type":"Feature","properties":{"node_id":"2338244232","node_origin":"osm_node","degree":2,"is_intersection":false,"source":"OpenStreetMap"},"geometry":{"type":"Point","coordinates":[118.7761774,32.0605219]}},{"type":"Feature","properties":{"node_id":"2338244240","node_origin":"osm_node","degree":3,"is_intersection":true,"source":"OpenStreetMap"},"geometry":{"type":"Point","coordinates":[118.7760963,32.0608346]}},{"type":"Feature","properties":{"node_id":"2338244242","node_origin":"osm_node","degree":2,"is_intersection":false,"source":"OpenStreetMap"},"geometry":{"type":"Point","coordinates":[118.776093,32.0610082]}},{"type":"Feature","properties":{"node_id":"2338244248","node_origin":"osm_node","degree":2,"is_intersection":false,"source":"OpenStreetMap"},"geometry":{"type":"Point","coordinates":[118.7761315,32.0611252]}},{"type":"Feature","properties":{"node_id":"2338244252","node_origin":"osm_node","degree":2,"is_intersection":false,"source":"OpenStreetMap"},"geometry":{"type":"Point","coordinates":[118.7762298,32.0612381]}},{"type":"Feature","properties":{"node_id":"2338244255","node_origin":"osm_node","degree":2,"is_intersection":false,"source":"OpenStreetMap"},"geometry":{"type":"Point","coordinates":[118.7763747,32.0613348]}},{"type":"Feature","properties":{"node_id":"2338244256","node_origin":"osm_node","degree":2,"is_intersection":false,"source":"OpenStreetMap"},"geometry":{"type":"Point","coordinates":[118.7768753,32.0613568]}},{"type":"Feature","properties":{"node_id":"2338244257","node_origin":"osm_node","degree":2,"is_intersection":false,"source":"OpenStreetMap"},"geometry":{"type":"Point","coordinates":[118.7767111,32.061399]}},{"type":"Feature","properties":{"node_id":"2416055031","node_origin":"osm_node","degree":3,"is_intersection":true,"source":"OpenStreetMap"},"geometry":{"type":"Point","coordinates":[118.7902274,32.0391064]}},{"type":"Feature","properties":{"node_id":"2416055032","node_origin":"osm_node","degree":3,"is_intersection":true,"source":"OpenStreetMap"},"geometry":{"type":"Point","coordinates":[118.7906641,32.0400975]}},{"type":"Feature","properties":{"node_id":"2416060742","node_origin":"osm_node","degree":3,"is_intersection":true,"source":"OpenStreetMap"},"geometry":{"type":"Point","coordinates":[118.7910743,32.0399611]}},{"type":"Feature","properties":{"node_id":"2416060743","node_origin":"osm_node","degree":3,"is_intersection":true,"source":"OpenStreetMap"},"geometry":{"type":"Point","coordinates":[118.791524,32.0410853]}},{"type":"Feature","properties":{"node_id":"2416060977","node_origin":"osm_node","degree":3,"is_intersection":true,"source":"OpenStreetMap"},"geometry":{"type":"Point","coordinates":[118.7916144,32.039792]}},{"type":"Feature","properties":{"node_id":"2416060978","node_origin":"osm_node","degree":2,"is_intersection":false,"source":"OpenStreetMap"},"geometry":{"type":"Point","coordinates":[118.7917762,32.0401086]}},{"type":"Feature","properties":{"node_id":"2416071142","node_origin":"osm_node","degree":2,"is_intersection":false,"source":"OpenStreetMap"},"geometry":{"type":"Point","coordinates":[118.7919239,32.0406403]}},{"type":"Feature","properties":{"node_id":"2416071145","node_origin":"osm_node","degree":2,"is_intersection":false,"source":"OpenStreetMap"},"geometry":{"type":"Point","coordinates":[118.7917776,32.0403645]}},{"type":"Feature","properties":{"node_id":"2416071146","node_origin":"osm_node","degree":1,"is_intersection":false,"source":"OpenStreetMap"},"geometry":{"type":"Point","coordinates":[118.7917831,32.0401567]}},{"type":"Feature","properties":{"node_id":"2416071149","node_origin":"osm_node","degree":2,"is_intersection":false,"source":"OpenStreetMap"},"geometry":{"type":"Point","coordinates":[118.7927036,32.0399173]}},{"type":"Feature","properties":{"node_id":"2416071150","node_origin":"osm_node","degree":3,"is_intersection":true,"source":"OpenStreetMap"},"geometry":{"type":"Point","coordinates":[118.7912893,32.0404566]}},{"type":"Feature","properties":{"node_id":"2416071151","node_origin":"osm_node","degree":3,"is_intersection":true,"source":"OpenStreetMap"},"geometry":{"type":"Point","coordinates":[118.7929635,32.0398428]}},{"type":"Feature","properties":{"node_id":"2416071153","node_origin":"osm_node","degree":3,"is_intersection":true,"source":"OpenStreetMap"},"geometry":{"type":"Point","coordinates":[118.7922782,32.0400257]}},{"type":"Feature","properties":{"node_id":"2416071154","node_origin":"osm_node","degree":2,"is_intersection":false,"source":"OpenStreetMap"},"geometry":{"type":"Point","coordinates":[118.7917514,32.0403015]}},{"type":"Feature","properties":{"node_id":"2448395559","node_origin":"osm_node","degree":2,"is_intersection":false,"source":"OpenStreetMap"},"geometry":{"type":"Point","coordinates":[118.7886993,32.0553124]}},{"type":"Feature","properties":{"node_id":"2449713767","node_origin":"osm_node","degree":2,"is_intersection":false,"source":"OpenStreetMap"},"geometry":{"type":"Point","coordinates":[118.7888454,32.0552881]}},{"type":"Feature","properties":{"node_id":"2451230789","node_origin":"osm_node","degree":2,"is_intersection":false,"source":"OpenStreetMap"},"geometry":{"type":"Point","coordinates":[118.78993,32.0502251]}},{"type":"Feature","properties":{"node_id":"2452391770","node_origin":"osm_node","degree":2,"is_intersection":false,"source":"OpenStreetMap"},"geometry":{"type":"Point","coordinates":[118.7915256,32.0548284]}},{"type":"Feature","properties":{"node_id":"2452391778","node_origin":"osm_node","degree":2,"is_intersection":false,"source":"OpenStreetMap"},"geometry":{"type":"Point","coordinates":[118.7899966,32.0500703]}},{"type":"Feature","properties":{"node_id":"2452391779","node_origin":"osm_node","degree":2,"is_intersection":false,"source":"OpenStreetMap"},"geometry":{"type":"Point","coordinates":[118.7905339,32.0506022]}},{"type":"Feature","properties":{"node_id":"2452391781","node_origin":"osm_node","degree":3,"is_intersection":true,"source":"OpenStreetMap"},"geometry":{"type":"Point","coordinates":[118.7902532,32.0523038]}},{"type":"Feature","properties":{"node_id":"2515885889","node_origin":"osm_node","degree":3,"is_intersection":true,"source":"OpenStreetMap"},"geometry":{"type":"Point","coordinates":[118.7907497,32.0413283]}},{"type":"Feature","properties":{"node_id":"2515900513","node_origin":"osm_node","degree":3,"is_intersection":true,"source":"OpenStreetMap"},"geometry":{"type":"Point","coordinates":[118.7898735,32.039218]}},{"type":"Feature","properties":{"node_id":"2515917928","node_origin":"osm_node","degree":4,"is_intersection":true,"source":"OpenStreetMap"},"geometry":{"type":"Point","coordinates":[118.7788141,32.0701338]}},{"type":"Feature","properties":{"node_id":"2519403619","node_origin":"osm_node","degree":4,"is_intersection":true,"source":"OpenStreetMap"},"geometry":{"type":"Point","coordinates":[118.7945941,32.0393504]}},{"type":"Feature","properties":{"node_id":"2519403621","node_origin":"osm_node","degree":3,"is_intersection":true,"source":"OpenStreetMap"},"geometry":{"type":"Point","coordinates":[118.7956089,32.039154]}},{"type":"Feature","properties":{"node_id":"2519403716","node_origin":"osm_node","degree":3,"is_intersection":true,"source":"OpenStreetMap"},"geometry":{"type":"Point","coordinates":[118.7963349,32.0419788]}},{"type":"Feature","properties":{"node_id":"2519403721","node_origin":"osm_node","degree":3,"is_intersection":true,"source":"OpenStreetMap"},"geometry":{"type":"Point","coordinates":[118.7935533,32.0417138]}},{"type":"Feature","properties":{"node_id":"2564546778","node_origin":"osm_node","degree":3,"is_intersection":true,"source":"OpenStreetMap"},"geometry":{"type":"Point","coordinates":[118.799008,32.0417254]}},{"type":"Feature","properties":{"node_id":"2593548621","node_origin":"osm_node","degree":2,"is_intersection":false,"source":"OpenStreetMap"},"geometry":{"type":"Point","coordinates":[118.7731945,32.0793646]}},{"type":"Feature","properties":{"node_id":"2593548688","node_origin":"osm_node","degree":2,"is_intersection":false,"source":"OpenStreetMap"},"geometry":{"type":"Point","coordinates":[118.7731691,32.0796595]}},{"type":"Feature","properties":{"node_id":"2593548691","node_origin":"osm_node","degree":4,"is_intersection":true,"source":"OpenStreetMap"},"geometry":{"type":"Point","coordinates":[118.775457,32.0794298]}},{"type":"Feature","properties":{"node_id":"2593548692","node_origin":"osm_node","degree":2,"is_intersection":false,"source":"OpenStreetMap"},"geometry":{"type":"Point","coordinates":[118.7756937,32.077588]}},{"type":"Feature","properties":{"node_id":"2593564525","node_origin":"osm_node","degree":3,"is_intersection":true,"source":"OpenStreetMap"},"geometry":{"type":"Point","coordinates":[118.8004207,32.0474786]}},{"type":"Feature","properties":{"node_id":"2593564528","node_origin":"osm_node","degree":4,"is_intersection":true,"source":"OpenStreetMap"},"geometry":{"type":"Point","coordinates":[118.8005309,32.047809]}},{"type":"Feature","properties":{"node_id":"2600805493","node_origin":"osm_node","degree":2,"is_intersection":false,"source":"OpenStreetMap"},"geometry":{"type":"Point","coordinates":[118.8187822,32.056886]}},{"type":"Feature","properties":{"node_id":"2600805495","node_origin":"osm_node","degree":2,"is_intersection":false,"source":"OpenStreetMap"},"geometry":{"type":"Point","coordinates":[118.8206866,32.0567912]}},{"type":"Feature","properties":{"node_id":"2600805496","node_origin":"osm_node","degree":2,"is_intersection":false,"source":"OpenStreetMap"},"geometry":{"type":"Point","coordinates":[118.8206907,32.0567906]}},{"type":"Feature","properties":{"node_id":"2600814252","node_origin":"osm_node","degree":2,"is_intersection":false,"source":"OpenStreetMap"},"geometry":{"type":"Point","coordinates":[118.8169138,32.060673]}},{"type":"Feature","properties":{"node_id":"2600814253","node_origin":"osm_node","degree":2,"is_intersection":false,"source":"OpenStreetMap"},"geometry":{"type":"Point","coordinates":[118.8173277,32.0605717]}},{"type":"Feature","properties":{"node_id":"2602828277","node_origin":"osm_node","degree":4,"is_intersection":true,"source":"OpenStreetMap"},"geometry":{"type":"Point","coordinates":[118.7674004,32.0795407]}},{"type":"Feature","properties":{"node_id":"2602857717","node_origin":"osm_node","degree":2,"is_intersection":false,"source":"OpenStreetMap"},"geometry":{"type":"Point","coordinates":[118.768516,32.0792816]}},{"type":"Feature","properties":{"node_id":"2602857720","node_origin":"osm_node","degree":2,"is_intersection":false,"source":"OpenStreetMap"},"geometry":{"type":"Point","coordinates":[118.7682713,32.0795729]}},{"type":"Feature","properties":{"node_id":"2602895106","node_origin":"osm_node","degree":2,"is_intersection":false,"source":"OpenStreetMap"},"geometry":{"type":"Point","coordinates":[118.8032589,32.0589916]}},{"type":"Feature","properties":{"node_id":"2602895109","node_origin":"osm_node","degree":2,"is_intersection":false,"source":"OpenStreetMap"},"geometry":{"type":"Point","coordinates":[118.8024999,32.0554231]}},{"type":"Feature","properties":{"node_id":"2602895111","node_origin":"osm_node","degree":2,"is_intersection":false,"source":"OpenStreetMap"},"geometry":{"type":"Point","coordinates":[118.8032035,32.0584865]}},{"type":"Feature","properties":{"node_id":"2602895120","node_origin":"osm_node","degree":2,"is_intersection":false,"source":"OpenStreetMap"},"geometry":{"type":"Point","coordinates":[118.8028634,32.0585238]}},{"type":"Feature","properties":{"node_id":"2602895123","node_origin":"osm_node","degree":1,"is_intersection":false,"source":"OpenStreetMap"},"geometry":{"type":"Point","coordinates":[118.8026015,32.0556675]}},{"type":"Feature","properties":{"node_id":"2602895125","node_origin":"osm_node","degree":1,"is_intersection":false,"source":"OpenStreetMap"},"geometry":{"type":"Point","coordinates":[118.8027954,32.0556676]}},{"type":"Feature","properties":{"node_id":"2602895129","node_origin":"osm_node","degree":1,"is_intersection":false,"source":"OpenStreetMap"},"geometry":{"type":"Point","coordinates":[118.8026209,32.0566013]}},{"type":"Feature","properties":{"node_id":"2602895130","node_origin":"osm_node","degree":1,"is_intersection":false,"source":"OpenStreetMap"},"geometry":{"type":"Point","coordinates":[118.8029989,32.0566046]}},{"type":"Feature","properties":{"node_id":"2602907224","node_origin":"osm_node","degree":2,"is_intersection":false,"source":"OpenStreetMap"},"geometry":{"type":"Point","coordinates":[118.7993254,32.042999]}},{"type":"Feature","properties":{"node_id":"2602907228","node_origin":"osm_node","degree":2,"is_intersection":false,"source":"OpenStreetMap"},"geometry":{"type":"Point","coordinates":[118.7988245,32.0411003]}},{"type":"Feature","properties":{"node_id":"2602907229","node_origin":"osm_node","degree":2,"is_intersection":false,"source":"OpenStreetMap"},"geometry":{"type":"Point","coordinates":[118.7994135,32.0433657]}},{"type":"Feature","properties":{"node_id":"2602907230","node_origin":"osm_node","degree":2,"is_intersection":false,"source":"OpenStreetMap"},"geometry":{"type":"Point","coordinates":[118.7996722,32.0433491]}},{"type":"Feature","properties":{"node_id":"2602907231","node_origin":"osm_node","degree":2,"is_intersection":false,"source":"OpenStreetMap"},"geometry":{"type":"Point","coordinates":[118.7993355,32.0416191]}},{"type":"Feature","properties":{"node_id":"2602907241","node_origin":"osm_node","degree":2,"is_intersection":false,"source":"OpenStreetMap"},"geometry":{"type":"Point","coordinates":[118.7989898,32.0416568]}},{"type":"Feature","properties":{"node_id":"2602907243","node_origin":"osm_node","degree":2,"is_intersection":false,"source":"OpenStreetMap"},"geometry":{"type":"Point","coordinates":[118.7973822,32.0357906]}},{"type":"Feature","properties":{"node_id":"2602907246","node_origin":"osm_node","degree":2,"is_intersection":false,"source":"OpenStreetMap"},"geometry":{"type":"Point","coordinates":[118.7977232,32.0357652]}},{"type":"Feature","properties":{"node_id":"2602915606","node_origin":"osm_node","degree":2,"is_intersection":false,"source":"OpenStreetMap"},"geometry":{"type":"Point","coordinates":[118.7973257,32.035426]}},{"type":"Feature","properties":{"node_id":"2602915612","node_origin":"osm_node","degree":2,"is_intersection":false,"source":"OpenStreetMap"},"geometry":{"type":"Point","coordinates":[118.7976536,32.0353981]}},{"type":"Feature","properties":{"node_id":"2615825253","node_origin":"osm_node","degree":2,"is_intersection":false,"source":"OpenStreetMap"},"geometry":{"type":"Point","coordinates":[118.7768032,32.0712708]}},{"type":"Feature","properties":{"node_id":"2615825254","node_origin":"osm_node","degree":2,"is_intersection":false,"source":"OpenStreetMap"},"geometry":{"type":"Point","coordinates":[118.7768189,32.0706176]}},{"type":"Feature","properties":{"node_id":"2615825261","node_origin":"osm_node","degree":2,"is_intersection":false,"source":"OpenStreetMap"},"geometry":{"type":"Point","coordinates":[118.7787302,32.0713361]}},{"type":"Feature","properties":{"node_id":"2706928970","node_origin":"osm_node","degree":3,"is_intersection":true,"source":"OpenStreetMap"},"geometry":{"type":"Point","coordinates":[118.7769964,32.0482637]}},{"type":"Feature","properties":{"node_id":"2706941726","node_origin":"osm_node","degree":3,"is_intersection":true,"source":"OpenStreetMap"},"geometry":{"type":"Point","coordinates":[118.778112,32.0493023]}},{"type":"Feature","properties":{"node_id":"2706941728","node_origin":"osm_node","degree":3,"is_intersection":true,"source":"OpenStreetMap"},"geometry":{"type":"Point","coordinates":[118.7788272,32.0491791]}},{"type":"Feature","properties":{"node_id":"2706941730","node_origin":"osm_node","degree":3,"is_intersection":true,"source":"OpenStreetMap"},"geometry":{"type":"Point","coordinates":[118.7779578,32.0487318]}},{"type":"Feature","properties":{"node_id":"2706941732","node_origin":"osm_node","degree":3,"is_intersection":true,"source":"OpenStreetMap"},"geometry":{"type":"Point","coordinates":[118.7788318,32.0486529]}},{"type":"Feature","properties":{"node_id":"2706951599","node_origin":"osm_node","degree":3,"is_intersection":true,"source":"OpenStreetMap"},"geometry":{"type":"Point","coordinates":[118.7810556,32.0494501]}},{"type":"Feature","properties":{"node_id":"2706951600","node_origin":"osm_node","degree":3,"is_intersection":true,"source":"OpenStreetMap"},"geometry":{"type":"Point","coordinates":[118.7801004,32.0475866]}},{"type":"Feature","properties":{"node_id":"2708840401","node_origin":"osm_node","degree":1,"is_intersection":false,"source":"OpenStreetMap"},"geometry":{"type":"Point","coordinates":[118.7670895,32.0631663]}},{"type":"Feature","properties":{"node_id":"2708840417","node_origin":"osm_node","degree":2,"is_intersection":false,"source":"OpenStreetMap"},"geometry":{"type":"Point","coordinates":[118.7669554,32.0620167]}},{"type":"Feature","properties":{"node_id":"2708840422","node_origin":"osm_node","degree":2,"is_intersection":false,"source":"OpenStreetMap"},"geometry":{"type":"Point","coordinates":[118.7669702,32.0620144]}},{"type":"Feature","properties":{"node_id":"2708840425","node_origin":"osm_node","degree":3,"is_intersection":true,"source":"OpenStreetMap"},"geometry":{"type":"Point","coordinates":[118.7669861,32.0613556]}},{"type":"Feature","properties":{"node_id":"2776786448","node_origin":"osm_node","degree":3,"is_intersection":true,"source":"OpenStreetMap"},"geometry":{"type":"Point","coordinates":[118.7776071,32.0472655]}},{"type":"Feature","properties":{"node_id":"2805288925","node_origin":"osm_node","degree":2,"is_intersection":false,"source":"OpenStreetMap"},"geometry":{"type":"Point","coordinates":[118.7941771,32.0523135]}},{"type":"Feature","properties":{"node_id":"2805288926","node_origin":"osm_node","degree":2,"is_intersection":false,"source":"OpenStreetMap"},"geometry":{"type":"Point","coordinates":[118.7943166,32.0523135]}},{"type":"Feature","properties":{"node_id":"2805288927","node_origin":"osm_node","degree":2,"is_intersection":false,"source":"OpenStreetMap"},"geometry":{"type":"Point","coordinates":[118.7944668,32.0527772]}},{"type":"Feature","properties":{"node_id":"2805288928","node_origin":"osm_node","degree":2,"is_intersection":false,"source":"OpenStreetMap"},"geometry":{"type":"Point","coordinates":[118.7947028,32.0527772]}},{"type":"Feature","properties":{"node_id":"2805288929","node_origin":"osm_node","degree":2,"is_intersection":false,"source":"OpenStreetMap"},"geometry":{"type":"Point","coordinates":[118.7947886,32.0528318]}},{"type":"Feature","properties":{"node_id":"2805288930","node_origin":"osm_node","degree":2,"is_intersection":false,"source":"OpenStreetMap"},"geometry":{"type":"Point","coordinates":[118.794971,32.0536229]}},{"type":"Feature","properties":{"node_id":"2805288931","node_origin":"osm_node","degree":2,"is_intersection":false,"source":"OpenStreetMap"},"geometry":{"type":"Point","coordinates":[118.7952178,32.0542958]}},{"type":"Feature","properties":{"node_id":"2805288932","node_origin":"osm_node","degree":2,"is_intersection":false,"source":"OpenStreetMap"},"geometry":{"type":"Point","coordinates":[118.7954944,32.0548984]}},{"type":"Feature","properties":{"node_id":"2805289105","node_origin":"osm_node","degree":2,"is_intersection":false,"source":"OpenStreetMap"},"geometry":{"type":"Point","coordinates":[118.7937462,32.0508973]}},{"type":"Feature","properties":{"node_id":"2805289107","node_origin":"osm_node","degree":2,"is_intersection":false,"source":"OpenStreetMap"},"geometry":{"type":"Point","coordinates":[118.7930508,32.0501831]}},{"type":"Feature","properties":{"node_id":"2805289454","node_origin":"osm_node","degree":2,"is_intersection":false,"source":"OpenStreetMap"},"geometry":{"type":"Point","coordinates":[118.7920212,32.0503467]}},{"type":"Feature","properties":{"node_id":"2847802599","node_origin":"osm_node","degree":2,"is_intersection":false,"source":"OpenStreetMap"},"geometry":{"type":"Point","coordinates":[118.7827339,32.0733363]}},{"type":"Feature","properties":{"node_id":"2847802600","node_origin":"osm_node","degree":2,"is_intersection":false,"source":"OpenStreetMap"},"geometry":{"type":"Point","coordinates":[118.7826695,32.0738272]}},{"type":"Feature","properties":{"node_id":"2847802701","node_origin":"osm_node","degree":2,"is_intersection":false,"source":"OpenStreetMap"},"geometry":{"type":"Point","coordinates":[118.7825301,32.0749182]}},{"type":"Feature","properties":{"node_id":"2847802702","node_origin":"osm_node","degree":2,"is_intersection":false,"source":"OpenStreetMap"},"geometry":{"type":"Point","coordinates":[118.7822846,32.0767943]}},{"type":"Feature","properties":{"node_id":"2847802703","node_origin":"osm_node","degree":2,"is_intersection":false,"source":"OpenStreetMap"},"geometry":{"type":"Point","coordinates":[118.7820594,32.0782884]}},{"type":"Feature","properties":{"node_id":"2847846296","node_origin":"osm_node","degree":2,"is_intersection":false,"source":"OpenStreetMap"},"geometry":{"type":"Point","coordinates":[118.8086416,32.0646902]}},{"type":"Feature","properties":{"node_id":"2847846297","node_origin":"osm_node","degree":2,"is_intersection":false,"source":"OpenStreetMap"},"geometry":{"type":"Point","coordinates":[118.8087736,32.064327]}},{"type":"Feature","properties":{"node_id":"2847846298","node_origin":"osm_node","degree":2,"is_intersection":false,"source":"OpenStreetMap"},"geometry":{"type":"Point","coordinates":[118.8086977,32.0638263]}},{"type":"Feature","properties":{"node_id":"2847846299","node_origin":"osm_node","degree":2,"is_intersection":false,"source":"OpenStreetMap"},"geometry":{"type":"Point","coordinates":[118.8085582,32.0635081]}},{"type":"Feature","properties":{"node_id":"2847846300","node_origin":"osm_node","degree":2,"is_intersection":false,"source":"OpenStreetMap"},"geometry":{"type":"Point","coordinates":[118.8078162,32.0613987]}},{"type":"Feature","properties":{"node_id":"2847846401","node_origin":"osm_node","degree":2,"is_intersection":false,"source":"OpenStreetMap"},"geometry":{"type":"Point","coordinates":[118.8076329,32.0609737]}},{"type":"Feature","properties":{"node_id":"2847860715","node_origin":"osm_node","degree":2,"is_intersection":false,"source":"OpenStreetMap"},"geometry":{"type":"Point","coordinates":[118.8062862,32.0668997]}},{"type":"Feature","properties":{"node_id":"2847860755","node_origin":"osm_node","degree":2,"is_intersection":false,"source":"OpenStreetMap"},"geometry":{"type":"Point","coordinates":[118.7789743,32.0798302]}},{"type":"Feature","properties":{"node_id":"2847865116","node_origin":"osm_node","degree":2,"is_intersection":false,"source":"OpenStreetMap"},"geometry":{"type":"Point","coordinates":[118.8095391,32.0644767]}},{"type":"Feature","properties":{"node_id":"2847883580","node_origin":"osm_node","degree":2,"is_intersection":false,"source":"OpenStreetMap"},"geometry":{"type":"Point","coordinates":[118.7820755,32.0782259]}},{"type":"Feature","properties":{"node_id":"2847883591","node_origin":"osm_node","degree":2,"is_intersection":false,"source":"OpenStreetMap"},"geometry":{"type":"Point","coordinates":[118.782267,32.0769407]}},{"type":"Feature","properties":{"node_id":"2861547790","node_origin":"osm_node","degree":2,"is_intersection":false,"source":"OpenStreetMap"},"geometry":{"type":"Point","coordinates":[118.8079999,32.0607206]}},{"type":"Feature","properties":{"node_id":"2867961567","node_origin":"osm_node","degree":2,"is_intersection":false,"source":"OpenStreetMap"},"geometry":{"type":"Point","coordinates":[118.8267852,32.04764]}},{"type":"Feature","properties":{"node_id":"2929122201","node_origin":"osm_node","degree":2,"is_intersection":false,"source":"OpenStreetMap"},"geometry":{"type":"Point","coordinates":[118.7906149,32.0621055]}},{"type":"Feature","properties":{"node_id":"2947711447","node_origin":"osm_node","degree":2,"is_intersection":false,"source":"OpenStreetMap"},"geometry":{"type":"Point","coordinates":[118.7958652,32.0846259]}},{"type":"Feature","properties":{"node_id":"29571639","node_origin":"osm_node","degree":4,"is_intersection":true,"source":"OpenStreetMap"},"geometry":{"type":"Point","coordinates":[118.7677743,32.0707247]}},{"type":"Feature","properties":{"node_id":"29571640","node_origin":"osm_node","degree":2,"is_intersection":false,"source":"OpenStreetMap"},"geometry":{"type":"Point","coordinates":[118.7688154,32.0697742]}},{"type":"Feature","properties":{"node_id":"29571641","node_origin":"osm_node","degree":4,"is_intersection":true,"source":"OpenStreetMap"},"geometry":{"type":"Point","coordinates":[118.7722501,32.0667692]}},{"type":"Feature","properties":{"node_id":"29571709","node_origin":"osm_node","degree":3,"is_intersection":true,"source":"OpenStreetMap"},"geometry":{"type":"Point","coordinates":[118.7765235,32.0629438]}},{"type":"Feature","properties":{"node_id":"29571711","node_origin":"osm_node","degree":2,"is_intersection":false,"source":"OpenStreetMap"},"geometry":{"type":"Point","coordinates":[118.7774646,32.0621169]}},{"type":"Feature","properties":{"node_id":"29571712","node_origin":"osm_node","degree":2,"is_intersection":false,"source":"OpenStreetMap"},"geometry":{"type":"Point","coordinates":[118.7780295,32.0616348]}},{"type":"Feature","properties":{"node_id":"304815366","node_origin":"osm_node","degree":2,"is_intersection":false,"source":"OpenStreetMap"},"geometry":{"type":"Point","coordinates":[118.7997252,32.0454464]}},{"type":"Feature","properties":{"node_id":"304815367","node_origin":"osm_node","degree":1,"is_intersection":false,"source":"OpenStreetMap"},"geometry":{"type":"Point","coordinates":[118.7979162,32.038056]}},{"type":"Feature","properties":{"node_id":"305196105","node_origin":"osm_node","degree":2,"is_intersection":false,"source":"OpenStreetMap"},"geometry":{"type":"Point","coordinates":[118.7681914,32.0445254]}},{"type":"Feature","properties":{"node_id":"305197185","node_origin":"osm_node","degree":2,"is_intersection":false,"source":"OpenStreetMap"},"geometry":{"type":"Point","coordinates":[118.7979945,32.0596241]}},{"type":"Feature","properties":{"node_id":"305197188","node_origin":"osm_node","degree":2,"is_intersection":false,"source":"OpenStreetMap"},"geometry":{"type":"Point","coordinates":[118.8018434,32.0593016]}},{"type":"Feature","properties":{"node_id":"305197308","node_origin":"osm_node","degree":3,"is_intersection":true,"source":"OpenStreetMap"},"geometry":{"type":"Point","coordinates":[118.7792803,32.0605559]}},{"type":"Feature","properties":{"node_id":"305197309","node_origin":"osm_node","degree":2,"is_intersection":false,"source":"OpenStreetMap"},"geometry":{"type":"Point","coordinates":[118.7806799,32.0604553]}},{"type":"Feature","properties":{"node_id":"305197310","node_origin":"osm_node","degree":4,"is_intersection":true,"source":"OpenStreetMap"},"geometry":{"type":"Point","coordinates":[118.7818755,32.0603691]}},{"type":"Feature","properties":{"node_id":"305197311","node_origin":"osm_node","degree":2,"is_intersection":false,"source":"OpenStreetMap"},"geometry":{"type":"Point","coordinates":[118.7890291,32.0599607]}},{"type":"Feature","properties":{"node_id":"305197312","node_origin":"osm_node","degree":2,"is_intersection":false,"source":"OpenStreetMap"},"geometry":{"type":"Point","coordinates":[118.7904868,32.0596005]}},{"type":"Feature","properties":{"node_id":"305197314","node_origin":"osm_node","degree":2,"is_intersection":false,"source":"OpenStreetMap"},"geometry":{"type":"Point","coordinates":[118.7909123,32.0593598]}},{"type":"Feature","properties":{"node_id":"305197317","node_origin":"osm_node","degree":2,"is_intersection":false,"source":"OpenStreetMap"},"geometry":{"type":"Point","coordinates":[118.7966056,32.0593588]}},{"type":"Feature","properties":{"node_id":"305197319","node_origin":"osm_node","degree":2,"is_intersection":false,"source":"OpenStreetMap"},"geometry":{"type":"Point","coordinates":[118.7969303,32.0593966]}},{"type":"Feature","properties":{"node_id":"305197320","node_origin":"osm_node","degree":2,"is_intersection":false,"source":"OpenStreetMap"},"geometry":{"type":"Point","coordinates":[118.7976706,32.0596432]}},{"type":"Feature","properties":{"node_id":"305197337","node_origin":"osm_node","degree":3,"is_intersection":true,"source":"OpenStreetMap"},"geometry":{"type":"Point","coordinates":[118.7787144,32.0602288]}},{"type":"Feature","properties":{"node_id":"305197339","node_origin":"osm_node","degree":2,"is_intersection":false,"source":"OpenStreetMap"},"geometry":{"type":"Point","coordinates":[118.7786456,32.0602787]}},{"type":"Feature","properties":{"node_id":"305197340","node_origin":"osm_node","degree":3,"is_intersection":true,"source":"OpenStreetMap"},"geometry":{"type":"Point","coordinates":[118.7784847,32.0605079]}},{"type":"Feature","properties":{"node_id":"305197341","node_origin":"osm_node","degree":2,"is_intersection":false,"source":"OpenStreetMap"},"geometry":{"type":"Point","coordinates":[118.7784758,32.0610894]}},{"type":"Feature","properties":{"node_id":"305197342","node_origin":"osm_node","degree":3,"is_intersection":true,"source":"OpenStreetMap"},"geometry":{"type":"Point","coordinates":[118.7785153,32.0612364]}},{"type":"Feature","properties":{"node_id":"305197343","node_origin":"osm_node","degree":2,"is_intersection":false,"source":"OpenStreetMap"},"geometry":{"type":"Point","coordinates":[118.778725,32.0613713]}},{"type":"Feature","properties":{"node_id":"305197346","node_origin":"osm_node","degree":3,"is_intersection":true,"source":"OpenStreetMap"},"geometry":{"type":"Point","coordinates":[118.778939,32.0613867]}},{"type":"Feature","properties":{"node_id":"305370185","node_origin":"osm_node","degree":3,"is_intersection":true,"source":"OpenStreetMap"},"geometry":{"type":"Point","coordinates":[118.7946255,32.0582339]}},{"type":"Feature","properties":{"node_id":"305370491","node_origin":"osm_node","degree":3,"is_intersection":true,"source":"OpenStreetMap"},"geometry":{"type":"Point","coordinates":[118.7936791,32.0584341]}},{"type":"Feature","properties":{"node_id":"305371123","node_origin":"osm_node","degree":3,"is_intersection":true,"source":"OpenStreetMap"},"geometry":{"type":"Point","coordinates":[118.7788181,32.0613844]}},{"type":"Feature","properties":{"node_id":"305371493","node_origin":"osm_node","degree":2,"is_intersection":false,"source":"OpenStreetMap"},"geometry":{"type":"Point","coordinates":[118.7689645,32.0589297]}},{"type":"Feature","properties":{"node_id":"305371543","node_origin":"osm_node","degree":2,"is_intersection":false,"source":"OpenStreetMap"},"geometry":{"type":"Point","coordinates":[118.7692035,32.0555518]}},{"type":"Feature","properties":{"node_id":"305371544","node_origin":"osm_node","degree":2,"is_intersection":false,"source":"OpenStreetMap"},"geometry":{"type":"Point","coordinates":[118.7689661,32.0559951]}},{"type":"Feature","properties":{"node_id":"305371545","node_origin":"osm_node","degree":4,"is_intersection":true,"source":"OpenStreetMap"},"geometry":{"type":"Point","coordinates":[118.7687531,32.0567883]}},{"type":"Feature","properties":{"node_id":"305371546","node_origin":"osm_node","degree":2,"is_intersection":false,"source":"OpenStreetMap"},"geometry":{"type":"Point","coordinates":[118.7687344,32.0572965]}},{"type":"Feature","properties":{"node_id":"305371547","node_origin":"osm_node","degree":2,"is_intersection":false,"source":"OpenStreetMap"},"geometry":{"type":"Point","coordinates":[118.7688596,32.058215]}},{"type":"Feature","properties":{"node_id":"305371780","node_origin":"osm_node","degree":4,"is_intersection":true,"source":"OpenStreetMap"},"geometry":{"type":"Point","coordinates":[118.7854527,32.0558273]}},{"type":"Feature","properties":{"node_id":"305371783","node_origin":"osm_node","degree":2,"is_intersection":false,"source":"OpenStreetMap"},"geometry":{"type":"Point","coordinates":[118.7856687,32.0575176]}},{"type":"Feature","properties":{"node_id":"305371784","node_origin":"osm_node","degree":2,"is_intersection":false,"source":"OpenStreetMap"},"geometry":{"type":"Point","coordinates":[118.7856817,32.0579822]}},{"type":"Feature","properties":{"node_id":"305371888","node_origin":"osm_node","degree":4,"is_intersection":true,"source":"OpenStreetMap"},"geometry":{"type":"Point","coordinates":[118.7839914,32.0498473]}},{"type":"Feature","properties":{"node_id":"305372933","node_origin":"osm_node","degree":2,"is_intersection":false,"source":"OpenStreetMap"},"geometry":{"type":"Point","coordinates":[118.7822711,32.0507991]}},{"type":"Feature","properties":{"node_id":"305372944","node_origin":"osm_node","degree":2,"is_intersection":false,"source":"OpenStreetMap"},"geometry":{"type":"Point","coordinates":[118.7820477,32.0517643]}},{"type":"Feature","properties":{"node_id":"305372994","node_origin":"osm_node","degree":4,"is_intersection":true,"source":"OpenStreetMap"},"geometry":{"type":"Point","coordinates":[118.7820616,32.0542951]}},{"type":"Feature","properties":{"node_id":"305372995","node_origin":"osm_node","degree":2,"is_intersection":false,"source":"OpenStreetMap"},"geometry":{"type":"Point","coordinates":[118.7820543,32.0527057]}},{"type":"Feature","properties":{"node_id":"305373185","node_origin":"osm_node","degree":3,"is_intersection":true,"source":"OpenStreetMap"},"geometry":{"type":"Point","coordinates":[118.7805357,32.0522477]}},{"type":"Feature","properties":{"node_id":"305373706","node_origin":"osm_node","degree":2,"is_intersection":false,"source":"OpenStreetMap"},"geometry":{"type":"Point","coordinates":[118.7801897,32.0695521]}},{"type":"Feature","properties":{"node_id":"305373707","node_origin":"osm_node","degree":2,"is_intersection":false,"source":"OpenStreetMap"},"geometry":{"type":"Point","coordinates":[118.7802678,32.0691691]}},{"type":"Feature","properties":{"node_id":"305373709","node_origin":"osm_node","degree":2,"is_intersection":false,"source":"OpenStreetMap"},"geometry":{"type":"Point","coordinates":[118.7803472,32.0687197]}},{"type":"Feature","properties":{"node_id":"305373710","node_origin":"osm_node","degree":2,"is_intersection":false,"source":"OpenStreetMap"},"geometry":{"type":"Point","coordinates":[118.7806476,32.0677378]}},{"type":"Feature","properties":{"node_id":"305373711","node_origin":"osm_node","degree":2,"is_intersection":false,"source":"OpenStreetMap"},"geometry":{"type":"Point","coordinates":[118.7809551,32.0667866]}},{"type":"Feature","properties":{"node_id":"305373713","node_origin":"osm_node","degree":2,"is_intersection":false,"source":"OpenStreetMap"},"geometry":{"type":"Point","coordinates":[118.7811418,32.0658171]}},{"type":"Feature","properties":{"node_id":"305373715","node_origin":"osm_node","degree":2,"is_intersection":false,"source":"OpenStreetMap"},"geometry":{"type":"Point","coordinates":[118.7817205,32.0615551]}},{"type":"Feature","properties":{"node_id":"305373716","node_origin":"osm_node","degree":2,"is_intersection":false,"source":"OpenStreetMap"},"geometry":{"type":"Point","coordinates":[118.7817909,32.0609434]}},{"type":"Feature","properties":{"node_id":"305374005","node_origin":"osm_node","degree":4,"is_intersection":true,"source":"OpenStreetMap"},"geometry":{"type":"Point","coordinates":[118.7789481,32.0701491]}},{"type":"Feature","properties":{"node_id":"305374006","node_origin":"osm_node","degree":2,"is_intersection":false,"source":"OpenStreetMap"},"geometry":{"type":"Point","coordinates":[118.7791198,32.0701526]}},{"type":"Feature","properties":{"node_id":"305374007","node_origin":"osm_node","degree":2,"is_intersection":false,"source":"OpenStreetMap"},"geometry":{"type":"Point","coordinates":[118.7794117,32.0701744]}},{"type":"Feature","properties":{"node_id":"305374008","node_origin":"osm_node","degree":2,"is_intersection":false,"source":"OpenStreetMap"},"geometry":{"type":"Point","coordinates":[118.7796091,32.0701889]}},{"type":"Feature","properties":{"node_id":"305374009","node_origin":"osm_node","degree":2,"is_intersection":false,"source":"OpenStreetMap"},"geometry":{"type":"Point","coordinates":[118.7797722,32.0701744]}},{"type":"Feature","properties":{"node_id":"305374011","node_origin":"osm_node","degree":3,"is_intersection":true,"source":"OpenStreetMap"},"geometry":{"type":"Point","coordinates":[118.780098,32.0701931]}},{"type":"Feature","properties":{"node_id":"305374013","node_origin":"osm_node","degree":2,"is_intersection":false,"source":"OpenStreetMap"},"geometry":{"type":"Point","coordinates":[118.780161,32.069846]}},{"type":"Feature","properties":{"node_id":"305379559","node_origin":"osm_node","degree":2,"is_intersection":false,"source":"OpenStreetMap"},"geometry":{"type":"Point","coordinates":[118.7910016,32.0628797]}},{"type":"Feature","properties":{"node_id":"305379561","node_origin":"osm_node","degree":2,"is_intersection":false,"source":"OpenStreetMap"},"geometry":{"type":"Point","coordinates":[118.790343,32.0615534]}},{"type":"Feature","properties":{"node_id":"305379562","node_origin":"osm_node","degree":2,"is_intersection":false,"source":"OpenStreetMap"},"geometry":{"type":"Point","coordinates":[118.7901027,32.0610806]}},{"type":"Feature","properties":{"node_id":"305379563","node_origin":"osm_node","degree":3,"is_intersection":true,"source":"OpenStreetMap"},"geometry":{"type":"Point","coordinates":[118.7897356,32.0606058]}},{"type":"Feature","properties":{"node_id":"305379564","node_origin":"osm_node","degree":2,"is_intersection":false,"source":"OpenStreetMap"},"geometry":{"type":"Point","coordinates":[118.7892593,32.0604442]}},{"type":"Feature","properties":{"node_id":"305379565","node_origin":"osm_node","degree":3,"is_intersection":true,"source":"OpenStreetMap"},"geometry":{"type":"Point","coordinates":[118.7892419,32.0599519]}},{"type":"Feature","properties":{"node_id":"3064288739","node_origin":"osm_node","degree":2,"is_intersection":false,"source":"OpenStreetMap"},"geometry":{"type":"Point","coordinates":[118.7766212,32.0740182]}},{"type":"Feature","properties":{"node_id":"3064288740","node_origin":"osm_node","degree":2,"is_intersection":false,"source":"OpenStreetMap"},"geometry":{"type":"Point","coordinates":[118.7760043,32.0758001]}},{"type":"Feature","properties":{"node_id":"3064288742","node_origin":"osm_node","degree":2,"is_intersection":false,"source":"OpenStreetMap"},"geometry":{"type":"Point","coordinates":[118.7761169,32.0747749]}},{"type":"Feature","properties":{"node_id":"3064288743","node_origin":"osm_node","degree":2,"is_intersection":false,"source":"OpenStreetMap"},"geometry":{"type":"Point","coordinates":[118.7760794,32.0750365]}},{"type":"Feature","properties":{"node_id":"3064288744","node_origin":"osm_node","degree":2,"is_intersection":false,"source":"OpenStreetMap"},"geometry":{"type":"Point","coordinates":[118.7765568,32.0744112]}},{"type":"Feature","properties":{"node_id":"3064288746","node_origin":"osm_node","degree":2,"is_intersection":false,"source":"OpenStreetMap"},"geometry":{"type":"Point","coordinates":[118.7765783,32.0742001]}},{"type":"Feature","properties":{"node_id":"3064288747","node_origin":"osm_node","degree":2,"is_intersection":false,"source":"OpenStreetMap"},"geometry":{"type":"Point","coordinates":[118.7760418,32.0754522]}},{"type":"Feature","properties":{"node_id":"3064288748","node_origin":"osm_node","degree":2,"is_intersection":false,"source":"OpenStreetMap"},"geometry":{"type":"Point","coordinates":[118.7760633,32.0753294]}},{"type":"Feature","properties":{"node_id":"3064288749","node_origin":"osm_node","degree":2,"is_intersection":false,"source":"OpenStreetMap"},"geometry":{"type":"Point","coordinates":[118.7765032,32.074791]}},{"type":"Feature","properties":{"node_id":"3064288750","node_origin":"osm_node","degree":2,"is_intersection":false,"source":"OpenStreetMap"},"geometry":{"type":"Point","coordinates":[118.7765729,32.0745567]}},{"type":"Feature","properties":{"node_id":"3064288753","node_origin":"osm_node","degree":2,"is_intersection":false,"source":"OpenStreetMap"},"geometry":{"type":"Point","coordinates":[118.776648,32.0738476]}},{"type":"Feature","properties":{"node_id":"3064288754","node_origin":"osm_node","degree":2,"is_intersection":false,"source":"OpenStreetMap"},"geometry":{"type":"Point","coordinates":[118.7765246,32.0747294]}},{"type":"Feature","properties":{"node_id":"3064288755","node_origin":"osm_node","degree":2,"is_intersection":false,"source":"OpenStreetMap"},"geometry":{"type":"Point","coordinates":[118.7759936,32.0758933]}},{"type":"Feature","properties":{"node_id":"3064289165","node_origin":"osm_node","degree":2,"is_intersection":false,"source":"OpenStreetMap"},"geometry":{"type":"Point","coordinates":[118.7746471,32.0831883]}},{"type":"Feature","properties":{"node_id":"3064289166","node_origin":"osm_node","degree":2,"is_intersection":false,"source":"OpenStreetMap"},"geometry":{"type":"Point","coordinates":[118.7787714,32.0810261]}},{"type":"Feature","properties":{"node_id":"3064289167","node_origin":"osm_node","degree":2,"is_intersection":false,"source":"OpenStreetMap"},"geometry":{"type":"Point","coordinates":[118.778429,32.0834292]}},{"type":"Feature","properties":{"node_id":"3064289168","node_origin":"osm_node","degree":2,"is_intersection":false,"source":"OpenStreetMap"},"geometry":{"type":"Point","coordinates":[118.772496,32.0830974]}},{"type":"Feature","properties":{"node_id":"3064289169","node_origin":"osm_node","degree":2,"is_intersection":false,"source":"OpenStreetMap"},"geometry":{"type":"Point","coordinates":[118.77734,32.0833383]}},{"type":"Feature","properties":{"node_id":"3064289170","node_origin":"osm_node","degree":3,"is_intersection":true,"source":"OpenStreetMap"},"geometry":{"type":"Point","coordinates":[118.7709027,32.0829793]}},{"type":"Feature","properties":{"node_id":"3064289171","node_origin":"osm_node","degree":2,"is_intersection":false,"source":"OpenStreetMap"},"geometry":{"type":"Point","coordinates":[118.7767607,32.0833383]}},{"type":"Feature","properties":{"node_id":"3064289172","node_origin":"osm_node","degree":2,"is_intersection":false,"source":"OpenStreetMap"},"geometry":{"type":"Point","coordinates":[118.7754839,32.0832565]}},{"type":"Feature","properties":{"node_id":"3064289173","node_origin":"osm_node","degree":2,"is_intersection":false,"source":"OpenStreetMap"},"geometry":{"type":"Point","coordinates":[118.7761277,32.0833156]}},{"type":"Feature","properties":{"node_id":"3064289175","node_origin":"osm_node","degree":2,"is_intersection":false,"source":"OpenStreetMap"},"geometry":{"type":"Point","coordinates":[118.773306,32.0831383]}},{"type":"Feature","properties":{"node_id":"3064289178","node_origin":"osm_node","degree":4,"is_intersection":true,"source":"OpenStreetMap"},"geometry":{"type":"Point","coordinates":[118.7787723,32.0834474]}},{"type":"Feature","properties":{"node_id":"3064289180","node_origin":"osm_node","degree":2,"is_intersection":false,"source":"OpenStreetMap"},"geometry":{"type":"Point","coordinates":[118.7709671,32.0829838]}},{"type":"Feature","properties":{"node_id":"3064289181","node_origin":"osm_node","degree":2,"is_intersection":false,"source":"OpenStreetMap"},"geometry":{"type":"Point","coordinates":[118.7718147,32.0830065]}},{"type":"Feature","properties":{"node_id":"3064289182","node_origin":"osm_node","degree":2,"is_intersection":false,"source":"OpenStreetMap"},"geometry":{"type":"Point","coordinates":[118.7738425,32.0831542]}},{"type":"Feature","properties":{"node_id":"3064289183","node_origin":"osm_node","degree":2,"is_intersection":false,"source":"OpenStreetMap"},"geometry":{"type":"Point","coordinates":[118.7713587,32.083002]}},{"type":"Feature","properties":{"node_id":"3064289184","node_origin":"osm_node","degree":2,"is_intersection":false,"source":"OpenStreetMap"},"geometry":{"type":"Point","coordinates":[118.7753324,32.0808253]}},{"type":"Feature","properties":{"node_id":"3141358986","node_origin":"osm_node","degree":3,"is_intersection":true,"source":"OpenStreetMap"},"geometry":{"type":"Point","coordinates":[118.7770987,32.0833383]}},{"type":"Feature","properties":{"node_id":"3141358987","node_origin":"osm_node","degree":2,"is_intersection":false,"source":"OpenStreetMap"},"geometry":{"type":"Point","coordinates":[118.7770824,32.0846061]}},{"type":"Feature","properties":{"node_id":"3141360428","node_origin":"osm_node","degree":2,"is_intersection":false,"source":"OpenStreetMap"},"geometry":{"type":"Point","coordinates":[118.7765675,32.074943]}},{"type":"Feature","properties":{"node_id":"3141360929","node_origin":"osm_node","degree":1,"is_intersection":false,"source":"OpenStreetMap"},"geometry":{"type":"Point","coordinates":[118.7765662,32.0748859]}},{"type":"Feature","properties":{"node_id":"3141394023","node_origin":"osm_node","degree":1,"is_intersection":false,"source":"OpenStreetMap"},"geometry":{"type":"Point","coordinates":[118.8047967,32.0715532]}},{"type":"Feature","properties":{"node_id":"3146917123","node_origin":"osm_node","degree":2,"is_intersection":false,"source":"OpenStreetMap"},"geometry":{"type":"Point","coordinates":[118.8047767,32.0796017]}},{"type":"Feature","properties":{"node_id":"3153662804","node_origin":"osm_node","degree":4,"is_intersection":true,"source":"OpenStreetMap"},"geometry":{"type":"Point","coordinates":[118.8010747,32.0378902]}},{"type":"Feature","properties":{"node_id":"3153662809","node_origin":"osm_node","degree":1,"is_intersection":false,"source":"OpenStreetMap"},"geometry":{"type":"Point","coordinates":[118.7988261,32.0398162]}},{"type":"Feature","properties":{"node_id":"3153662810","node_origin":"osm_node","degree":1,"is_intersection":false,"source":"OpenStreetMap"},"geometry":{"type":"Point","coordinates":[118.7984898,32.0399033]}},{"type":"Feature","properties":{"node_id":"3153663266","node_origin":"osm_node","degree":3,"is_intersection":true,"source":"OpenStreetMap"},"geometry":{"type":"Point","coordinates":[118.8024044,32.0547633]}},{"type":"Feature","properties":{"node_id":"3182215119","node_origin":"osm_node","degree":1,"is_intersection":false,"source":"OpenStreetMap"},"geometry":{"type":"Point","coordinates":[118.7774798,32.0758581]}},{"type":"Feature","properties":{"node_id":"3182215121","node_origin":"osm_node","degree":3,"is_intersection":true,"source":"OpenStreetMap"},"geometry":{"type":"Point","coordinates":[118.7775591,32.073661]}},{"type":"Feature","properties":{"node_id":"3199829581","node_origin":"osm_node","degree":4,"is_intersection":true,"source":"OpenStreetMap"},"geometry":{"type":"Point","coordinates":[118.7789858,32.0852564]}},{"type":"Feature","properties":{"node_id":"3239093499","node_origin":"osm_node","degree":4,"is_intersection":true,"source":"OpenStreetMap"},"geometry":{"type":"Point","coordinates":[118.7721935,32.0667123]}},{"type":"Feature","properties":{"node_id":"3239093500","node_origin":"osm_node","degree":5,"is_intersection":true,"source":"OpenStreetMap"},"geometry":{"type":"Point","coordinates":[118.775253,32.0640663]}},{"type":"Feature","properties":{"node_id":"3239093502","node_origin":"osm_node","degree":3,"is_intersection":true,"source":"OpenStreetMap"},"geometry":{"type":"Point","coordinates":[118.785709,32.0600696]}},{"type":"Feature","properties":{"node_id":"3239093504","node_origin":"osm_node","degree":3,"is_intersection":true,"source":"OpenStreetMap"},"geometry":{"type":"Point","coordinates":[118.800652,32.0593951]}},{"type":"Feature","properties":{"node_id":"3240509445","node_origin":"osm_node","degree":2,"is_intersection":false,"source":"OpenStreetMap"},"geometry":{"type":"Point","coordinates":[118.7787977,32.0736465]}},{"type":"Feature","properties":{"node_id":"3244273983","node_origin":"osm_node","degree":4,"is_intersection":true,"source":"OpenStreetMap"},"geometry":{"type":"Point","coordinates":[118.7933121,32.0382435]}},{"type":"Feature","properties":{"node_id":"3244273984","node_origin":"osm_node","degree":2,"is_intersection":false,"source":"OpenStreetMap"},"geometry":{"type":"Point","coordinates":[118.7932769,32.0380938]}},{"type":"Feature","properties":{"node_id":"3244273985","node_origin":"osm_node","degree":3,"is_intersection":true,"source":"OpenStreetMap"},"geometry":{"type":"Point","coordinates":[118.7953081,32.0378313]}},{"type":"Feature","properties":{"node_id":"3245678076","node_origin":"osm_node","degree":2,"is_intersection":false,"source":"OpenStreetMap"},"geometry":{"type":"Point","coordinates":[118.7945718,32.0392516]}},{"type":"Feature","properties":{"node_id":"3245678117","node_origin":"osm_node","degree":2,"is_intersection":false,"source":"OpenStreetMap"},"geometry":{"type":"Point","coordinates":[118.7948194,32.0379318]}},{"type":"Feature","properties":{"node_id":"3245880272","node_origin":"osm_node","degree":4,"is_intersection":true,"source":"OpenStreetMap"},"geometry":{"type":"Point","coordinates":[118.7961248,32.0373888]}},{"type":"Feature","properties":{"node_id":"3245880273","node_origin":"osm_node","degree":2,"is_intersection":false,"source":"OpenStreetMap"},"geometry":{"type":"Point","coordinates":[118.7965273,32.0373151]}},{"type":"Feature","properties":{"node_id":"3245880274","node_origin":"osm_node","degree":2,"is_intersection":false,"source":"OpenStreetMap"},"geometry":{"type":"Point","coordinates":[118.79673,32.0379461]}},{"type":"Feature","properties":{"node_id":"3245880275","node_origin":"osm_node","degree":2,"is_intersection":false,"source":"OpenStreetMap"},"geometry":{"type":"Point","coordinates":[118.7969707,32.0387087]}},{"type":"Feature","properties":{"node_id":"3245880276","node_origin":"osm_node","degree":2,"is_intersection":false,"source":"OpenStreetMap"},"geometry":{"type":"Point","coordinates":[118.7973128,32.0397076]}},{"type":"Feature","properties":{"node_id":"3245880277","node_origin":"osm_node","degree":2,"is_intersection":false,"source":"OpenStreetMap"},"geometry":{"type":"Point","coordinates":[118.7976708,32.0409374]}},{"type":"Feature","properties":{"node_id":"3245880278","node_origin":"osm_node","degree":2,"is_intersection":false,"source":"OpenStreetMap"},"geometry":{"type":"Point","coordinates":[118.7978609,32.0415603]}},{"type":"Feature","properties":{"node_id":"3245880279","node_origin":"osm_node","degree":3,"is_intersection":true,"source":"OpenStreetMap"},"geometry":{"type":"Point","coordinates":[118.7979587,32.0418788]}},{"type":"Feature","properties":{"node_id":"3245922421","node_origin":"osm_node","degree":2,"is_intersection":false,"source":"OpenStreetMap"},"geometry":{"type":"Point","coordinates":[118.7944554,32.0389389]}},{"type":"Feature","properties":{"node_id":"3245923040","node_origin":"osm_node","degree":3,"is_intersection":true,"source":"OpenStreetMap"},"geometry":{"type":"Point","coordinates":[118.7887476,32.0378839]}},{"type":"Feature","properties":{"node_id":"3245923041","node_origin":"osm_node","degree":2,"is_intersection":false,"source":"OpenStreetMap"},"geometry":{"type":"Point","coordinates":[118.7888645,32.0378119]}},{"type":"Feature","properties":{"node_id":"3245923042","node_origin":"osm_node","degree":2,"is_intersection":false,"source":"OpenStreetMap"},"geometry":{"type":"Point","coordinates":[118.7890592,32.0377249]}},{"type":"Feature","properties":{"node_id":"3245923043","node_origin":"osm_node","degree":2,"is_intersection":false,"source":"OpenStreetMap"},"geometry":{"type":"Point","coordinates":[118.7901847,32.0374159]}},{"type":"Feature","properties":{"node_id":"3245923044","node_origin":"osm_node","degree":2,"is_intersection":false,"source":"OpenStreetMap"},"geometry":{"type":"Point","coordinates":[118.7902059,32.0373619]}},{"type":"Feature","properties":{"node_id":"3245923045","node_origin":"osm_node","degree":2,"is_intersection":false,"source":"OpenStreetMap"},"geometry":{"type":"Point","coordinates":[118.7897883,32.0361648]}},{"type":"Feature","properties":{"node_id":"3245923046","node_origin":"osm_node","degree":3,"is_intersection":true,"source":"OpenStreetMap"},"geometry":{"type":"Point","coordinates":[118.7897059,32.0358316]}},{"type":"Feature","properties":{"node_id":"3245923047","node_origin":"osm_node","degree":2,"is_intersection":false,"source":"OpenStreetMap"},"geometry":{"type":"Point","coordinates":[118.7900026,32.0367792]}},{"type":"Feature","properties":{"node_id":"3245931677","node_origin":"osm_node","degree":3,"is_intersection":true,"source":"OpenStreetMap"},"geometry":{"type":"Point","coordinates":[118.7948526,32.0402793]}},{"type":"Feature","properties":{"node_id":"3245931731","node_origin":"osm_node","degree":2,"is_intersection":false,"source":"OpenStreetMap"},"geometry":{"type":"Point","coordinates":[118.7947456,32.039906]}},{"type":"Feature","properties":{"node_id":"3245931732","node_origin":"osm_node","degree":2,"is_intersection":false,"source":"OpenStreetMap"},"geometry":{"type":"Point","coordinates":[118.7946888,32.0397105]}},{"type":"Feature","properties":{"node_id":"3245931875","node_origin":"osm_node","degree":3,"is_intersection":true,"source":"OpenStreetMap"},"geometry":{"type":"Point","coordinates":[118.7944893,32.0440801]}},{"type":"Feature","properties":{"node_id":"3245931876","node_origin":"osm_node","degree":3,"is_intersection":true,"source":"OpenStreetMap"},"geometry":{"type":"Point","coordinates":[118.7995295,32.044106]}},{"type":"Feature","properties":{"node_id":"3247460927","node_origin":"osm_node","degree":3,"is_intersection":true,"source":"OpenStreetMap"},"geometry":{"type":"Point","coordinates":[118.7949242,32.0379101]}},{"type":"Feature","properties":{"node_id":"3247460928","node_origin":"osm_node","degree":2,"is_intersection":false,"source":"OpenStreetMap"},"geometry":{"type":"Point","coordinates":[118.794966,32.0380587]}},{"type":"Feature","properties":{"node_id":"3247460929","node_origin":"osm_node","degree":2,"is_intersection":false,"source":"OpenStreetMap"},"geometry":{"type":"Point","coordinates":[118.7950018,32.038049]}},{"type":"Feature","properties":{"node_id":"3247460930","node_origin":"osm_node","degree":1,"is_intersection":false,"source":"OpenStreetMap"},"geometry":{"type":"Point","coordinates":[118.7950246,32.0381236]}},{"type":"Feature","properties":{"node_id":"3250733100","node_origin":"osm_node","degree":2,"is_intersection":false,"source":"OpenStreetMap"},"geometry":{"type":"Point","coordinates":[118.7774051,32.0465045]}},{"type":"Feature","properties":{"node_id":"3250734764","node_origin":"osm_node","degree":3,"is_intersection":true,"source":"OpenStreetMap"},"geometry":{"type":"Point","coordinates":[118.7764172,32.0462254]}},{"type":"Feature","properties":{"node_id":"3254719194","node_origin":"osm_node","degree":2,"is_intersection":false,"source":"OpenStreetMap"},"geometry":{"type":"Point","coordinates":[118.7980386,32.0441432]}},{"type":"Feature","properties":{"node_id":"3254726163","node_origin":"osm_node","degree":2,"is_intersection":false,"source":"OpenStreetMap"},"geometry":{"type":"Point","coordinates":[118.8020603,32.0519458]}},{"type":"Feature","properties":{"node_id":"3254726169","node_origin":"osm_node","degree":2,"is_intersection":false,"source":"OpenStreetMap"},"geometry":{"type":"Point","coordinates":[118.8118001,32.0511743]}},{"type":"Feature","properties":{"node_id":"3254726170","node_origin":"osm_node","degree":3,"is_intersection":true,"source":"OpenStreetMap"},"geometry":{"type":"Point","coordinates":[118.7965566,32.0495532]}},{"type":"Feature","properties":{"node_id":"3254726175","node_origin":"osm_node","degree":2,"is_intersection":false,"source":"OpenStreetMap"},"geometry":{"type":"Point","coordinates":[118.7977239,32.0551607]}},{"type":"Feature","properties":{"node_id":"3261333962","node_origin":"osm_node","degree":2,"is_intersection":false,"source":"OpenStreetMap"},"geometry":{"type":"Point","coordinates":[118.8029189,32.059386]}},{"type":"Feature","properties":{"node_id":"3261333966","node_origin":"osm_node","degree":2,"is_intersection":false,"source":"OpenStreetMap"},"geometry":{"type":"Point","coordinates":[118.8061861,32.0594153]}},{"type":"Feature","properties":{"node_id":"3261333967","node_origin":"osm_node","degree":2,"is_intersection":false,"source":"OpenStreetMap"},"geometry":{"type":"Point","coordinates":[118.8073357,32.0592948]}},{"type":"Feature","properties":{"node_id":"3261333969","node_origin":"osm_node","degree":2,"is_intersection":false,"source":"OpenStreetMap"},"geometry":{"type":"Point","coordinates":[118.8076824,32.059493]}},{"type":"Feature","properties":{"node_id":"3261333970","node_origin":"osm_node","degree":2,"is_intersection":false,"source":"OpenStreetMap"},"geometry":{"type":"Point","coordinates":[118.8077307,32.0596202]}},{"type":"Feature","properties":{"node_id":"3261333971","node_origin":"osm_node","degree":3,"is_intersection":true,"source":"OpenStreetMap"},"geometry":{"type":"Point","coordinates":[118.807886,32.060414]}},{"type":"Feature","properties":{"node_id":"3261333972","node_origin":"osm_node","degree":2,"is_intersection":false,"source":"OpenStreetMap"},"geometry":{"type":"Point","coordinates":[118.8081861,32.0611755]}},{"type":"Feature","properties":{"node_id":"3261333973","node_origin":"osm_node","degree":2,"is_intersection":false,"source":"OpenStreetMap"},"geometry":{"type":"Point","coordinates":[118.8085515,32.0622544]}},{"type":"Feature","properties":{"node_id":"3261333974","node_origin":"osm_node","degree":2,"is_intersection":false,"source":"OpenStreetMap"},"geometry":{"type":"Point","coordinates":[118.8090284,32.0636495]}},{"type":"Feature","properties":{"node_id":"3261333975","node_origin":"osm_node","degree":2,"is_intersection":false,"source":"OpenStreetMap"},"geometry":{"type":"Point","coordinates":[118.8091394,32.0639616]}},{"type":"Feature","properties":{"node_id":"3261333976","node_origin":"osm_node","degree":2,"is_intersection":false,"source":"OpenStreetMap"},"geometry":{"type":"Point","coordinates":[118.8094053,32.0647349]}},{"type":"Feature","properties":{"node_id":"3261333978","node_origin":"osm_node","degree":2,"is_intersection":false,"source":"OpenStreetMap"},"geometry":{"type":"Point","coordinates":[118.8103473,32.0672606]}},{"type":"Feature","properties":{"node_id":"3261333986","node_origin":"osm_node","degree":2,"is_intersection":false,"source":"OpenStreetMap"},"geometry":{"type":"Point","coordinates":[118.7995926,32.0594902]}},{"type":"Feature","properties":{"node_id":"3263018565","node_origin":"osm_node","degree":2,"is_intersection":false,"source":"OpenStreetMap"},"geometry":{"type":"Point","coordinates":[118.7990283,32.0441229]}},{"type":"Feature","properties":{"node_id":"3263018566","node_origin":"osm_node","degree":2,"is_intersection":false,"source":"OpenStreetMap"},"geometry":{"type":"Point","coordinates":[118.799357,32.0441093]}},{"type":"Feature","properties":{"node_id":"3263018567","node_origin":"osm_node","degree":2,"is_intersection":false,"source":"OpenStreetMap"},"geometry":{"type":"Point","coordinates":[118.7999457,32.0474637]}},{"type":"Feature","properties":{"node_id":"3263018568","node_origin":"osm_node","degree":2,"is_intersection":false,"source":"OpenStreetMap"},"geometry":{"type":"Point","coordinates":[118.7996513,32.0474784]}},{"type":"Feature","properties":{"node_id":"3263018569","node_origin":"osm_node","degree":2,"is_intersection":false,"source":"OpenStreetMap"},"geometry":{"type":"Point","coordinates":[118.7990849,32.0490926]}},{"type":"Feature","properties":{"node_id":"3263018570","node_origin":"osm_node","degree":2,"is_intersection":false,"source":"OpenStreetMap"},"geometry":{"type":"Point","coordinates":[118.7994077,32.0489315]}},{"type":"Feature","properties":{"node_id":"3263018571","node_origin":"osm_node","degree":2,"is_intersection":false,"source":"OpenStreetMap"},"geometry":{"type":"Point","coordinates":[118.7996227,32.048762]}},{"type":"Feature","properties":{"node_id":"3263018572","node_origin":"osm_node","degree":2,"is_intersection":false,"source":"OpenStreetMap"},"geometry":{"type":"Point","coordinates":[118.7998737,32.0485215]}},{"type":"Feature","properties":{"node_id":"3263018573","node_origin":"osm_node","degree":2,"is_intersection":false,"source":"OpenStreetMap"},"geometry":{"type":"Point","coordinates":[118.8000609,32.0482514]}},{"type":"Feature","properties":{"node_id":"3263018574","node_origin":"osm_node","degree":2,"is_intersection":false,"source":"OpenStreetMap"},"geometry":{"type":"Point","coordinates":[118.8002184,32.0480554]}},{"type":"Feature","properties":{"node_id":"3263018575","node_origin":"osm_node","degree":2,"is_intersection":false,"source":"OpenStreetMap"},"geometry":{"type":"Point","coordinates":[118.8091824,32.0477123]}},{"type":"Feature","properties":{"node_id":"3264798332","node_origin":"osm_node","degree":2,"is_intersection":false,"source":"OpenStreetMap"},"geometry":{"type":"Point","coordinates":[118.8080254,32.0604074]}},{"type":"Feature","properties":{"node_id":"3264799356","node_origin":"osm_node","degree":2,"is_intersection":false,"source":"OpenStreetMap"},"geometry":{"type":"Point","coordinates":[118.8076788,32.0603776]}},{"type":"Feature","properties":{"node_id":"3264856540","node_origin":"osm_node","degree":2,"is_intersection":false,"source":"OpenStreetMap"},"geometry":{"type":"Point","coordinates":[118.8032511,32.0589132]}},{"type":"Feature","properties":{"node_id":"3264856542","node_origin":"osm_node","degree":2,"is_intersection":false,"source":"OpenStreetMap"},"geometry":{"type":"Point","coordinates":[118.8038463,32.0595756]}},{"type":"Feature","properties":{"node_id":"3285577553","node_origin":"osm_node","degree":4,"is_intersection":true,"source":"OpenStreetMap"},"geometry":{"type":"Point","coordinates":[118.7802957,32.0384893]}},{"type":"Feature","properties":{"node_id":"3285577554","node_origin":"osm_node","degree":2,"is_intersection":false,"source":"OpenStreetMap"},"geometry":{"type":"Point","coordinates":[118.7808454,32.0383502]}},{"type":"Feature","properties":{"node_id":"3285577558","node_origin":"osm_node","degree":2,"is_intersection":false,"source":"OpenStreetMap"},"geometry":{"type":"Point","coordinates":[118.7799148,32.0373224]}},{"type":"Feature","properties":{"node_id":"3285577559","node_origin":"osm_node","degree":2,"is_intersection":false,"source":"OpenStreetMap"},"geometry":{"type":"Point","coordinates":[118.780085,32.0378591]}},{"type":"Feature","properties":{"node_id":"3285579438","node_origin":"osm_node","degree":2,"is_intersection":false,"source":"OpenStreetMap"},"geometry":{"type":"Point","coordinates":[118.7793582,32.0355966]}},{"type":"Feature","properties":{"node_id":"3285586549","node_origin":"osm_node","degree":2,"is_intersection":false,"source":"OpenStreetMap"},"geometry":{"type":"Point","coordinates":[118.7804385,32.0360028]}},{"type":"Feature","properties":{"node_id":"3285586550","node_origin":"osm_node","degree":3,"is_intersection":true,"source":"OpenStreetMap"},"geometry":{"type":"Point","coordinates":[118.7806002,32.0365962]}},{"type":"Feature","properties":{"node_id":"3285586551","node_origin":"osm_node","degree":3,"is_intersection":true,"source":"OpenStreetMap"},"geometry":{"type":"Point","coordinates":[118.7793743,32.0356521]}},{"type":"Feature","properties":{"node_id":"3285586552","node_origin":"osm_node","degree":2,"is_intersection":false,"source":"OpenStreetMap"},"geometry":{"type":"Point","coordinates":[118.7805709,32.0355166]}},{"type":"Feature","properties":{"node_id":"3285586553","node_origin":"osm_node","degree":3,"is_intersection":true,"source":"OpenStreetMap"},"geometry":{"type":"Point","coordinates":[118.7817521,32.0353793]}},{"type":"Feature","properties":{"node_id":"3287264807","node_origin":"osm_node","degree":3,"is_intersection":true,"source":"OpenStreetMap"},"geometry":{"type":"Point","coordinates":[118.7766244,32.0357849]}},{"type":"Feature","properties":{"node_id":"3287264808","node_origin":"osm_node","degree":2,"is_intersection":false,"source":"OpenStreetMap"},"geometry":{"type":"Point","coordinates":[118.7752421,32.036174]}},{"type":"Feature","properties":{"node_id":"3287264809","node_origin":"osm_node","degree":3,"is_intersection":true,"source":"OpenStreetMap"},"geometry":{"type":"Point","coordinates":[118.774835,32.0363241]}},{"type":"Feature","properties":{"node_id":"3294297981","node_origin":"osm_node","degree":3,"is_intersection":true,"source":"OpenStreetMap"},"geometry":{"type":"Point","coordinates":[118.7902663,32.0402087]}},{"type":"Feature","properties":{"node_id":"3294308781","node_origin":"osm_node","degree":2,"is_intersection":false,"source":"OpenStreetMap"},"geometry":{"type":"Point","coordinates":[118.7946642,32.0420576]}},{"type":"Feature","properties":{"node_id":"3294336376","node_origin":"osm_node","degree":2,"is_intersection":false,"source":"OpenStreetMap"},"geometry":{"type":"Point","coordinates":[118.7882441,32.0371541]}},{"type":"Feature","properties":{"node_id":"3295940811","node_origin":"osm_node","degree":2,"is_intersection":false,"source":"OpenStreetMap"},"geometry":{"type":"Point","coordinates":[118.7949192,32.0420915]}},{"type":"Feature","properties":{"node_id":"3296007335","node_origin":"osm_node","degree":4,"is_intersection":true,"source":"OpenStreetMap"},"geometry":{"type":"Point","coordinates":[118.7940095,32.042729]}},{"type":"Feature","properties":{"node_id":"3296007470","node_origin":"osm_node","degree":2,"is_intersection":false,"source":"OpenStreetMap"},"geometry":{"type":"Point","coordinates":[118.7904458,32.0425295]}},{"type":"Feature","properties":{"node_id":"3296007471","node_origin":"osm_node","degree":2,"is_intersection":false,"source":"OpenStreetMap"},"geometry":{"type":"Point","coordinates":[118.7901348,32.042778]}},{"type":"Feature","properties":{"node_id":"3298342651","node_origin":"osm_node","degree":2,"is_intersection":false,"source":"OpenStreetMap"},"geometry":{"type":"Point","coordinates":[118.7848605,32.0414098]}},{"type":"Feature","properties":{"node_id":"3298342652","node_origin":"osm_node","degree":2,"is_intersection":false,"source":"OpenStreetMap"},"geometry":{"type":"Point","coordinates":[118.7847419,32.0410181]}},{"type":"Feature","properties":{"node_id":"3298538720","node_origin":"osm_node","degree":2,"is_intersection":false,"source":"OpenStreetMap"},"geometry":{"type":"Point","coordinates":[118.7914161,32.0642777]}},{"type":"Feature","properties":{"node_id":"3300102772","node_origin":"osm_node","degree":2,"is_intersection":false,"source":"OpenStreetMap"},"geometry":{"type":"Point","coordinates":[118.7852932,32.0365615]}},{"type":"Feature","properties":{"node_id":"3300102773","node_origin":"osm_node","degree":2,"is_intersection":false,"source":"OpenStreetMap"},"geometry":{"type":"Point","coordinates":[118.7849677,32.0359304]}},{"type":"Feature","properties":{"node_id":"3302169461","node_origin":"osm_node","degree":2,"is_intersection":false,"source":"OpenStreetMap"},"geometry":{"type":"Point","coordinates":[118.7768603,32.0372276]}},{"type":"Feature","properties":{"node_id":"3302169462","node_origin":"osm_node","degree":2,"is_intersection":false,"source":"OpenStreetMap"},"geometry":{"type":"Point","coordinates":[118.7766953,32.037267]}},{"type":"Feature","properties":{"node_id":"3304003158","node_origin":"osm_node","degree":2,"is_intersection":false,"source":"OpenStreetMap"},"geometry":{"type":"Point","coordinates":[118.7889736,32.0409376]}},{"type":"Feature","properties":{"node_id":"3304003165","node_origin":"osm_node","degree":2,"is_intersection":false,"source":"OpenStreetMap"},"geometry":{"type":"Point","coordinates":[118.7905191,32.0408128]}},{"type":"Feature","properties":{"node_id":"3304003166","node_origin":"osm_node","degree":2,"is_intersection":false,"source":"OpenStreetMap"},"geometry":{"type":"Point","coordinates":[118.7955544,32.0421876]}},{"type":"Feature","properties":{"node_id":"3304003167","node_origin":"osm_node","degree":2,"is_intersection":false,"source":"OpenStreetMap"},"geometry":{"type":"Point","coordinates":[118.7951951,32.0421273]}},{"type":"Feature","properties":{"node_id":"3304003168","node_origin":"osm_node","degree":2,"is_intersection":false,"source":"OpenStreetMap"},"geometry":{"type":"Point","coordinates":[118.7956013,32.0422215]}},{"type":"Feature","properties":{"node_id":"3304003169","node_origin":"osm_node","degree":2,"is_intersection":false,"source":"OpenStreetMap"},"geometry":{"type":"Point","coordinates":[118.7956151,32.0422332]}},{"type":"Feature","properties":{"node_id":"3304003170","node_origin":"osm_node","degree":2,"is_intersection":false,"source":"OpenStreetMap"},"geometry":{"type":"Point","coordinates":[118.795633,32.0422367]}},{"type":"Feature","properties":{"node_id":"3304003171","node_origin":"osm_node","degree":2,"is_intersection":false,"source":"OpenStreetMap"},"geometry":{"type":"Point","coordinates":[118.7946939,32.0420608]}},{"type":"Feature","properties":{"node_id":"3304018790","node_origin":"osm_node","degree":3,"is_intersection":true,"source":"OpenStreetMap"},"geometry":{"type":"Point","coordinates":[118.7852689,32.0388086]}},{"type":"Feature","properties":{"node_id":"3304018791","node_origin":"osm_node","degree":2,"is_intersection":false,"source":"OpenStreetMap"},"geometry":{"type":"Point","coordinates":[118.7853555,32.0390291]}},{"type":"Feature","properties":{"node_id":"3304018792","node_origin":"osm_node","degree":2,"is_intersection":false,"source":"OpenStreetMap"},"geometry":{"type":"Point","coordinates":[118.7854658,32.0393938]}},{"type":"Feature","properties":{"node_id":"3304018793","node_origin":"osm_node","degree":2,"is_intersection":false,"source":"OpenStreetMap"},"geometry":{"type":"Point","coordinates":[118.7855949,32.0398457]}},{"type":"Feature","properties":{"node_id":"3304018794","node_origin":"osm_node","degree":3,"is_intersection":true,"source":"OpenStreetMap"},"geometry":{"type":"Point","coordinates":[118.7857951,32.0404228]}},{"type":"Feature","properties":{"node_id":"3304018795","node_origin":"osm_node","degree":2,"is_intersection":false,"source":"OpenStreetMap"},"geometry":{"type":"Point","coordinates":[118.7866538,32.0404726]}},{"type":"Feature","properties":{"node_id":"3304042883","node_origin":"osm_node","degree":3,"is_intersection":true,"source":"OpenStreetMap"},"geometry":{"type":"Point","coordinates":[118.7953358,32.0379465]}},{"type":"Feature","properties":{"node_id":"3304042884","node_origin":"osm_node","degree":3,"is_intersection":true,"source":"OpenStreetMap"},"geometry":{"type":"Point","coordinates":[118.7962261,32.0377752]}},{"type":"Feature","properties":{"node_id":"3304042887","node_origin":"osm_node","degree":3,"is_intersection":true,"source":"OpenStreetMap"},"geometry":{"type":"Point","coordinates":[118.7952339,32.0375594]}},{"type":"Feature","properties":{"node_id":"3304042888","node_origin":"osm_node","degree":2,"is_intersection":false,"source":"OpenStreetMap"},"geometry":{"type":"Point","coordinates":[118.7956707,32.0374869]}},{"type":"Feature","properties":{"node_id":"3304042893","node_origin":"osm_node","degree":3,"is_intersection":true,"source":"OpenStreetMap"},"geometry":{"type":"Point","coordinates":[118.7930625,32.0372779]}},{"type":"Feature","properties":{"node_id":"3304042894","node_origin":"osm_node","degree":1,"is_intersection":false,"source":"OpenStreetMap"},"geometry":{"type":"Point","coordinates":[118.7941212,32.0369595]}},{"type":"Feature","properties":{"node_id":"3304042895","node_origin":"osm_node","degree":3,"is_intersection":true,"source":"OpenStreetMap"},"geometry":{"type":"Point","coordinates":[118.7948142,32.036094]}},{"type":"Feature","properties":{"node_id":"3304042896","node_origin":"osm_node","degree":2,"is_intersection":false,"source":"OpenStreetMap"},"geometry":{"type":"Point","coordinates":[118.7941158,32.0362763]}},{"type":"Feature","properties":{"node_id":"3304059023","node_origin":"osm_node","degree":2,"is_intersection":false,"source":"OpenStreetMap"},"geometry":{"type":"Point","coordinates":[118.7937166,32.0363824]}},{"type":"Feature","properties":{"node_id":"3304059024","node_origin":"osm_node","degree":2,"is_intersection":false,"source":"OpenStreetMap"},"geometry":{"type":"Point","coordinates":[118.7935888,32.0360197]}},{"type":"Feature","properties":{"node_id":"3304059025","node_origin":"osm_node","degree":2,"is_intersection":false,"source":"OpenStreetMap"},"geometry":{"type":"Point","coordinates":[118.7934322,32.0360286]}},{"type":"Feature","properties":{"node_id":"3304059026","node_origin":"osm_node","degree":3,"is_intersection":true,"source":"OpenStreetMap"},"geometry":{"type":"Point","coordinates":[118.792762,32.0361788]}},{"type":"Feature","properties":{"node_id":"3304059027","node_origin":"osm_node","degree":3,"is_intersection":true,"source":"OpenStreetMap"},"geometry":{"type":"Point","coordinates":[118.7930824,32.0353575]}},{"type":"Feature","properties":{"node_id":"3311906291","node_origin":"osm_node","degree":3,"is_intersection":true,"source":"OpenStreetMap"},"geometry":{"type":"Point","coordinates":[118.7760656,32.0384727]}},{"type":"Feature","properties":{"node_id":"3311906292","node_origin":"osm_node","degree":2,"is_intersection":false,"source":"OpenStreetMap"},"geometry":{"type":"Point","coordinates":[118.7750875,32.0388166]}},{"type":"Feature","properties":{"node_id":"3311906293","node_origin":"osm_node","degree":3,"is_intersection":true,"source":"OpenStreetMap"},"geometry":{"type":"Point","coordinates":[118.7753406,32.0392801]}},{"type":"Feature","properties":{"node_id":"3311906294","node_origin":"osm_node","degree":4,"is_intersection":true,"source":"OpenStreetMap"},"geometry":{"type":"Point","coordinates":[118.7737005,32.0399069]}},{"type":"Feature","properties":{"node_id":"3311906295","node_origin":"osm_node","degree":2,"is_intersection":false,"source":"OpenStreetMap"},"geometry":{"type":"Point","coordinates":[118.7757255,32.040089]}},{"type":"Feature","properties":{"node_id":"3311906296","node_origin":"osm_node","degree":3,"is_intersection":true,"source":"OpenStreetMap"},"geometry":{"type":"Point","coordinates":[118.7742635,32.040713]}},{"type":"Feature","properties":{"node_id":"3311911577","node_origin":"osm_node","degree":3,"is_intersection":true,"source":"OpenStreetMap"},"geometry":{"type":"Point","coordinates":[118.7745466,32.0395654]}},{"type":"Feature","properties":{"node_id":"3311911578","node_origin":"osm_node","degree":3,"is_intersection":true,"source":"OpenStreetMap"},"geometry":{"type":"Point","coordinates":[118.7750018,32.0403822]}},{"type":"Feature","properties":{"node_id":"3311914061","node_origin":"osm_node","degree":3,"is_intersection":true,"source":"OpenStreetMap"},"geometry":{"type":"Point","coordinates":[118.7753316,32.0402486]}},{"type":"Feature","properties":{"node_id":"3311914062","node_origin":"osm_node","degree":3,"is_intersection":true,"source":"OpenStreetMap"},"geometry":{"type":"Point","coordinates":[118.7759933,32.0413441]}},{"type":"Feature","properties":{"node_id":"3311931215","node_origin":"osm_node","degree":3,"is_intersection":true,"source":"OpenStreetMap"},"geometry":{"type":"Point","coordinates":[118.7675188,32.0434098]}},{"type":"Feature","properties":{"node_id":"3311931216","node_origin":"osm_node","degree":3,"is_intersection":true,"source":"OpenStreetMap"},"geometry":{"type":"Point","coordinates":[118.7676161,32.0445531]}},{"type":"Feature","properties":{"node_id":"3311933473","node_origin":"osm_node","degree":3,"is_intersection":true,"source":"OpenStreetMap"},"geometry":{"type":"Point","coordinates":[118.7669394,32.04592]}},{"type":"Feature","properties":{"node_id":"3311937254","node_origin":"osm_node","degree":3,"is_intersection":true,"source":"OpenStreetMap"},"geometry":{"type":"Point","coordinates":[118.7674555,32.048771]}},{"type":"Feature","properties":{"node_id":"3311940056","node_origin":"osm_node","degree":2,"is_intersection":false,"source":"OpenStreetMap"},"geometry":{"type":"Point","coordinates":[118.7692663,32.069346]}},{"type":"Feature","properties":{"node_id":"3311940057","node_origin":"osm_node","degree":2,"is_intersection":false,"source":"OpenStreetMap"},"geometry":{"type":"Point","coordinates":[118.771774,32.0698309]}},{"type":"Feature","properties":{"node_id":"3328004783","node_origin":"osm_node","degree":2,"is_intersection":false,"source":"OpenStreetMap"},"geometry":{"type":"Point","coordinates":[118.773488,32.0486427]}},{"type":"Feature","properties":{"node_id":"3375926859","node_origin":"osm_node","degree":2,"is_intersection":false,"source":"OpenStreetMap"},"geometry":{"type":"Point","coordinates":[118.7745848,32.047073]}},{"type":"Feature","properties":{"node_id":"3399347718","node_origin":"osm_node","degree":3,"is_intersection":true,"source":"OpenStreetMap"},"geometry":{"type":"Point","coordinates":[118.7760042,32.0624461]}},{"type":"Feature","properties":{"node_id":"3399347720","node_origin":"osm_node","degree":3,"is_intersection":true,"source":"OpenStreetMap"},"geometry":{"type":"Point","coordinates":[118.7712388,32.0623002]}},{"type":"Feature","properties":{"node_id":"3399347721","node_origin":"osm_node","degree":4,"is_intersection":true,"source":"OpenStreetMap"},"geometry":{"type":"Point","coordinates":[118.7736488,32.0637182]}},{"type":"Feature","properties":{"node_id":"3399426221","node_origin":"osm_node","degree":1,"is_intersection":false,"source":"OpenStreetMap"},"geometry":{"type":"Point","coordinates":[118.7765463,32.0758189]}},{"type":"Feature","properties":{"node_id":"3399742442","node_origin":"osm_node","degree":4,"is_intersection":true,"source":"OpenStreetMap"},"geometry":{"type":"Point","coordinates":[118.7736335,32.062371]}},{"type":"Feature","properties":{"node_id":"3496196587","node_origin":"osm_node","degree":3,"is_intersection":true,"source":"OpenStreetMap"},"geometry":{"type":"Point","coordinates":[118.7742875,32.0666108]}},{"type":"Feature","properties":{"node_id":"3496201424","node_origin":"osm_node","degree":2,"is_intersection":false,"source":"OpenStreetMap"},"geometry":{"type":"Point","coordinates":[118.7744745,32.0666659]}},{"type":"Feature","properties":{"node_id":"3496201425","node_origin":"osm_node","degree":2,"is_intersection":false,"source":"OpenStreetMap"},"geometry":{"type":"Point","coordinates":[118.7748526,32.0667831]}},{"type":"Feature","properties":{"node_id":"3496201426","node_origin":"osm_node","degree":2,"is_intersection":false,"source":"OpenStreetMap"},"geometry":{"type":"Point","coordinates":[118.7750477,32.0668175]}},{"type":"Feature","properties":{"node_id":"3496201427","node_origin":"osm_node","degree":4,"is_intersection":true,"source":"OpenStreetMap"},"geometry":{"type":"Point","coordinates":[118.7751961,32.0667934]}},{"type":"Feature","properties":{"node_id":"3496206919","node_origin":"osm_node","degree":2,"is_intersection":false,"source":"OpenStreetMap"},"geometry":{"type":"Point","coordinates":[118.7745008,32.0681178]}},{"type":"Feature","properties":{"node_id":"3496206923","node_origin":"osm_node","degree":2,"is_intersection":false,"source":"OpenStreetMap"},"geometry":{"type":"Point","coordinates":[118.7772478,32.0684544]}},{"type":"Feature","properties":{"node_id":"3496207357","node_origin":"osm_node","degree":2,"is_intersection":false,"source":"OpenStreetMap"},"geometry":{"type":"Point","coordinates":[118.7713455,32.0793513]}},{"type":"Feature","properties":{"node_id":"3579927893","node_origin":"osm_node","degree":2,"is_intersection":false,"source":"OpenStreetMap"},"geometry":{"type":"Point","coordinates":[118.7923782,32.0502846]}},{"type":"Feature","properties":{"node_id":"3587122522","node_origin":"osm_node","degree":2,"is_intersection":false,"source":"OpenStreetMap"},"geometry":{"type":"Point","coordinates":[118.7768412,32.058849]}},{"type":"Feature","properties":{"node_id":"3677767265","node_origin":"osm_node","degree":2,"is_intersection":false,"source":"OpenStreetMap"},"geometry":{"type":"Point","coordinates":[118.8060475,32.055866]}},{"type":"Feature","properties":{"node_id":"3677767266","node_origin":"osm_node","degree":2,"is_intersection":false,"source":"OpenStreetMap"},"geometry":{"type":"Point","coordinates":[118.8060987,32.0558706]}},{"type":"Feature","properties":{"node_id":"3677767267","node_origin":"osm_node","degree":2,"is_intersection":false,"source":"OpenStreetMap"},"geometry":{"type":"Point","coordinates":[118.8061351,32.0558866]}},{"type":"Feature","properties":{"node_id":"3677767268","node_origin":"osm_node","degree":2,"is_intersection":false,"source":"OpenStreetMap"},"geometry":{"type":"Point","coordinates":[118.8060057,32.0558946]}},{"type":"Feature","properties":{"node_id":"3677767270","node_origin":"osm_node","degree":2,"is_intersection":false,"source":"OpenStreetMap"},"geometry":{"type":"Point","coordinates":[118.8059869,32.0559106]}},{"type":"Feature","properties":{"node_id":"3677767271","node_origin":"osm_node","degree":2,"is_intersection":false,"source":"OpenStreetMap"},"geometry":{"type":"Point","coordinates":[118.8061849,32.0559186]}},{"type":"Feature","properties":{"node_id":"3677767274","node_origin":"osm_node","degree":2,"is_intersection":false,"source":"OpenStreetMap"},"geometry":{"type":"Point","coordinates":[118.8059734,32.0559391]}},{"type":"Feature","properties":{"node_id":"3677767275","node_origin":"osm_node","degree":2,"is_intersection":false,"source":"OpenStreetMap"},"geometry":{"type":"Point","coordinates":[118.8061903,32.0559551]}},{"type":"Feature","properties":{"node_id":"3677767277","node_origin":"osm_node","degree":2,"is_intersection":false,"source":"OpenStreetMap"},"geometry":{"type":"Point","coordinates":[118.8059734,32.0559802]}},{"type":"Feature","properties":{"node_id":"3677767278","node_origin":"osm_node","degree":2,"is_intersection":false,"source":"OpenStreetMap"},"geometry":{"type":"Point","coordinates":[118.8061796,32.0559962]}},{"type":"Feature","properties":{"node_id":"3677767282","node_origin":"osm_node","degree":2,"is_intersection":false,"source":"OpenStreetMap"},"geometry":{"type":"Point","coordinates":[118.8059936,32.0560179]}},{"type":"Feature","properties":{"node_id":"3677767283","node_origin":"osm_node","degree":2,"is_intersection":false,"source":"OpenStreetMap"},"geometry":{"type":"Point","coordinates":[118.806154,32.0560339]}},{"type":"Feature","properties":{"node_id":"3677767284","node_origin":"osm_node","degree":2,"is_intersection":false,"source":"OpenStreetMap"},"geometry":{"type":"Point","coordinates":[118.8060327,32.0560465]}},{"type":"Feature","properties":{"node_id":"3677767286","node_origin":"osm_node","degree":2,"is_intersection":false,"source":"OpenStreetMap"},"geometry":{"type":"Point","coordinates":[118.8061034,32.0560593]}},{"type":"Feature","properties":{"node_id":"3709080252","node_origin":"osm_node","degree":4,"is_intersection":true,"source":"OpenStreetMap"},"geometry":{"type":"Point","coordinates":[118.7789827,32.0834486]}},{"type":"Feature","properties":{"node_id":"3727336935","node_origin":"osm_node","degree":1,"is_intersection":false,"source":"OpenStreetMap"},"geometry":{"type":"Point","coordinates":[118.7820379,32.0785611]}},{"type":"Feature","properties":{"node_id":"3763350957","node_origin":"osm_node","degree":4,"is_intersection":true,"source":"OpenStreetMap"},"geometry":{"type":"Point","coordinates":[118.7722735,32.0638458]}},{"type":"Feature","properties":{"node_id":"3763350959","node_origin":"osm_node","degree":2,"is_intersection":false,"source":"OpenStreetMap"},"geometry":{"type":"Point","coordinates":[118.7731869,32.0653791]}},{"type":"Feature","properties":{"node_id":"3763350960","node_origin":"osm_node","degree":3,"is_intersection":true,"source":"OpenStreetMap"},"geometry":{"type":"Point","coordinates":[118.7701951,32.0664371]}},{"type":"Feature","properties":{"node_id":"3763350961","node_origin":"osm_node","degree":4,"is_intersection":true,"source":"OpenStreetMap"},"geometry":{"type":"Point","coordinates":[118.7704843,32.065403]}},{"type":"Feature","properties":{"node_id":"3763350963","node_origin":"osm_node","degree":2,"is_intersection":false,"source":"OpenStreetMap"},"geometry":{"type":"Point","coordinates":[118.771053,32.0629831]}},{"type":"Feature","properties":{"node_id":"3763350964","node_origin":"osm_node","degree":2,"is_intersection":false,"source":"OpenStreetMap"},"geometry":{"type":"Point","coordinates":[118.7714991,32.0612058]}},{"type":"Feature","properties":{"node_id":"3763350965","node_origin":"osm_node","degree":3,"is_intersection":true,"source":"OpenStreetMap"},"geometry":{"type":"Point","coordinates":[118.7726185,32.062341]}},{"type":"Feature","properties":{"node_id":"3763449964","node_origin":"osm_node","degree":2,"is_intersection":false,"source":"OpenStreetMap"},"geometry":{"type":"Point","coordinates":[118.7807475,32.0834289]}},{"type":"Feature","properties":{"node_id":"3763449965","node_origin":"osm_node","degree":2,"is_intersection":false,"source":"OpenStreetMap"},"geometry":{"type":"Point","coordinates":[118.7807842,32.0831044]}},{"type":"Feature","properties":{"node_id":"3763449966","node_origin":"osm_node","degree":2,"is_intersection":false,"source":"OpenStreetMap"},"geometry":{"type":"Point","coordinates":[118.7807462,32.0815176]}},{"type":"Feature","properties":{"node_id":"3763449967","node_origin":"osm_node","degree":2,"is_intersection":false,"source":"OpenStreetMap"},"geometry":{"type":"Point","coordinates":[118.7807875,32.0805538]}},{"type":"Feature","properties":{"node_id":"3763449968","node_origin":"osm_node","degree":2,"is_intersection":false,"source":"OpenStreetMap"},"geometry":{"type":"Point","coordinates":[118.7814578,32.0749569]}},{"type":"Feature","properties":{"node_id":"3763449969","node_origin":"osm_node","degree":2,"is_intersection":false,"source":"OpenStreetMap"},"geometry":{"type":"Point","coordinates":[118.7813594,32.0742219]}},{"type":"Feature","properties":{"node_id":"3763449970","node_origin":"osm_node","degree":3,"is_intersection":true,"source":"OpenStreetMap"},"geometry":{"type":"Point","coordinates":[118.7712631,32.0796294]}},{"type":"Feature","properties":{"node_id":"3780474775","node_origin":"osm_node","degree":2,"is_intersection":false,"source":"OpenStreetMap"},"geometry":{"type":"Point","coordinates":[118.8144333,32.0551434]}},{"type":"Feature","properties":{"node_id":"3780773039","node_origin":"osm_node","degree":2,"is_intersection":false,"source":"OpenStreetMap"},"geometry":{"type":"Point","coordinates":[118.8238219,32.0561117]}},{"type":"Feature","properties":{"node_id":"3780773052","node_origin":"osm_node","degree":2,"is_intersection":false,"source":"OpenStreetMap"},"geometry":{"type":"Point","coordinates":[118.8246746,32.0556572]}},{"type":"Feature","properties":{"node_id":"3780780700","node_origin":"osm_node","degree":2,"is_intersection":false,"source":"OpenStreetMap"},"geometry":{"type":"Point","coordinates":[118.8197775,32.0534383]}},{"type":"Feature","properties":{"node_id":"3806242366","node_origin":"osm_node","degree":2,"is_intersection":false,"source":"OpenStreetMap"},"geometry":{"type":"Point","coordinates":[118.8089339,32.0564947]}},{"type":"Feature","properties":{"node_id":"3806242374","node_origin":"osm_node","degree":2,"is_intersection":false,"source":"OpenStreetMap"},"geometry":{"type":"Point","coordinates":[118.8079071,32.0579987]}},{"type":"Feature","properties":{"node_id":"3855737954","node_origin":"osm_node","degree":2,"is_intersection":false,"source":"OpenStreetMap"},"geometry":{"type":"Point","coordinates":[118.7957245,32.0844515]}},{"type":"Feature","properties":{"node_id":"3874235972","node_origin":"osm_node","degree":3,"is_intersection":true,"source":"OpenStreetMap"},"geometry":{"type":"Point","coordinates":[118.7716039,32.0701815]}},{"type":"Feature","properties":{"node_id":"3874235973","node_origin":"osm_node","degree":2,"is_intersection":false,"source":"OpenStreetMap"},"geometry":{"type":"Point","coordinates":[118.7721331,32.0703121]}},{"type":"Feature","properties":{"node_id":"3874235974","node_origin":"osm_node","degree":2,"is_intersection":false,"source":"OpenStreetMap"},"geometry":{"type":"Point","coordinates":[118.7721517,32.0703833]}},{"type":"Feature","properties":{"node_id":"3874235975","node_origin":"osm_node","degree":2,"is_intersection":false,"source":"OpenStreetMap"},"geometry":{"type":"Point","coordinates":[118.7722451,32.0704308]}},{"type":"Feature","properties":{"node_id":"3874235976","node_origin":"osm_node","degree":3,"is_intersection":true,"source":"OpenStreetMap"},"geometry":{"type":"Point","coordinates":[118.7724532,32.0704846]}},{"type":"Feature","properties":{"node_id":"3881442031","node_origin":"osm_node","degree":2,"is_intersection":false,"source":"OpenStreetMap"},"geometry":{"type":"Point","coordinates":[118.7783564,32.0795037]}},{"type":"Feature","properties":{"node_id":"3881442034","node_origin":"osm_node","degree":2,"is_intersection":false,"source":"OpenStreetMap"},"geometry":{"type":"Point","coordinates":[118.7782724,32.0797284]}},{"type":"Feature","properties":{"node_id":"3906438550","node_origin":"osm_node","degree":2,"is_intersection":false,"source":"OpenStreetMap"},"geometry":{"type":"Point","coordinates":[118.7787886,32.0759215]}},{"type":"Feature","properties":{"node_id":"3937240850","node_origin":"osm_node","degree":3,"is_intersection":true,"source":"OpenStreetMap"},"geometry":{"type":"Point","coordinates":[118.7771688,32.0460532]}},{"type":"Feature","properties":{"node_id":"3937240851","node_origin":"osm_node","degree":2,"is_intersection":false,"source":"OpenStreetMap"},"geometry":{"type":"Point","coordinates":[118.7767244,32.0461904]}},{"type":"Feature","properties":{"node_id":"3937240852","node_origin":"osm_node","degree":3,"is_intersection":true,"source":"OpenStreetMap"},"geometry":{"type":"Point","coordinates":[118.7766731,32.0461469]}},{"type":"Feature","properties":{"node_id":"3937240853","node_origin":"osm_node","degree":2,"is_intersection":false,"source":"OpenStreetMap"},"geometry":{"type":"Point","coordinates":[118.7757251,32.0464378]}},{"type":"Feature","properties":{"node_id":"3937240854","node_origin":"osm_node","degree":2,"is_intersection":false,"source":"OpenStreetMap"},"geometry":{"type":"Point","coordinates":[118.7756247,32.0463943]}},{"type":"Feature","properties":{"node_id":"3937240855","node_origin":"osm_node","degree":2,"is_intersection":false,"source":"OpenStreetMap"},"geometry":{"type":"Point","coordinates":[118.7754752,32.0460499]}},{"type":"Feature","properties":{"node_id":"3937240856","node_origin":"osm_node","degree":2,"is_intersection":false,"source":"OpenStreetMap"},"geometry":{"type":"Point","coordinates":[118.7754075,32.0459411]}},{"type":"Feature","properties":{"node_id":"3937254457","node_origin":"osm_node","degree":2,"is_intersection":false,"source":"OpenStreetMap"},"geometry":{"type":"Point","coordinates":[118.7753538,32.0457808]}},{"type":"Feature","properties":{"node_id":"3937254458","node_origin":"osm_node","degree":3,"is_intersection":true,"source":"OpenStreetMap"},"geometry":{"type":"Point","coordinates":[118.7752547,32.0455203]}},{"type":"Feature","properties":{"node_id":"3937254459","node_origin":"osm_node","degree":2,"is_intersection":false,"source":"OpenStreetMap"},"geometry":{"type":"Point","coordinates":[118.7765447,32.0458381]}},{"type":"Feature","properties":{"node_id":"3937254460","node_origin":"osm_node","degree":2,"is_intersection":false,"source":"OpenStreetMap"},"geometry":{"type":"Point","coordinates":[118.7764326,32.0458104]}},{"type":"Feature","properties":{"node_id":"3937254461","node_origin":"osm_node","degree":3,"is_intersection":true,"source":"OpenStreetMap"},"geometry":{"type":"Point","coordinates":[118.7762522,32.0452894]}},{"type":"Feature","properties":{"node_id":"3937254462","node_origin":"osm_node","degree":2,"is_intersection":false,"source":"OpenStreetMap"},"geometry":{"type":"Point","coordinates":[118.7772911,32.0462861]}},{"type":"Feature","properties":{"node_id":"4057470190","node_origin":"osm_node","degree":2,"is_intersection":false,"source":"OpenStreetMap"},"geometry":{"type":"Point","coordinates":[118.7731038,32.0659441]}},{"type":"Feature","properties":{"node_id":"4057470211","node_origin":"osm_node","degree":2,"is_intersection":false,"source":"OpenStreetMap"},"geometry":{"type":"Point","coordinates":[118.7695421,32.0638985]}},{"type":"Feature","properties":{"node_id":"4148126144","node_origin":"osm_node","degree":4,"is_intersection":true,"source":"OpenStreetMap"},"geometry":{"type":"Point","coordinates":[118.7751334,32.0832279]}},{"type":"Feature","properties":{"node_id":"4149996401","node_origin":"osm_node","degree":4,"is_intersection":true,"source":"OpenStreetMap"},"geometry":{"type":"Point","coordinates":[118.8056096,32.0594241]}},{"type":"Feature","properties":{"node_id":"4158708905","node_origin":"osm_node","degree":2,"is_intersection":false,"source":"OpenStreetMap"},"geometry":{"type":"Point","coordinates":[118.8210727,32.043568]}},{"type":"Feature","properties":{"node_id":"4158708909","node_origin":"osm_node","degree":3,"is_intersection":true,"source":"OpenStreetMap"},"geometry":{"type":"Point","coordinates":[118.8062609,32.0669413]}},{"type":"Feature","properties":{"node_id":"4158708910","node_origin":"osm_node","degree":2,"is_intersection":false,"source":"OpenStreetMap"},"geometry":{"type":"Point","coordinates":[118.8069985,32.0672295]}},{"type":"Feature","properties":{"node_id":"4158708924","node_origin":"osm_node","degree":2,"is_intersection":false,"source":"OpenStreetMap"},"geometry":{"type":"Point","coordinates":[118.8077682,32.0612729]}},{"type":"Feature","properties":{"node_id":"4219129929","node_origin":"osm_node","degree":2,"is_intersection":false,"source":"OpenStreetMap"},"geometry":{"type":"Point","coordinates":[118.7787711,32.0800779]}},{"type":"Feature","properties":{"node_id":"4219267462","node_origin":"osm_node","degree":4,"is_intersection":true,"source":"OpenStreetMap"},"geometry":{"type":"Point","coordinates":[118.8265971,32.0418401]}},{"type":"Feature","properties":{"node_id":"4219268193","node_origin":"osm_node","degree":4,"is_intersection":true,"source":"OpenStreetMap"},"geometry":{"type":"Point","coordinates":[118.8053064,32.0420265]}},{"type":"Feature","properties":{"node_id":"4219268204","node_origin":"osm_node","degree":4,"is_intersection":true,"source":"OpenStreetMap"},"geometry":{"type":"Point","coordinates":[118.8267188,32.0404648]}},{"type":"Feature","properties":{"node_id":"4219268237","node_origin":"osm_node","degree":3,"is_intersection":true,"source":"OpenStreetMap"},"geometry":{"type":"Point","coordinates":[118.8263445,32.0356229]}},{"type":"Feature","properties":{"node_id":"4219268253","node_origin":"osm_node","degree":4,"is_intersection":true,"source":"OpenStreetMap"},"geometry":{"type":"Point","coordinates":[118.8267691,32.0418381]}},{"type":"Feature","properties":{"node_id":"4219268282","node_origin":"osm_node","degree":2,"is_intersection":false,"source":"OpenStreetMap"},"geometry":{"type":"Point","coordinates":[118.7992197,32.0424352]}},{"type":"Feature","properties":{"node_id":"4219268306","node_origin":"osm_node","degree":3,"is_intersection":true,"source":"OpenStreetMap"},"geometry":{"type":"Point","coordinates":[118.7854155,32.0433165]}},{"type":"Feature","properties":{"node_id":"4219268314","node_origin":"osm_node","degree":3,"is_intersection":true,"source":"OpenStreetMap"},"geometry":{"type":"Point","coordinates":[118.826772,32.0420055]}},{"type":"Feature","properties":{"node_id":"4219268315","node_origin":"osm_node","degree":2,"is_intersection":false,"source":"OpenStreetMap"},"geometry":{"type":"Point","coordinates":[118.8266931,32.0399815]}},{"type":"Feature","properties":{"node_id":"4225739597","node_origin":"osm_node","degree":2,"is_intersection":false,"source":"OpenStreetMap"},"geometry":{"type":"Point","coordinates":[118.8042109,32.0802289]}},{"type":"Feature","properties":{"node_id":"4225739600","node_origin":"osm_node","degree":3,"is_intersection":true,"source":"OpenStreetMap"},"geometry":{"type":"Point","coordinates":[118.8152426,32.0715403]}},{"type":"Feature","properties":{"node_id":"4225739601","node_origin":"osm_node","degree":2,"is_intersection":false,"source":"OpenStreetMap"},"geometry":{"type":"Point","coordinates":[118.8171212,32.0730754]}},{"type":"Feature","properties":{"node_id":"4225739603","node_origin":"osm_node","degree":2,"is_intersection":false,"source":"OpenStreetMap"},"geometry":{"type":"Point","coordinates":[118.8187528,32.0830537]}},{"type":"Feature","properties":{"node_id":"4225739604","node_origin":"osm_node","degree":2,"is_intersection":false,"source":"OpenStreetMap"},"geometry":{"type":"Point","coordinates":[118.8132794,32.0649649]}},{"type":"Feature","properties":{"node_id":"4225739605","node_origin":"osm_node","degree":2,"is_intersection":false,"source":"OpenStreetMap"},"geometry":{"type":"Point","coordinates":[118.8251451,32.0785827]}},{"type":"Feature","properties":{"node_id":"4225739606","node_origin":"osm_node","degree":2,"is_intersection":false,"source":"OpenStreetMap"},"geometry":{"type":"Point","coordinates":[118.8247252,32.0781726]}},{"type":"Feature","properties":{"node_id":"4225739609","node_origin":"osm_node","degree":2,"is_intersection":false,"source":"OpenStreetMap"},"geometry":{"type":"Point","coordinates":[118.8205749,32.0795462]}},{"type":"Feature","properties":{"node_id":"4225739610","node_origin":"osm_node","degree":2,"is_intersection":false,"source":"OpenStreetMap"},"geometry":{"type":"Point","coordinates":[118.8043792,32.0792069]}},{"type":"Feature","properties":{"node_id":"4225739611","node_origin":"osm_node","degree":2,"is_intersection":false,"source":"OpenStreetMap"},"geometry":{"type":"Point","coordinates":[118.8047897,32.0798118]}},{"type":"Feature","properties":{"node_id":"4225739612","node_origin":"osm_node","degree":2,"is_intersection":false,"source":"OpenStreetMap"},"geometry":{"type":"Point","coordinates":[118.8111053,32.0681289]}},{"type":"Feature","properties":{"node_id":"4225739613","node_origin":"osm_node","degree":2,"is_intersection":false,"source":"OpenStreetMap"},"geometry":{"type":"Point","coordinates":[118.8039834,32.0791915]}},{"type":"Feature","properties":{"node_id":"4225739614","node_origin":"osm_node","degree":2,"is_intersection":false,"source":"OpenStreetMap"},"geometry":{"type":"Point","coordinates":[118.8047308,32.0794669]}},{"type":"Feature","properties":{"node_id":"4225739618","node_origin":"osm_node","degree":2,"is_intersection":false,"source":"OpenStreetMap"},"geometry":{"type":"Point","coordinates":[118.8036155,32.0794523]}},{"type":"Feature","properties":{"node_id":"4225739620","node_origin":"osm_node","degree":2,"is_intersection":false,"source":"OpenStreetMap"},"geometry":{"type":"Point","coordinates":[118.8181204,32.0837886]}},{"type":"Feature","properties":{"node_id":"4225739623","node_origin":"osm_node","degree":2,"is_intersection":false,"source":"OpenStreetMap"},"geometry":{"type":"Point","coordinates":[118.8243089,32.0779171]}},{"type":"Feature","properties":{"node_id":"4225739624","node_origin":"osm_node","degree":3,"is_intersection":true,"source":"OpenStreetMap"},"geometry":{"type":"Point","coordinates":[118.8221017,32.0772391]}},{"type":"Feature","properties":{"node_id":"4225739625","node_origin":"osm_node","degree":3,"is_intersection":true,"source":"OpenStreetMap"},"geometry":{"type":"Point","coordinates":[118.8079486,32.0605746]}},{"type":"Feature","properties":{"node_id":"4225739627","node_origin":"osm_node","degree":2,"is_intersection":false,"source":"OpenStreetMap"},"geometry":{"type":"Point","coordinates":[118.8219747,32.0772858]}},{"type":"Feature","properties":{"node_id":"4225739629","node_origin":"osm_node","degree":2,"is_intersection":false,"source":"OpenStreetMap"},"geometry":{"type":"Point","coordinates":[118.8192587,32.0822522]}},{"type":"Feature","properties":{"node_id":"4225739630","node_origin":"osm_node","degree":2,"is_intersection":false,"source":"OpenStreetMap"},"geometry":{"type":"Point","coordinates":[118.8034868,32.0797772]}},{"type":"Feature","properties":{"node_id":"4225739631","node_origin":"osm_node","degree":2,"is_intersection":false,"source":"OpenStreetMap"},"geometry":{"type":"Point","coordinates":[118.8209361,32.0784833]}},{"type":"Feature","properties":{"node_id":"4225739633","node_origin":"osm_node","degree":2,"is_intersection":false,"source":"OpenStreetMap"},"geometry":{"type":"Point","coordinates":[118.8202015,32.0805097]}},{"type":"Feature","properties":{"node_id":"4225739637","node_origin":"osm_node","degree":2,"is_intersection":false,"source":"OpenStreetMap"},"geometry":{"type":"Point","coordinates":[118.8198997,32.081021]}},{"type":"Feature","properties":{"node_id":"4225739638","node_origin":"osm_node","degree":2,"is_intersection":false,"source":"OpenStreetMap"},"geometry":{"type":"Point","coordinates":[118.8205971,32.0790387]}},{"type":"Feature","properties":{"node_id":"4225739640","node_origin":"osm_node","degree":3,"is_intersection":true,"source":"OpenStreetMap"},"geometry":{"type":"Point","coordinates":[118.8220441,32.0772111]}},{"type":"Feature","properties":{"node_id":"4225739647","node_origin":"osm_node","degree":2,"is_intersection":false,"source":"OpenStreetMap"},"geometry":{"type":"Point","coordinates":[118.8171398,32.0846597]}},{"type":"Feature","properties":{"node_id":"4225739648","node_origin":"osm_node","degree":2,"is_intersection":false,"source":"OpenStreetMap"},"geometry":{"type":"Point","coordinates":[118.8213653,32.0767543]}},{"type":"Feature","properties":{"node_id":"4225739649","node_origin":"osm_node","degree":2,"is_intersection":false,"source":"OpenStreetMap"},"geometry":{"type":"Point","coordinates":[118.8111492,32.0670676]}},{"type":"Feature","properties":{"node_id":"4225739657","node_origin":"osm_node","degree":2,"is_intersection":false,"source":"OpenStreetMap"},"geometry":{"type":"Point","coordinates":[118.8204722,32.080051]}},{"type":"Feature","properties":{"node_id":"4225742791","node_origin":"osm_node","degree":4,"is_intersection":true,"source":"OpenStreetMap"},"geometry":{"type":"Point","coordinates":[118.7828112,32.0435866]}},{"type":"Feature","properties":{"node_id":"4225742794","node_origin":"osm_node","degree":2,"is_intersection":false,"source":"OpenStreetMap"},"geometry":{"type":"Point","coordinates":[118.7823733,32.0414438]}},{"type":"Feature","properties":{"node_id":"4225742795","node_origin":"osm_node","degree":4,"is_intersection":true,"source":"OpenStreetMap"},"geometry":{"type":"Point","coordinates":[118.7830251,32.0450231]}},{"type":"Feature","properties":{"node_id":"4225742798","node_origin":"osm_node","degree":2,"is_intersection":false,"source":"OpenStreetMap"},"geometry":{"type":"Point","coordinates":[118.7822589,32.0405571]}},{"type":"Feature","properties":{"node_id":"4225742800","node_origin":"osm_node","degree":2,"is_intersection":false,"source":"OpenStreetMap"},"geometry":{"type":"Point","coordinates":[118.7815382,32.0354159]}},{"type":"Feature","properties":{"node_id":"4225742803","node_origin":"osm_node","degree":2,"is_intersection":false,"source":"OpenStreetMap"},"geometry":{"type":"Point","coordinates":[118.7819344,32.0380628]}},{"type":"Feature","properties":{"node_id":"4225742805","node_origin":"osm_node","degree":2,"is_intersection":false,"source":"OpenStreetMap"},"geometry":{"type":"Point","coordinates":[118.7816725,32.0363971]}},{"type":"Feature","properties":{"node_id":"4225750959","node_origin":"osm_node","degree":3,"is_intersection":true,"source":"OpenStreetMap"},"geometry":{"type":"Point","coordinates":[118.7731952,32.044183]}},{"type":"Feature","properties":{"node_id":"4225750976","node_origin":"osm_node","degree":3,"is_intersection":true,"source":"OpenStreetMap"},"geometry":{"type":"Point","coordinates":[118.7776301,32.0438678]}},{"type":"Feature","properties":{"node_id":"4225751292","node_origin":"osm_node","degree":2,"is_intersection":false,"source":"OpenStreetMap"},"geometry":{"type":"Point","coordinates":[118.7717856,32.0486398]}},{"type":"Feature","properties":{"node_id":"4225751294","node_origin":"osm_node","degree":2,"is_intersection":false,"source":"OpenStreetMap"},"geometry":{"type":"Point","coordinates":[118.7682826,32.0355621]}},{"type":"Feature","properties":{"node_id":"4225751298","node_origin":"osm_node","degree":4,"is_intersection":true,"source":"OpenStreetMap"},"geometry":{"type":"Point","coordinates":[118.7710597,32.0443346]}},{"type":"Feature","properties":{"node_id":"4225751305","node_origin":"osm_node","degree":2,"is_intersection":false,"source":"OpenStreetMap"},"geometry":{"type":"Point","coordinates":[118.7716914,32.0480288]}},{"type":"Feature","properties":{"node_id":"4225751314","node_origin":"osm_node","degree":2,"is_intersection":false,"source":"OpenStreetMap"},"geometry":{"type":"Point","coordinates":[118.7686329,32.0362398]}},{"type":"Feature","properties":{"node_id":"4225751323","node_origin":"osm_node","degree":4,"is_intersection":true,"source":"OpenStreetMap"},"geometry":{"type":"Point","coordinates":[118.7761473,32.0440009]}},{"type":"Feature","properties":{"node_id":"4225753372","node_origin":"osm_node","degree":2,"is_intersection":false,"source":"OpenStreetMap"},"geometry":{"type":"Point","coordinates":[118.7707572,32.0526802]}},{"type":"Feature","properties":{"node_id":"4225753379","node_origin":"osm_node","degree":4,"is_intersection":true,"source":"OpenStreetMap"},"geometry":{"type":"Point","coordinates":[118.7708544,32.0525209]}},{"type":"Feature","properties":{"node_id":"4225753383","node_origin":"osm_node","degree":2,"is_intersection":false,"source":"OpenStreetMap"},"geometry":{"type":"Point","coordinates":[118.7711086,32.0522689]}},{"type":"Feature","properties":{"node_id":"4225753591","node_origin":"osm_node","degree":2,"is_intersection":false,"source":"OpenStreetMap"},"geometry":{"type":"Point","coordinates":[118.7709646,32.0524099]}},{"type":"Feature","properties":{"node_id":"4226433207","node_origin":"osm_node","degree":2,"is_intersection":false,"source":"OpenStreetMap"},"geometry":{"type":"Point","coordinates":[118.7735788,32.0612244]}},{"type":"Feature","properties":{"node_id":"4226433237","node_origin":"osm_node","degree":2,"is_intersection":false,"source":"OpenStreetMap"},"geometry":{"type":"Point","coordinates":[118.772603,32.0610197]}},{"type":"Feature","properties":{"node_id":"4226433239","node_origin":"osm_node","degree":3,"is_intersection":true,"source":"OpenStreetMap"},"geometry":{"type":"Point","coordinates":[118.7716014,32.06107]}},{"type":"Feature","properties":{"node_id":"4226433269","node_origin":"osm_node","degree":3,"is_intersection":true,"source":"OpenStreetMap"},"geometry":{"type":"Point","coordinates":[118.7735485,32.0610724]}},{"type":"Feature","properties":{"node_id":"4226433271","node_origin":"osm_node","degree":2,"is_intersection":false,"source":"OpenStreetMap"},"geometry":{"type":"Point","coordinates":[118.7761623,32.0612747]}},{"type":"Feature","properties":{"node_id":"4226433283","node_origin":"osm_node","degree":4,"is_intersection":true,"source":"OpenStreetMap"},"geometry":{"type":"Point","coordinates":[118.7693,32.0611666]}},{"type":"Feature","properties":{"node_id":"4226753210","node_origin":"osm_node","degree":2,"is_intersection":false,"source":"OpenStreetMap"},"geometry":{"type":"Point","coordinates":[118.7691959,32.0692899]}},{"type":"Feature","properties":{"node_id":"4226753211","node_origin":"osm_node","degree":4,"is_intersection":true,"source":"OpenStreetMap"},"geometry":{"type":"Point","coordinates":[118.7677131,32.0706724]}},{"type":"Feature","properties":{"node_id":"4226753213","node_origin":"osm_node","degree":2,"is_intersection":false,"source":"OpenStreetMap"},"geometry":{"type":"Point","coordinates":[118.7711914,32.0711519]}},{"type":"Feature","properties":{"node_id":"4226753215","node_origin":"osm_node","degree":2,"is_intersection":false,"source":"OpenStreetMap"},"geometry":{"type":"Point","coordinates":[118.7671292,32.0700759]}},{"type":"Feature","properties":{"node_id":"4226753217","node_origin":"osm_node","degree":2,"is_intersection":false,"source":"OpenStreetMap"},"geometry":{"type":"Point","coordinates":[118.7679761,32.0706834]}},{"type":"Feature","properties":{"node_id":"4226753218","node_origin":"osm_node","degree":4,"is_intersection":true,"source":"OpenStreetMap"},"geometry":{"type":"Point","coordinates":[118.7711793,32.0711506]}},{"type":"Feature","properties":{"node_id":"4226753220","node_origin":"osm_node","degree":2,"is_intersection":false,"source":"OpenStreetMap"},"geometry":{"type":"Point","coordinates":[118.7683373,32.0708834]}},{"type":"Feature","properties":{"node_id":"4226753221","node_origin":"osm_node","degree":2,"is_intersection":false,"source":"OpenStreetMap"},"geometry":{"type":"Point","coordinates":[118.7787298,32.0713875]}},{"type":"Feature","properties":{"node_id":"4226753223","node_origin":"osm_node","degree":2,"is_intersection":false,"source":"OpenStreetMap"},"geometry":{"type":"Point","coordinates":[118.7767974,32.0713307]}},{"type":"Feature","properties":{"node_id":"4226753225","node_origin":"osm_node","degree":3,"is_intersection":true,"source":"OpenStreetMap"},"geometry":{"type":"Point","coordinates":[118.7752197,32.0712761]}},{"type":"Feature","properties":{"node_id":"4226753237","node_origin":"osm_node","degree":2,"is_intersection":false,"source":"OpenStreetMap"},"geometry":{"type":"Point","coordinates":[118.76833,32.0701313]}},{"type":"Feature","properties":{"node_id":"4226753238","node_origin":"osm_node","degree":2,"is_intersection":false,"source":"OpenStreetMap"},"geometry":{"type":"Point","coordinates":[118.8038476,32.0792419]}},{"type":"Feature","properties":{"node_id":"4226753242","node_origin":"osm_node","degree":2,"is_intersection":false,"source":"OpenStreetMap"},"geometry":{"type":"Point","coordinates":[118.7679844,32.0708188]}},{"type":"Feature","properties":{"node_id":"4226753243","node_origin":"osm_node","degree":2,"is_intersection":false,"source":"OpenStreetMap"},"geometry":{"type":"Point","coordinates":[118.7767133,32.0713217]}},{"type":"Feature","properties":{"node_id":"4226753245","node_origin":"osm_node","degree":4,"is_intersection":true,"source":"OpenStreetMap"},"geometry":{"type":"Point","coordinates":[118.767805,32.0705924]}},{"type":"Feature","properties":{"node_id":"4226753248","node_origin":"osm_node","degree":2,"is_intersection":false,"source":"OpenStreetMap"},"geometry":{"type":"Point","coordinates":[118.7672006,32.071124]}},{"type":"Feature","properties":{"node_id":"4226753249","node_origin":"osm_node","degree":4,"is_intersection":true,"source":"OpenStreetMap"},"geometry":{"type":"Point","coordinates":[118.7678706,32.0706356]}},{"type":"Feature","properties":{"node_id":"4226753251","node_origin":"osm_node","degree":2,"is_intersection":false,"source":"OpenStreetMap"},"geometry":{"type":"Point","coordinates":[118.7723405,32.0711649]}},{"type":"Feature","properties":{"node_id":"4226753255","node_origin":"osm_node","degree":3,"is_intersection":true,"source":"OpenStreetMap"},"geometry":{"type":"Point","coordinates":[118.7789544,32.0713898]}},{"type":"Feature","properties":{"node_id":"4226753257","node_origin":"osm_node","degree":4,"is_intersection":true,"source":"OpenStreetMap"},"geometry":{"type":"Point","coordinates":[118.7788056,32.0713868]}},{"type":"Feature","properties":{"node_id":"4226779504","node_origin":"osm_node","degree":2,"is_intersection":false,"source":"OpenStreetMap"},"geometry":{"type":"Point","coordinates":[118.7789533,32.0743859]}},{"type":"Feature","properties":{"node_id":"4226779507","node_origin":"osm_node","degree":2,"is_intersection":false,"source":"OpenStreetMap"},"geometry":{"type":"Point","coordinates":[118.7789832,32.0800378]}},{"type":"Feature","properties":{"node_id":"4229718091","node_origin":"osm_node","degree":2,"is_intersection":false,"source":"OpenStreetMap"},"geometry":{"type":"Point","coordinates":[118.8124544,32.0692564]}},{"type":"Feature","properties":{"node_id":"4229890823","node_origin":"osm_node","degree":2,"is_intersection":false,"source":"OpenStreetMap"},"geometry":{"type":"Point","coordinates":[118.8126084,32.0657614]}},{"type":"Feature","properties":{"node_id":"4229890824","node_origin":"osm_node","degree":2,"is_intersection":false,"source":"OpenStreetMap"},"geometry":{"type":"Point","coordinates":[118.8132883,32.06514]}},{"type":"Feature","properties":{"node_id":"4229955877","node_origin":"osm_node","degree":2,"is_intersection":false,"source":"OpenStreetMap"},"geometry":{"type":"Point","coordinates":[118.7674817,32.0532854]}},{"type":"Feature","properties":{"node_id":"4229958926","node_origin":"osm_node","degree":2,"is_intersection":false,"source":"OpenStreetMap"},"geometry":{"type":"Point","coordinates":[118.7713521,32.0484223]}},{"type":"Feature","properties":{"node_id":"4231138396","node_origin":"osm_node","degree":4,"is_intersection":true,"source":"OpenStreetMap"},"geometry":{"type":"Point","coordinates":[118.7833345,32.0467756]}},{"type":"Feature","properties":{"node_id":"4231151490","node_origin":"osm_node","degree":2,"is_intersection":false,"source":"OpenStreetMap"},"geometry":{"type":"Point","coordinates":[118.8137188,32.0643987]}},{"type":"Feature","properties":{"node_id":"4231242843","node_origin":"osm_node","degree":3,"is_intersection":true,"source":"OpenStreetMap"},"geometry":{"type":"Point","coordinates":[118.7756819,32.0611194]}},{"type":"Feature","properties":{"node_id":"4231242844","node_origin":"osm_node","degree":2,"is_intersection":false,"source":"OpenStreetMap"},"geometry":{"type":"Point","coordinates":[118.7757138,32.0611044]}},{"type":"Feature","properties":{"node_id":"4231253489","node_origin":"osm_node","degree":2,"is_intersection":false,"source":"OpenStreetMap"},"geometry":{"type":"Point","coordinates":[118.8100235,32.0682826]}},{"type":"Feature","properties":{"node_id":"4231278204","node_origin":"osm_node","degree":2,"is_intersection":false,"source":"OpenStreetMap"},"geometry":{"type":"Point","coordinates":[118.8165954,32.0851631]}},{"type":"Feature","properties":{"node_id":"4240684329","node_origin":"osm_node","degree":2,"is_intersection":false,"source":"OpenStreetMap"},"geometry":{"type":"Point","coordinates":[118.8102382,32.0683701]}},{"type":"Feature","properties":{"node_id":"4240684702","node_origin":"osm_node","degree":2,"is_intersection":false,"source":"OpenStreetMap"},"geometry":{"type":"Point","coordinates":[118.8097465,32.0678333]}},{"type":"Feature","properties":{"node_id":"4240865089","node_origin":"osm_node","degree":3,"is_intersection":true,"source":"OpenStreetMap"},"geometry":{"type":"Point","coordinates":[118.8121776,32.039068]}},{"type":"Feature","properties":{"node_id":"4240865090","node_origin":"osm_node","degree":3,"is_intersection":true,"source":"OpenStreetMap"},"geometry":{"type":"Point","coordinates":[118.8123154,32.0387747]}},{"type":"Feature","properties":{"node_id":"4240865091","node_origin":"osm_node","degree":2,"is_intersection":false,"source":"OpenStreetMap"},"geometry":{"type":"Point","coordinates":[118.8117784,32.0391517]}},{"type":"Feature","properties":{"node_id":"4240865092","node_origin":"osm_node","degree":2,"is_intersection":false,"source":"OpenStreetMap"},"geometry":{"type":"Point","coordinates":[118.8128584,32.0390645]}},{"type":"Feature","properties":{"node_id":"4240913382","node_origin":"osm_node","degree":2,"is_intersection":false,"source":"OpenStreetMap"},"geometry":{"type":"Point","coordinates":[118.8115599,32.0685285]}},{"type":"Feature","properties":{"node_id":"4240933740","node_origin":"osm_node","degree":3,"is_intersection":true,"source":"OpenStreetMap"},"geometry":{"type":"Point","coordinates":[118.8168602,32.0850865]}},{"type":"Feature","properties":{"node_id":"4240933742","node_origin":"osm_node","degree":2,"is_intersection":false,"source":"OpenStreetMap"},"geometry":{"type":"Point","coordinates":[118.8177803,32.0847708]}},{"type":"Feature","properties":{"node_id":"4240933743","node_origin":"osm_node","degree":3,"is_intersection":true,"source":"OpenStreetMap"},"geometry":{"type":"Point","coordinates":[118.8174587,32.0845041]}},{"type":"Feature","properties":{"node_id":"4241016982","node_origin":"osm_node","degree":2,"is_intersection":false,"source":"OpenStreetMap"},"geometry":{"type":"Point","coordinates":[118.8121053,32.0661094]}},{"type":"Feature","properties":{"node_id":"4241016983","node_origin":"osm_node","degree":2,"is_intersection":false,"source":"OpenStreetMap"},"geometry":{"type":"Point","coordinates":[118.8119387,32.0663601]}},{"type":"Feature","properties":{"node_id":"4247753797","node_origin":"osm_node","degree":2,"is_intersection":false,"source":"OpenStreetMap"},"geometry":{"type":"Point","coordinates":[118.801148,32.0496076]}},{"type":"Feature","properties":{"node_id":"4247753798","node_origin":"osm_node","degree":2,"is_intersection":false,"source":"OpenStreetMap"},"geometry":{"type":"Point","coordinates":[118.8007417,32.0484073]}},{"type":"Feature","properties":{"node_id":"4247753799","node_origin":"osm_node","degree":2,"is_intersection":false,"source":"OpenStreetMap"},"geometry":{"type":"Point","coordinates":[118.8019305,32.0522193]}},{"type":"Feature","properties":{"node_id":"4247753802","node_origin":"osm_node","degree":2,"is_intersection":false,"source":"OpenStreetMap"},"geometry":{"type":"Point","coordinates":[118.8021387,32.0530719]}},{"type":"Feature","properties":{"node_id":"4247755145","node_origin":"osm_node","degree":2,"is_intersection":false,"source":"OpenStreetMap"},"geometry":{"type":"Point","coordinates":[118.802416,32.0530977]}},{"type":"Feature","properties":{"node_id":"4247767111","node_origin":"osm_node","degree":2,"is_intersection":false,"source":"OpenStreetMap"},"geometry":{"type":"Point","coordinates":[118.8038608,32.0475783]}},{"type":"Feature","properties":{"node_id":"4247780461","node_origin":"osm_node","degree":2,"is_intersection":false,"source":"OpenStreetMap"},"geometry":{"type":"Point","coordinates":[118.7986238,32.0492211]}},{"type":"Feature","properties":{"node_id":"4247780463","node_origin":"osm_node","degree":2,"is_intersection":false,"source":"OpenStreetMap"},"geometry":{"type":"Point","coordinates":[118.7985674,32.0490843]}},{"type":"Feature","properties":{"node_id":"4247780464","node_origin":"osm_node","degree":2,"is_intersection":false,"source":"OpenStreetMap"},"geometry":{"type":"Point","coordinates":[118.7990205,32.0489712]}},{"type":"Feature","properties":{"node_id":"4247780465","node_origin":"osm_node","degree":2,"is_intersection":false,"source":"OpenStreetMap"},"geometry":{"type":"Point","coordinates":[118.7993227,32.048838]}},{"type":"Feature","properties":{"node_id":"4247780466","node_origin":"osm_node","degree":2,"is_intersection":false,"source":"OpenStreetMap"},"geometry":{"type":"Point","coordinates":[118.7995222,32.0486751]}},{"type":"Feature","properties":{"node_id":"4247780467","node_origin":"osm_node","degree":2,"is_intersection":false,"source":"OpenStreetMap"},"geometry":{"type":"Point","coordinates":[118.7997929,32.0483458]}},{"type":"Feature","properties":{"node_id":"4247780468","node_origin":"osm_node","degree":2,"is_intersection":false,"source":"OpenStreetMap"},"geometry":{"type":"Point","coordinates":[118.8000632,32.0479446]}},{"type":"Feature","properties":{"node_id":"4247780473","node_origin":"osm_node","degree":2,"is_intersection":false,"source":"OpenStreetMap"},"geometry":{"type":"Point","coordinates":[118.7997164,32.0484389]}},{"type":"Feature","properties":{"node_id":"428101841","node_origin":"osm_node","degree":2,"is_intersection":false,"source":"OpenStreetMap"},"geometry":{"type":"Point","coordinates":[118.8029227,32.0589639]}},{"type":"Feature","properties":{"node_id":"428101844","node_origin":"osm_node","degree":2,"is_intersection":false,"source":"OpenStreetMap"},"geometry":{"type":"Point","coordinates":[118.8037707,32.059562]}},{"type":"Feature","properties":{"node_id":"428101846","node_origin":"osm_node","degree":2,"is_intersection":false,"source":"OpenStreetMap"},"geometry":{"type":"Point","coordinates":[118.80408,32.059592]}},{"type":"Feature","properties":{"node_id":"428101847","node_origin":"osm_node","degree":2,"is_intersection":false,"source":"OpenStreetMap"},"geometry":{"type":"Point","coordinates":[118.8051429,32.0594649]}},{"type":"Feature","properties":{"node_id":"428101848","node_origin":"osm_node","degree":2,"is_intersection":false,"source":"OpenStreetMap"},"geometry":{"type":"Point","coordinates":[118.8072922,32.059193]}},{"type":"Feature","properties":{"node_id":"428101849","node_origin":"osm_node","degree":2,"is_intersection":false,"source":"OpenStreetMap"},"geometry":{"type":"Point","coordinates":[118.8074964,32.0591941]}},{"type":"Feature","properties":{"node_id":"428101851","node_origin":"osm_node","degree":3,"is_intersection":true,"source":"OpenStreetMap"},"geometry":{"type":"Point","coordinates":[118.8078823,32.0594099]}},{"type":"Feature","properties":{"node_id":"428101852","node_origin":"osm_node","degree":2,"is_intersection":false,"source":"OpenStreetMap"},"geometry":{"type":"Point","coordinates":[118.8079115,32.0595167]}},{"type":"Feature","properties":{"node_id":"428101853","node_origin":"osm_node","degree":4,"is_intersection":true,"source":"OpenStreetMap"},"geometry":{"type":"Point","coordinates":[118.8080726,32.0605569]}},{"type":"Feature","properties":{"node_id":"428101872","node_origin":"osm_node","degree":2,"is_intersection":false,"source":"OpenStreetMap"},"geometry":{"type":"Point","coordinates":[118.804014,32.0836689]}},{"type":"Feature","properties":{"node_id":"428787925","node_origin":"osm_node","degree":4,"is_intersection":true,"source":"OpenStreetMap"},"geometry":{"type":"Point","coordinates":[118.7820444,32.0520807]}},{"type":"Feature","properties":{"node_id":"428787926","node_origin":"osm_node","degree":4,"is_intersection":true,"source":"OpenStreetMap"},"geometry":{"type":"Point","coordinates":[118.7844036,32.0517746]}},{"type":"Feature","properties":{"node_id":"428787927","node_origin":"osm_node","degree":2,"is_intersection":false,"source":"OpenStreetMap"},"geometry":{"type":"Point","coordinates":[118.7877253,32.0511417]}},{"type":"Feature","properties":{"node_id":"428787928","node_origin":"osm_node","degree":2,"is_intersection":false,"source":"OpenStreetMap"},"geometry":{"type":"Point","coordinates":[118.7900893,32.0506917]}},{"type":"Feature","properties":{"node_id":"4289676223","node_origin":"osm_node","degree":2,"is_intersection":false,"source":"OpenStreetMap"},"geometry":{"type":"Point","coordinates":[118.7805327,32.0456867]}},{"type":"Feature","properties":{"node_id":"4290216812","node_origin":"osm_node","degree":4,"is_intersection":true,"source":"OpenStreetMap"},"geometry":{"type":"Point","coordinates":[118.7925369,32.0354533]}},{"type":"Feature","properties":{"node_id":"4290229558","node_origin":"osm_node","degree":2,"is_intersection":false,"source":"OpenStreetMap"},"geometry":{"type":"Point","coordinates":[118.7992923,32.044112]}},{"type":"Feature","properties":{"node_id":"4290471908","node_origin":"osm_node","degree":2,"is_intersection":false,"source":"OpenStreetMap"},"geometry":{"type":"Point","coordinates":[118.7978044,32.0362145]}},{"type":"Feature","properties":{"node_id":"4292082771","node_origin":"osm_node","degree":2,"is_intersection":false,"source":"OpenStreetMap"},"geometry":{"type":"Point","coordinates":[118.8044423,32.0378958]}},{"type":"Feature","properties":{"node_id":"4292082772","node_origin":"osm_node","degree":2,"is_intersection":false,"source":"OpenStreetMap"},"geometry":{"type":"Point","coordinates":[118.8046245,32.0379235]}},{"type":"Feature","properties":{"node_id":"4292086189","node_origin":"osm_node","degree":2,"is_intersection":false,"source":"OpenStreetMap"},"geometry":{"type":"Point","coordinates":[118.8012096,32.0406642]}},{"type":"Feature","properties":{"node_id":"4292086200","node_origin":"osm_node","degree":2,"is_intersection":false,"source":"OpenStreetMap"},"geometry":{"type":"Point","coordinates":[118.8053145,32.0410592]}},{"type":"Feature","properties":{"node_id":"4315401128","node_origin":"osm_node","degree":3,"is_intersection":true,"source":"OpenStreetMap"},"geometry":{"type":"Point","coordinates":[118.7717493,32.0364046]}},{"type":"Feature","properties":{"node_id":"4315408101","node_origin":"osm_node","degree":3,"is_intersection":true,"source":"OpenStreetMap"},"geometry":{"type":"Point","coordinates":[118.8101147,32.0681138]}},{"type":"Feature","properties":{"node_id":"4318997583","node_origin":"osm_node","degree":2,"is_intersection":false,"source":"OpenStreetMap"},"geometry":{"type":"Point","coordinates":[118.8002418,32.0477457]}},{"type":"Feature","properties":{"node_id":"4318997584","node_origin":"osm_node","degree":4,"is_intersection":true,"source":"OpenStreetMap"},"geometry":{"type":"Point","coordinates":[118.8004614,32.0476268]}},{"type":"Feature","properties":{"node_id":"4318997585","node_origin":"osm_node","degree":2,"is_intersection":false,"source":"OpenStreetMap"},"geometry":{"type":"Point","coordinates":[118.800337,32.0479377]}},{"type":"Feature","properties":{"node_id":"4326545714","node_origin":"osm_node","degree":2,"is_intersection":false,"source":"OpenStreetMap"},"geometry":{"type":"Point","coordinates":[118.7930314,32.0437781]}},{"type":"Feature","properties":{"node_id":"4326545715","node_origin":"osm_node","degree":2,"is_intersection":false,"source":"OpenStreetMap"},"geometry":{"type":"Point","coordinates":[118.7914614,32.0442553]}},{"type":"Feature","properties":{"node_id":"4330284130","node_origin":"osm_node","degree":2,"is_intersection":false,"source":"OpenStreetMap"},"geometry":{"type":"Point","coordinates":[118.7927056,32.042422]}},{"type":"Feature","properties":{"node_id":"4330284132","node_origin":"osm_node","degree":2,"is_intersection":false,"source":"OpenStreetMap"},"geometry":{"type":"Point","coordinates":[118.7883161,32.0441512]}},{"type":"Feature","properties":{"node_id":"4330284133","node_origin":"osm_node","degree":2,"is_intersection":false,"source":"OpenStreetMap"},"geometry":{"type":"Point","coordinates":[118.7844314,32.0444353]}},{"type":"Feature","properties":{"node_id":"4330284134","node_origin":"osm_node","degree":2,"is_intersection":false,"source":"OpenStreetMap"},"geometry":{"type":"Point","coordinates":[118.7830396,32.0409744]}},{"type":"Feature","properties":{"node_id":"4330284136","node_origin":"osm_node","degree":2,"is_intersection":false,"source":"OpenStreetMap"},"geometry":{"type":"Point","coordinates":[118.7834332,32.0398473]}},{"type":"Feature","properties":{"node_id":"4330284137","node_origin":"osm_node","degree":2,"is_intersection":false,"source":"OpenStreetMap"},"geometry":{"type":"Point","coordinates":[118.7814013,32.0382095]}},{"type":"Feature","properties":{"node_id":"4330284138","node_origin":"osm_node","degree":2,"is_intersection":false,"source":"OpenStreetMap"},"geometry":{"type":"Point","coordinates":[118.7809075,32.0365391]}},{"type":"Feature","properties":{"node_id":"4331763569","node_origin":"osm_node","degree":2,"is_intersection":false,"source":"OpenStreetMap"},"geometry":{"type":"Point","coordinates":[118.776979,32.0402386]}},{"type":"Feature","properties":{"node_id":"4331763574","node_origin":"osm_node","degree":2,"is_intersection":false,"source":"OpenStreetMap"},"geometry":{"type":"Point","coordinates":[118.7756526,32.0407815]}},{"type":"Feature","properties":{"node_id":"4331763577","node_origin":"osm_node","degree":2,"is_intersection":false,"source":"OpenStreetMap"},"geometry":{"type":"Point","coordinates":[118.7840181,32.042544]}},{"type":"Feature","properties":{"node_id":"4331763578","node_origin":"osm_node","degree":2,"is_intersection":false,"source":"OpenStreetMap"},"geometry":{"type":"Point","coordinates":[118.7851628,32.0423641]}},{"type":"Feature","properties":{"node_id":"4331763580","node_origin":"osm_node","degree":2,"is_intersection":false,"source":"OpenStreetMap"},"geometry":{"type":"Point","coordinates":[118.7873331,32.0419489]}},{"type":"Feature","properties":{"node_id":"4331763582","node_origin":"osm_node","degree":2,"is_intersection":false,"source":"OpenStreetMap"},"geometry":{"type":"Point","coordinates":[118.7935365,32.0455946]}},{"type":"Feature","properties":{"node_id":"4331763583","node_origin":"osm_node","degree":2,"is_intersection":false,"source":"OpenStreetMap"},"geometry":{"type":"Point","coordinates":[118.7713146,32.0451907]}},{"type":"Feature","properties":{"node_id":"4331763585","node_origin":"osm_node","degree":2,"is_intersection":false,"source":"OpenStreetMap"},"geometry":{"type":"Point","coordinates":[118.7747207,32.041345]}},{"type":"Feature","properties":{"node_id":"4331763792","node_origin":"osm_node","degree":2,"is_intersection":false,"source":"OpenStreetMap"},"geometry":{"type":"Point","coordinates":[118.772556,32.0428733]}},{"type":"Feature","properties":{"node_id":"4331775570","node_origin":"osm_node","degree":2,"is_intersection":false,"source":"OpenStreetMap"},"geometry":{"type":"Point","coordinates":[118.7779003,32.048146]}},{"type":"Feature","properties":{"node_id":"4331775571","node_origin":"osm_node","degree":2,"is_intersection":false,"source":"OpenStreetMap"},"geometry":{"type":"Point","coordinates":[118.774786,32.0478837]}},{"type":"Feature","properties":{"node_id":"4331775576","node_origin":"osm_node","degree":2,"is_intersection":false,"source":"OpenStreetMap"},"geometry":{"type":"Point","coordinates":[118.7769249,32.0479477]}},{"type":"Feature","properties":{"node_id":"4331775577","node_origin":"osm_node","degree":3,"is_intersection":true,"source":"OpenStreetMap"},"geometry":{"type":"Point","coordinates":[118.7767913,32.0473575]}},{"type":"Feature","properties":{"node_id":"4331775578","node_origin":"osm_node","degree":2,"is_intersection":false,"source":"OpenStreetMap"},"geometry":{"type":"Point","coordinates":[118.7798323,32.0496046]}},{"type":"Feature","properties":{"node_id":"4331775581","node_origin":"osm_node","degree":2,"is_intersection":false,"source":"OpenStreetMap"},"geometry":{"type":"Point","coordinates":[118.7788329,32.0508221]}},{"type":"Feature","properties":{"node_id":"4334927397","node_origin":"osm_node","degree":2,"is_intersection":false,"source":"OpenStreetMap"},"geometry":{"type":"Point","coordinates":[118.7926441,32.0358113]}},{"type":"Feature","properties":{"node_id":"4334927398","node_origin":"osm_node","degree":2,"is_intersection":false,"source":"OpenStreetMap"},"geometry":{"type":"Point","coordinates":[118.7915549,32.0360165]}},{"type":"Feature","properties":{"node_id":"4345423957","node_origin":"osm_node","degree":2,"is_intersection":false,"source":"OpenStreetMap"},"geometry":{"type":"Point","coordinates":[118.7879227,32.0379962]}},{"type":"Feature","properties":{"node_id":"4345423958","node_origin":"osm_node","degree":2,"is_intersection":false,"source":"OpenStreetMap"},"geometry":{"type":"Point","coordinates":[118.787476,32.0400036]}},{"type":"Feature","properties":{"node_id":"4345423959","node_origin":"osm_node","degree":2,"is_intersection":false,"source":"OpenStreetMap"},"geometry":{"type":"Point","coordinates":[118.7870073,32.0385368]}},{"type":"Feature","properties":{"node_id":"4345447295","node_origin":"osm_node","degree":2,"is_intersection":false,"source":"OpenStreetMap"},"geometry":{"type":"Point","coordinates":[118.801231,32.041136]}},{"type":"Feature","properties":{"node_id":"4345455918","node_origin":"osm_node","degree":3,"is_intersection":true,"source":"OpenStreetMap"},"geometry":{"type":"Point","coordinates":[118.7786467,32.0613424]}},{"type":"Feature","properties":{"node_id":"4345455919","node_origin":"osm_node","degree":4,"is_intersection":true,"source":"OpenStreetMap"},"geometry":{"type":"Point","coordinates":[118.7765978,32.0629979]}},{"type":"Feature","properties":{"node_id":"4345455920","node_origin":"osm_node","degree":4,"is_intersection":true,"source":"OpenStreetMap"},"geometry":{"type":"Point","coordinates":[118.7751782,32.0642458]}},{"type":"Feature","properties":{"node_id":"4345455921","node_origin":"osm_node","degree":2,"is_intersection":false,"source":"OpenStreetMap"},"geometry":{"type":"Point","coordinates":[118.7731662,32.0659922]}},{"type":"Feature","properties":{"node_id":"4345455924","node_origin":"osm_node","degree":2,"is_intersection":false,"source":"OpenStreetMap"},"geometry":{"type":"Point","coordinates":[118.7762805,32.0617674]}},{"type":"Feature","properties":{"node_id":"4345455925","node_origin":"osm_node","degree":2,"is_intersection":false,"source":"OpenStreetMap"},"geometry":{"type":"Point","coordinates":[118.7797213,32.0586569]}},{"type":"Feature","properties":{"node_id":"4345455929","node_origin":"osm_node","degree":2,"is_intersection":false,"source":"OpenStreetMap"},"geometry":{"type":"Point","coordinates":[118.7792795,32.06102]}},{"type":"Feature","properties":{"node_id":"4345455932","node_origin":"osm_node","degree":2,"is_intersection":false,"source":"OpenStreetMap"},"geometry":{"type":"Point","coordinates":[118.7797331,32.0542827]}},{"type":"Feature","properties":{"node_id":"4345455934","node_origin":"osm_node","degree":2,"is_intersection":false,"source":"OpenStreetMap"},"geometry":{"type":"Point","coordinates":[118.7781148,32.0508356]}},{"type":"Feature","properties":{"node_id":"4371177608","node_origin":"osm_node","degree":2,"is_intersection":false,"source":"OpenStreetMap"},"geometry":{"type":"Point","coordinates":[118.7762525,32.061835]}},{"type":"Feature","properties":{"node_id":"4386532131","node_origin":"osm_node","degree":1,"is_intersection":false,"source":"OpenStreetMap"},"geometry":{"type":"Point","coordinates":[118.80215,32.0805008]}},{"type":"Feature","properties":{"node_id":"4386532132","node_origin":"osm_node","degree":1,"is_intersection":false,"source":"OpenStreetMap"},"geometry":{"type":"Point","coordinates":[118.802048,32.0803417]}},{"type":"Feature","properties":{"node_id":"4389147716","node_origin":"osm_node","degree":2,"is_intersection":false,"source":"OpenStreetMap"},"geometry":{"type":"Point","coordinates":[118.7968721,32.0418834]}},{"type":"Feature","properties":{"node_id":"4389147717","node_origin":"osm_node","degree":2,"is_intersection":false,"source":"OpenStreetMap"},"geometry":{"type":"Point","coordinates":[118.7975053,32.0419303]}},{"type":"Feature","properties":{"node_id":"4389147728","node_origin":"osm_node","degree":2,"is_intersection":false,"source":"OpenStreetMap"},"geometry":{"type":"Point","coordinates":[118.7953855,32.0421572]}},{"type":"Feature","properties":{"node_id":"4389147729","node_origin":"osm_node","degree":3,"is_intersection":true,"source":"OpenStreetMap"},"geometry":{"type":"Point","coordinates":[118.7937621,32.0422018]}},{"type":"Feature","properties":{"node_id":"4389147730","node_origin":"osm_node","degree":2,"is_intersection":false,"source":"OpenStreetMap"},"geometry":{"type":"Point","coordinates":[118.7937994,32.0423335]}},{"type":"Feature","properties":{"node_id":"4395785156","node_origin":"osm_node","degree":3,"is_intersection":true,"source":"OpenStreetMap"},"geometry":{"type":"Point","coordinates":[118.7743536,32.0355288]}},{"type":"Feature","properties":{"node_id":"4395785157","node_origin":"osm_node","degree":2,"is_intersection":false,"source":"OpenStreetMap"},"geometry":{"type":"Point","coordinates":[118.7728594,32.0360737]}},{"type":"Feature","properties":{"node_id":"4395785158","node_origin":"osm_node","degree":2,"is_intersection":false,"source":"OpenStreetMap"},"geometry":{"type":"Point","coordinates":[118.7724418,32.0362237]}},{"type":"Feature","properties":{"node_id":"4395785159","node_origin":"osm_node","degree":2,"is_intersection":false,"source":"OpenStreetMap"},"geometry":{"type":"Point","coordinates":[118.7723745,32.0361547]}},{"type":"Feature","properties":{"node_id":"4395975905","node_origin":"osm_node","degree":2,"is_intersection":false,"source":"OpenStreetMap"},"geometry":{"type":"Point","coordinates":[118.7838055,32.0375849]}},{"type":"Feature","properties":{"node_id":"4401052553","node_origin":"osm_node","degree":3,"is_intersection":true,"source":"OpenStreetMap"},"geometry":{"type":"Point","coordinates":[118.7701668,32.0416271]}},{"type":"Feature","properties":{"node_id":"4401052554","node_origin":"osm_node","degree":2,"is_intersection":false,"source":"OpenStreetMap"},"geometry":{"type":"Point","coordinates":[118.7705291,32.0414688]}},{"type":"Feature","properties":{"node_id":"4401052555","node_origin":"osm_node","degree":2,"is_intersection":false,"source":"OpenStreetMap"},"geometry":{"type":"Point","coordinates":[118.7705747,32.0414324]}},{"type":"Feature","properties":{"node_id":"4401052556","node_origin":"osm_node","degree":3,"is_intersection":true,"source":"OpenStreetMap"},"geometry":{"type":"Point","coordinates":[118.7705881,32.0413733]}},{"type":"Feature","properties":{"node_id":"4401052559","node_origin":"osm_node","degree":2,"is_intersection":false,"source":"OpenStreetMap"},"geometry":{"type":"Point","coordinates":[118.7702819,32.0402718]}},{"type":"Feature","properties":{"node_id":"4405415736","node_origin":"osm_node","degree":2,"is_intersection":false,"source":"OpenStreetMap"},"geometry":{"type":"Point","coordinates":[118.7924376,32.0415828]}},{"type":"Feature","properties":{"node_id":"4405415756","node_origin":"osm_node","degree":3,"is_intersection":true,"source":"OpenStreetMap"},"geometry":{"type":"Point","coordinates":[118.796833,32.0398753]}},{"type":"Feature","properties":{"node_id":"4405415758","node_origin":"osm_node","degree":2,"is_intersection":false,"source":"OpenStreetMap"},"geometry":{"type":"Point","coordinates":[118.7961222,32.0400276]}},{"type":"Feature","properties":{"node_id":"4405415760","node_origin":"osm_node","degree":2,"is_intersection":false,"source":"OpenStreetMap"},"geometry":{"type":"Point","coordinates":[118.7970049,32.0404355]}},{"type":"Feature","properties":{"node_id":"4405415761","node_origin":"osm_node","degree":2,"is_intersection":false,"source":"OpenStreetMap"},"geometry":{"type":"Point","coordinates":[118.7945088,32.0379964]}},{"type":"Feature","properties":{"node_id":"4405415763","node_origin":"osm_node","degree":2,"is_intersection":false,"source":"OpenStreetMap"},"geometry":{"type":"Point","coordinates":[118.7946314,32.0384518]}},{"type":"Feature","properties":{"node_id":"4405607038","node_origin":"osm_node","degree":2,"is_intersection":false,"source":"OpenStreetMap"},"geometry":{"type":"Point","coordinates":[118.7993387,32.0461919]}},{"type":"Feature","properties":{"node_id":"4405637930","node_origin":"osm_node","degree":2,"is_intersection":false,"source":"OpenStreetMap"},"geometry":{"type":"Point","coordinates":[118.785927,32.0378854]}},{"type":"Feature","properties":{"node_id":"4414126465","node_origin":"osm_node","degree":2,"is_intersection":false,"source":"OpenStreetMap"},"geometry":{"type":"Point","coordinates":[118.7996633,32.08241]}},{"type":"Feature","properties":{"node_id":"4415893515","node_origin":"osm_node","degree":2,"is_intersection":false,"source":"OpenStreetMap"},"geometry":{"type":"Point","coordinates":[118.7857921,32.0374557]}},{"type":"Feature","properties":{"node_id":"4415893516","node_origin":"osm_node","degree":4,"is_intersection":true,"source":"OpenStreetMap"},"geometry":{"type":"Point","coordinates":[118.7820675,32.0380272]}},{"type":"Feature","properties":{"node_id":"4415893520","node_origin":"osm_node","degree":3,"is_intersection":true,"source":"OpenStreetMap"},"geometry":{"type":"Point","coordinates":[118.7880411,32.0363537]}},{"type":"Feature","properties":{"node_id":"4415893521","node_origin":"osm_node","degree":2,"is_intersection":false,"source":"OpenStreetMap"},"geometry":{"type":"Point","coordinates":[118.7885298,32.0361548]}},{"type":"Feature","properties":{"node_id":"4415893522","node_origin":"osm_node","degree":2,"is_intersection":false,"source":"OpenStreetMap"},"geometry":{"type":"Point","coordinates":[118.7888648,32.0360576]}},{"type":"Feature","properties":{"node_id":"4415893523","node_origin":"osm_node","degree":2,"is_intersection":false,"source":"OpenStreetMap"},"geometry":{"type":"Point","coordinates":[118.7892244,32.0359503]}},{"type":"Feature","properties":{"node_id":"4415893525","node_origin":"osm_node","degree":4,"is_intersection":true,"source":"OpenStreetMap"},"geometry":{"type":"Point","coordinates":[118.7914197,32.0356521]}},{"type":"Feature","properties":{"node_id":"4415897106","node_origin":"osm_node","degree":4,"is_intersection":true,"source":"OpenStreetMap"},"geometry":{"type":"Point","coordinates":[118.7920377,32.0555592]}},{"type":"Feature","properties":{"node_id":"4415897107","node_origin":"osm_node","degree":3,"is_intersection":true,"source":"OpenStreetMap"},"geometry":{"type":"Point","coordinates":[118.7918443,32.0547696]}},{"type":"Feature","properties":{"node_id":"4415897108","node_origin":"osm_node","degree":3,"is_intersection":true,"source":"OpenStreetMap"},"geometry":{"type":"Point","coordinates":[118.7912597,32.0522267]}},{"type":"Feature","properties":{"node_id":"4415897109","node_origin":"osm_node","degree":4,"is_intersection":true,"source":"OpenStreetMap"},"geometry":{"type":"Point","coordinates":[118.790895,32.0505453]}},{"type":"Feature","properties":{"node_id":"4415897110","node_origin":"osm_node","degree":4,"is_intersection":true,"source":"OpenStreetMap"},"geometry":{"type":"Point","coordinates":[118.7904258,32.0486406]}},{"type":"Feature","properties":{"node_id":"4415897111","node_origin":"osm_node","degree":5,"is_intersection":true,"source":"OpenStreetMap"},"geometry":{"type":"Point","coordinates":[118.7897202,32.0452514]}},{"type":"Feature","properties":{"node_id":"4415897113","node_origin":"osm_node","degree":4,"is_intersection":true,"source":"OpenStreetMap"},"geometry":{"type":"Point","coordinates":[118.7927334,32.0586881]}},{"type":"Feature","properties":{"node_id":"4415897116","node_origin":"osm_node","degree":2,"is_intersection":false,"source":"OpenStreetMap"},"geometry":{"type":"Point","coordinates":[118.7902741,32.0597164]}},{"type":"Feature","properties":{"node_id":"4415897117","node_origin":"osm_node","degree":2,"is_intersection":false,"source":"OpenStreetMap"},"geometry":{"type":"Point","coordinates":[118.7899847,32.0598473]}},{"type":"Feature","properties":{"node_id":"4415897118","node_origin":"osm_node","degree":2,"is_intersection":false,"source":"OpenStreetMap"},"geometry":{"type":"Point","coordinates":[118.7898609,32.0598785]}},{"type":"Feature","properties":{"node_id":"4415897119","node_origin":"osm_node","degree":2,"is_intersection":false,"source":"OpenStreetMap"},"geometry":{"type":"Point","coordinates":[118.7897125,32.0599115]}},{"type":"Feature","properties":{"node_id":"4415897120","node_origin":"osm_node","degree":2,"is_intersection":false,"source":"OpenStreetMap"},"geometry":{"type":"Point","coordinates":[118.7963441,32.0593335]}},{"type":"Feature","properties":{"node_id":"4415897121","node_origin":"osm_node","degree":3,"is_intersection":true,"source":"OpenStreetMap"},"geometry":{"type":"Point","coordinates":[118.7930451,32.0598328]}},{"type":"Feature","properties":{"node_id":"4415897129","node_origin":"osm_node","degree":3,"is_intersection":true,"source":"OpenStreetMap"},"geometry":{"type":"Point","coordinates":[118.794895,32.0595602]}},{"type":"Feature","properties":{"node_id":"4415897131","node_origin":"osm_node","degree":2,"is_intersection":false,"source":"OpenStreetMap"},"geometry":{"type":"Point","coordinates":[118.8076423,32.0592152]}},{"type":"Feature","properties":{"node_id":"4415897132","node_origin":"osm_node","degree":2,"is_intersection":false,"source":"OpenStreetMap"},"geometry":{"type":"Point","coordinates":[118.807798,32.0592836]}},{"type":"Feature","properties":{"node_id":"4415897133","node_origin":"osm_node","degree":2,"is_intersection":false,"source":"OpenStreetMap"},"geometry":{"type":"Point","coordinates":[118.8074731,32.0593056]}},{"type":"Feature","properties":{"node_id":"4415897134","node_origin":"osm_node","degree":2,"is_intersection":false,"source":"OpenStreetMap"},"geometry":{"type":"Point","coordinates":[118.8075838,32.0593799]}},{"type":"Feature","properties":{"node_id":"4417170059","node_origin":"osm_node","degree":2,"is_intersection":false,"source":"OpenStreetMap"},"geometry":{"type":"Point","coordinates":[118.7886028,32.0450312]}},{"type":"Feature","properties":{"node_id":"4424572589","node_origin":"osm_node","degree":2,"is_intersection":false,"source":"OpenStreetMap"},"geometry":{"type":"Point","coordinates":[118.7721418,32.0430109]}},{"type":"Feature","properties":{"node_id":"4424572590","node_origin":"osm_node","degree":3,"is_intersection":true,"source":"OpenStreetMap"},"geometry":{"type":"Point","coordinates":[118.7706129,32.0424345]}},{"type":"Feature","properties":{"node_id":"4424572591","node_origin":"osm_node","degree":2,"is_intersection":false,"source":"OpenStreetMap"},"geometry":{"type":"Point","coordinates":[118.7709884,32.0422993]}},{"type":"Feature","properties":{"node_id":"4424572592","node_origin":"osm_node","degree":2,"is_intersection":false,"source":"OpenStreetMap"},"geometry":{"type":"Point","coordinates":[118.7710453,32.0422579]}},{"type":"Feature","properties":{"node_id":"4424572593","node_origin":"osm_node","degree":2,"is_intersection":false,"source":"OpenStreetMap"},"geometry":{"type":"Point","coordinates":[118.7710494,32.0422028]}},{"type":"Feature","properties":{"node_id":"4424572594","node_origin":"osm_node","degree":2,"is_intersection":false,"source":"OpenStreetMap"},"geometry":{"type":"Point","coordinates":[118.7708136,32.0417134]}},{"type":"Feature","properties":{"node_id":"4424572595","node_origin":"osm_node","degree":2,"is_intersection":false,"source":"OpenStreetMap"},"geometry":{"type":"Point","coordinates":[118.7708524,32.0417884]}},{"type":"Feature","properties":{"node_id":"4424572605","node_origin":"osm_node","degree":2,"is_intersection":false,"source":"OpenStreetMap"},"geometry":{"type":"Point","coordinates":[118.771616,32.0407038]}},{"type":"Feature","properties":{"node_id":"4424572607","node_origin":"osm_node","degree":2,"is_intersection":false,"source":"OpenStreetMap"},"geometry":{"type":"Point","coordinates":[118.7702394,32.0401864]}},{"type":"Feature","properties":{"node_id":"4424572608","node_origin":"osm_node","degree":2,"is_intersection":false,"source":"OpenStreetMap"},"geometry":{"type":"Point","coordinates":[118.7704405,32.0410595]}},{"type":"Feature","properties":{"node_id":"4424572609","node_origin":"osm_node","degree":2,"is_intersection":false,"source":"OpenStreetMap"},"geometry":{"type":"Point","coordinates":[118.7703976,32.0409345]}},{"type":"Feature","properties":{"node_id":"4424594487","node_origin":"osm_node","degree":3,"is_intersection":true,"source":"OpenStreetMap"},"geometry":{"type":"Point","coordinates":[118.7767354,32.0360433]}},{"type":"Feature","properties":{"node_id":"4438812997","node_origin":"osm_node","degree":2,"is_intersection":false,"source":"OpenStreetMap"},"geometry":{"type":"Point","coordinates":[118.8123562,32.0453669]}},{"type":"Feature","properties":{"node_id":"4438812998","node_origin":"osm_node","degree":2,"is_intersection":false,"source":"OpenStreetMap"},"geometry":{"type":"Point","coordinates":[118.8137054,32.0450137]}},{"type":"Feature","properties":{"node_id":"4438812999","node_origin":"osm_node","degree":2,"is_intersection":false,"source":"OpenStreetMap"},"geometry":{"type":"Point","coordinates":[118.8128342,32.0456451]}},{"type":"Feature","properties":{"node_id":"4438813019","node_origin":"osm_node","degree":2,"is_intersection":false,"source":"OpenStreetMap"},"geometry":{"type":"Point","coordinates":[118.8122045,32.0448861]}},{"type":"Feature","properties":{"node_id":"4438813039","node_origin":"osm_node","degree":2,"is_intersection":false,"source":"OpenStreetMap"},"geometry":{"type":"Point","coordinates":[118.8123296,32.0390605]}},{"type":"Feature","properties":{"node_id":"4490693367","node_origin":"osm_node","degree":2,"is_intersection":false,"source":"OpenStreetMap"},"geometry":{"type":"Point","coordinates":[118.7757467,32.042948]}},{"type":"Feature","properties":{"node_id":"4490693368","node_origin":"osm_node","degree":2,"is_intersection":false,"source":"OpenStreetMap"},"geometry":{"type":"Point","coordinates":[118.7772186,32.0438877]}},{"type":"Feature","properties":{"node_id":"4490693379","node_origin":"osm_node","degree":4,"is_intersection":true,"source":"OpenStreetMap"},"geometry":{"type":"Point","coordinates":[118.7803,32.0355473]}},{"type":"Feature","properties":{"node_id":"4624563233","node_origin":"osm_node","degree":2,"is_intersection":false,"source":"OpenStreetMap"},"geometry":{"type":"Point","coordinates":[118.7715759,32.0430925]}},{"type":"Feature","properties":{"node_id":"4631802636","node_origin":"osm_node","degree":2,"is_intersection":false,"source":"OpenStreetMap"},"geometry":{"type":"Point","coordinates":[118.7867253,32.0507704]}},{"type":"Feature","properties":{"node_id":"4711134392","node_origin":"osm_node","degree":2,"is_intersection":false,"source":"OpenStreetMap"},"geometry":{"type":"Point","coordinates":[118.7945261,32.0379924]}},{"type":"Feature","properties":{"node_id":"4711134394","node_origin":"osm_node","degree":2,"is_intersection":false,"source":"OpenStreetMap"},"geometry":{"type":"Point","coordinates":[118.7946607,32.0379646]}},{"type":"Feature","properties":{"node_id":"4714439527","node_origin":"osm_node","degree":2,"is_intersection":false,"source":"OpenStreetMap"},"geometry":{"type":"Point","coordinates":[118.7945555,32.0391967]}},{"type":"Feature","properties":{"node_id":"4714439529","node_origin":"osm_node","degree":2,"is_intersection":false,"source":"OpenStreetMap"},"geometry":{"type":"Point","coordinates":[118.7943802,32.0387071]}},{"type":"Feature","properties":{"node_id":"4714439530","node_origin":"osm_node","degree":2,"is_intersection":false,"source":"OpenStreetMap"},"geometry":{"type":"Point","coordinates":[118.7945407,32.0391311]}},{"type":"Feature","properties":{"node_id":"4714439531","node_origin":"osm_node","degree":2,"is_intersection":false,"source":"OpenStreetMap"},"geometry":{"type":"Point","coordinates":[118.7944885,32.0389599]}},{"type":"Feature","properties":{"node_id":"4714439535","node_origin":"osm_node","degree":2,"is_intersection":false,"source":"OpenStreetMap"},"geometry":{"type":"Point","coordinates":[118.7945188,32.0390614]}},{"type":"Feature","properties":{"node_id":"4714623212","node_origin":"osm_node","degree":2,"is_intersection":false,"source":"OpenStreetMap"},"geometry":{"type":"Point","coordinates":[118.8177996,32.0808589]}},{"type":"Feature","properties":{"node_id":"4714623213","node_origin":"osm_node","degree":1,"is_intersection":false,"source":"OpenStreetMap"},"geometry":{"type":"Point","coordinates":[118.8177238,32.0808526]}},{"type":"Feature","properties":{"node_id":"4721463890","node_origin":"osm_node","degree":2,"is_intersection":false,"source":"OpenStreetMap"},"geometry":{"type":"Point","coordinates":[118.7937688,32.0496766]}},{"type":"Feature","properties":{"node_id":"4721463891","node_origin":"osm_node","degree":2,"is_intersection":false,"source":"OpenStreetMap"},"geometry":{"type":"Point","coordinates":[118.7937963,32.0497687]}},{"type":"Feature","properties":{"node_id":"4721715937","node_origin":"osm_node","degree":2,"is_intersection":false,"source":"OpenStreetMap"},"geometry":{"type":"Point","coordinates":[118.7942728,32.0383274]}},{"type":"Feature","properties":{"node_id":"4730095336","node_origin":"osm_node","degree":2,"is_intersection":false,"source":"OpenStreetMap"},"geometry":{"type":"Point","coordinates":[118.7688727,32.0611971]}},{"type":"Feature","properties":{"node_id":"4924379073","node_origin":"osm_node","degree":1,"is_intersection":false,"source":"OpenStreetMap"},"geometry":{"type":"Point","coordinates":[118.7967724,32.0504196]}},{"type":"Feature","properties":{"node_id":"5097580032","node_origin":"osm_node","degree":2,"is_intersection":false,"source":"OpenStreetMap"},"geometry":{"type":"Point","coordinates":[118.8258017,32.08508]}},{"type":"Feature","properties":{"node_id":"5097580033","node_origin":"osm_node","degree":2,"is_intersection":false,"source":"OpenStreetMap"},"geometry":{"type":"Point","coordinates":[118.8245178,32.084914]}},{"type":"Feature","properties":{"node_id":"5097580038","node_origin":"osm_node","degree":2,"is_intersection":false,"source":"OpenStreetMap"},"geometry":{"type":"Point","coordinates":[118.8241539,32.0847147]}},{"type":"Feature","properties":{"node_id":"5097580049","node_origin":"osm_node","degree":3,"is_intersection":true,"source":"OpenStreetMap"},"geometry":{"type":"Point","coordinates":[118.8262536,32.0847327]}},{"type":"Feature","properties":{"node_id":"5112118576","node_origin":"osm_node","degree":3,"is_intersection":true,"source":"OpenStreetMap"},"geometry":{"type":"Point","coordinates":[118.8240682,32.0846678]}},{"type":"Feature","properties":{"node_id":"5112118602","node_origin":"osm_node","degree":3,"is_intersection":true,"source":"OpenStreetMap"},"geometry":{"type":"Point","coordinates":[118.8238702,32.0849425]}},{"type":"Feature","properties":{"node_id":"5112118603","node_origin":"osm_node","degree":1,"is_intersection":false,"source":"OpenStreetMap"},"geometry":{"type":"Point","coordinates":[118.8234006,32.0847105]}},{"type":"Feature","properties":{"node_id":"5112118604","node_origin":"osm_node","degree":3,"is_intersection":true,"source":"OpenStreetMap"},"geometry":{"type":"Point","coordinates":[118.8237243,32.0851451]}},{"type":"Feature","properties":{"node_id":"5112118605","node_origin":"osm_node","degree":1,"is_intersection":false,"source":"OpenStreetMap"},"geometry":{"type":"Point","coordinates":[118.8232003,32.0847941]}},{"type":"Feature","properties":{"node_id":"5112118607","node_origin":"osm_node","degree":1,"is_intersection":false,"source":"OpenStreetMap"},"geometry":{"type":"Point","coordinates":[118.8230647,32.0849873]}},{"type":"Feature","properties":{"node_id":"5112118610","node_origin":"osm_node","degree":2,"is_intersection":false,"source":"OpenStreetMap"},"geometry":{"type":"Point","coordinates":[118.8227258,32.0852744]}},{"type":"Feature","properties":{"node_id":"5112187606","node_origin":"osm_node","degree":2,"is_intersection":false,"source":"OpenStreetMap"},"geometry":{"type":"Point","coordinates":[118.8234053,32.0843048]}},{"type":"Feature","properties":{"node_id":"5112189548","node_origin":"osm_node","degree":2,"is_intersection":false,"source":"OpenStreetMap"},"geometry":{"type":"Point","coordinates":[118.8239513,32.0822962]}},{"type":"Feature","properties":{"node_id":"5344286052","node_origin":"osm_node","degree":2,"is_intersection":false,"source":"OpenStreetMap"},"geometry":{"type":"Point","coordinates":[118.7789668,32.0759185]}},{"type":"Feature","properties":{"node_id":"5344286054","node_origin":"osm_node","degree":2,"is_intersection":false,"source":"OpenStreetMap"},"geometry":{"type":"Point","coordinates":[118.7789601,32.0736986]}},{"type":"Feature","properties":{"node_id":"5344286057","node_origin":"osm_node","degree":3,"is_intersection":true,"source":"OpenStreetMap"},"geometry":{"type":"Point","coordinates":[118.7787975,32.0736889]}},{"type":"Feature","properties":{"node_id":"5344286058","node_origin":"osm_node","degree":2,"is_intersection":false,"source":"OpenStreetMap"},"geometry":{"type":"Point","coordinates":[118.777807,32.0736667]}},{"type":"Feature","properties":{"node_id":"5344286059","node_origin":"osm_node","degree":2,"is_intersection":false,"source":"OpenStreetMap"},"geometry":{"type":"Point","coordinates":[118.7770645,32.0736497]}},{"type":"Feature","properties":{"node_id":"5344286060","node_origin":"osm_node","degree":3,"is_intersection":true,"source":"OpenStreetMap"},"geometry":{"type":"Point","coordinates":[118.7766722,32.0736426]}},{"type":"Feature","properties":{"node_id":"5344286061","node_origin":"osm_node","degree":2,"is_intersection":false,"source":"OpenStreetMap"},"geometry":{"type":"Point","coordinates":[118.7759676,32.07354]}},{"type":"Feature","properties":{"node_id":"5344286062","node_origin":"osm_node","degree":2,"is_intersection":false,"source":"OpenStreetMap"},"geometry":{"type":"Point","coordinates":[118.7750726,32.0734748]}},{"type":"Feature","properties":{"node_id":"5344286063","node_origin":"osm_node","degree":2,"is_intersection":false,"source":"OpenStreetMap"},"geometry":{"type":"Point","coordinates":[118.7745473,32.0734578]}},{"type":"Feature","properties":{"node_id":"5344286064","node_origin":"osm_node","degree":2,"is_intersection":false,"source":"OpenStreetMap"},"geometry":{"type":"Point","coordinates":[118.7743208,32.07345]}},{"type":"Feature","properties":{"node_id":"5344286065","node_origin":"osm_node","degree":2,"is_intersection":false,"source":"OpenStreetMap"},"geometry":{"type":"Point","coordinates":[118.7739372,32.0732555]}},{"type":"Feature","properties":{"node_id":"5344286066","node_origin":"osm_node","degree":2,"is_intersection":false,"source":"OpenStreetMap"},"geometry":{"type":"Point","coordinates":[118.7736661,32.0731432]}},{"type":"Feature","properties":{"node_id":"5344286067","node_origin":"osm_node","degree":2,"is_intersection":false,"source":"OpenStreetMap"},"geometry":{"type":"Point","coordinates":[118.7729944,32.0730192]}},{"type":"Feature","properties":{"node_id":"5344286068","node_origin":"osm_node","degree":2,"is_intersection":false,"source":"OpenStreetMap"},"geometry":{"type":"Point","coordinates":[118.7720501,32.0728652]}},{"type":"Feature","properties":{"node_id":"5344286069","node_origin":"osm_node","degree":2,"is_intersection":false,"source":"OpenStreetMap"},"geometry":{"type":"Point","coordinates":[118.7714092,32.0727438]}},{"type":"Feature","properties":{"node_id":"5344286070","node_origin":"osm_node","degree":3,"is_intersection":true,"source":"OpenStreetMap"},"geometry":{"type":"Point","coordinates":[118.7710397,32.0726519]}},{"type":"Feature","properties":{"node_id":"5344286071","node_origin":"osm_node","degree":2,"is_intersection":false,"source":"OpenStreetMap"},"geometry":{"type":"Point","coordinates":[118.7707376,32.0725036]}},{"type":"Feature","properties":{"node_id":"5344286072","node_origin":"osm_node","degree":3,"is_intersection":true,"source":"OpenStreetMap"},"geometry":{"type":"Point","coordinates":[118.7702763,32.0722081]}},{"type":"Feature","properties":{"node_id":"5390296879","node_origin":"osm_node","degree":2,"is_intersection":false,"source":"OpenStreetMap"},"geometry":{"type":"Point","coordinates":[118.7792367,32.0722477]}},{"type":"Feature","properties":{"node_id":"5390296880","node_origin":"osm_node","degree":2,"is_intersection":false,"source":"OpenStreetMap"},"geometry":{"type":"Point","coordinates":[118.7799475,32.0723407]}},{"type":"Feature","properties":{"node_id":"5390296881","node_origin":"osm_node","degree":2,"is_intersection":false,"source":"OpenStreetMap"},"geometry":{"type":"Point","coordinates":[118.7804387,32.0723407]}},{"type":"Feature","properties":{"node_id":"5390296882","node_origin":"osm_node","degree":2,"is_intersection":false,"source":"OpenStreetMap"},"geometry":{"type":"Point","coordinates":[118.7810023,32.0723704]}},{"type":"Feature","properties":{"node_id":"5390296887","node_origin":"osm_node","degree":2,"is_intersection":false,"source":"OpenStreetMap"},"geometry":{"type":"Point","coordinates":[118.7810182,32.0786949]}},{"type":"Feature","properties":{"node_id":"5521715049","node_origin":"osm_node","degree":2,"is_intersection":false,"source":"OpenStreetMap"},"geometry":{"type":"Point","coordinates":[118.7674103,32.0817272]}},{"type":"Feature","properties":{"node_id":"5521715050","node_origin":"osm_node","degree":2,"is_intersection":false,"source":"OpenStreetMap"},"geometry":{"type":"Point","coordinates":[118.7674648,32.08361]}},{"type":"Feature","properties":{"node_id":"5535635203","node_origin":"osm_node","degree":2,"is_intersection":false,"source":"OpenStreetMap"},"geometry":{"type":"Point","coordinates":[118.801304,32.077918]}},{"type":"Feature","properties":{"node_id":"5535635487","node_origin":"osm_node","degree":2,"is_intersection":false,"source":"OpenStreetMap"},"geometry":{"type":"Point","coordinates":[118.8093349,32.0677564]}},{"type":"Feature","properties":{"node_id":"5535635488","node_origin":"osm_node","degree":2,"is_intersection":false,"source":"OpenStreetMap"},"geometry":{"type":"Point","coordinates":[118.8075874,32.0673623]}},{"type":"Feature","properties":{"node_id":"5535635496","node_origin":"osm_node","degree":2,"is_intersection":false,"source":"OpenStreetMap"},"geometry":{"type":"Point","coordinates":[118.8072413,32.0660507]}},{"type":"Feature","properties":{"node_id":"5536899295","node_origin":"osm_node","degree":2,"is_intersection":false,"source":"OpenStreetMap"},"geometry":{"type":"Point","coordinates":[118.8114969,32.0667561]}},{"type":"Feature","properties":{"node_id":"5539158185","node_origin":"osm_node","degree":2,"is_intersection":false,"source":"OpenStreetMap"},"geometry":{"type":"Point","coordinates":[118.7999619,32.077293]}},{"type":"Feature","properties":{"node_id":"5539158187","node_origin":"osm_node","degree":2,"is_intersection":false,"source":"OpenStreetMap"},"geometry":{"type":"Point","coordinates":[118.7994469,32.0771157]}},{"type":"Feature","properties":{"node_id":"5539158192","node_origin":"osm_node","degree":2,"is_intersection":false,"source":"OpenStreetMap"},"geometry":{"type":"Point","coordinates":[118.8006485,32.0779248]}},{"type":"Feature","properties":{"node_id":"5539158194","node_origin":"osm_node","degree":2,"is_intersection":false,"source":"OpenStreetMap"},"geometry":{"type":"Point","coordinates":[118.8002301,32.0776475]}},{"type":"Feature","properties":{"node_id":"5539158205","node_origin":"osm_node","degree":2,"is_intersection":false,"source":"OpenStreetMap"},"geometry":{"type":"Point","coordinates":[118.8001496,32.0775384]}},{"type":"Feature","properties":{"node_id":"5539158207","node_origin":"osm_node","degree":2,"is_intersection":false,"source":"OpenStreetMap"},"geometry":{"type":"Point","coordinates":[118.7993336,32.0771277]}},{"type":"Feature","properties":{"node_id":"5539158208","node_origin":"osm_node","degree":2,"is_intersection":false,"source":"OpenStreetMap"},"geometry":{"type":"Point","coordinates":[118.8000638,32.0774293]}},{"type":"Feature","properties":{"node_id":"5539158214","node_origin":"osm_node","degree":2,"is_intersection":false,"source":"OpenStreetMap"},"geometry":{"type":"Point","coordinates":[118.8002784,32.0777066]}},{"type":"Feature","properties":{"node_id":"5539158220","node_origin":"osm_node","degree":2,"is_intersection":false,"source":"OpenStreetMap"},"geometry":{"type":"Point","coordinates":[118.7997098,32.0771157]}},{"type":"Feature","properties":{"node_id":"5539159421","node_origin":"osm_node","degree":2,"is_intersection":false,"source":"OpenStreetMap"},"geometry":{"type":"Point","coordinates":[118.8011099,32.0779884]}},{"type":"Feature","properties":{"node_id":"5539159422","node_origin":"osm_node","degree":2,"is_intersection":false,"source":"OpenStreetMap"},"geometry":{"type":"Point","coordinates":[118.7996132,32.077093]}},{"type":"Feature","properties":{"node_id":"5539159424","node_origin":"osm_node","degree":2,"is_intersection":false,"source":"OpenStreetMap"},"geometry":{"type":"Point","coordinates":[118.7998331,32.0771839]}},{"type":"Feature","properties":{"node_id":"5539159425","node_origin":"osm_node","degree":2,"is_intersection":false,"source":"OpenStreetMap"},"geometry":{"type":"Point","coordinates":[118.8005037,32.0778657]}},{"type":"Feature","properties":{"node_id":"5539159427","node_origin":"osm_node","degree":2,"is_intersection":false,"source":"OpenStreetMap"},"geometry":{"type":"Point","coordinates":[118.8008953,32.0779748]}},{"type":"Feature","properties":{"node_id":"5539159429","node_origin":"osm_node","degree":2,"is_intersection":false,"source":"OpenStreetMap"},"geometry":{"type":"Point","coordinates":[118.800391,32.0777975]}},{"type":"Feature","properties":{"node_id":"5539159431","node_origin":"osm_node","degree":2,"is_intersection":false,"source":"OpenStreetMap"},"geometry":{"type":"Point","coordinates":[118.8013455,32.0779345]}},{"type":"Feature","properties":{"node_id":"5546787189","node_origin":"osm_node","degree":2,"is_intersection":false,"source":"OpenStreetMap"},"geometry":{"type":"Point","coordinates":[118.7891827,32.0416687]}},{"type":"Feature","properties":{"node_id":"5549546871","node_origin":"osm_node","degree":2,"is_intersection":false,"source":"OpenStreetMap"},"geometry":{"type":"Point","coordinates":[118.7956308,32.0850948]}},{"type":"Feature","properties":{"node_id":"5549546880","node_origin":"osm_node","degree":2,"is_intersection":false,"source":"OpenStreetMap"},"geometry":{"type":"Point","coordinates":[118.7956752,32.0852066]}},{"type":"Feature","properties":{"node_id":"5549546891","node_origin":"osm_node","degree":2,"is_intersection":false,"source":"OpenStreetMap"},"geometry":{"type":"Point","coordinates":[118.7956281,32.0848911]}},{"type":"Feature","properties":{"node_id":"5549546898","node_origin":"osm_node","degree":2,"is_intersection":false,"source":"OpenStreetMap"},"geometry":{"type":"Point","coordinates":[118.795239,32.0851865]}},{"type":"Feature","properties":{"node_id":"5549546900","node_origin":"osm_node","degree":2,"is_intersection":false,"source":"OpenStreetMap"},"geometry":{"type":"Point","coordinates":[118.795616,32.0849833]}},{"type":"Feature","properties":{"node_id":"5549547040","node_origin":"osm_node","degree":2,"is_intersection":false,"source":"OpenStreetMap"},"geometry":{"type":"Point","coordinates":[118.7951495,32.0852071]}},{"type":"Feature","properties":{"node_id":"5549547041","node_origin":"osm_node","degree":2,"is_intersection":false,"source":"OpenStreetMap"},"geometry":{"type":"Point","coordinates":[118.7953784,32.0851859]}},{"type":"Feature","properties":{"node_id":"5549547044","node_origin":"osm_node","degree":2,"is_intersection":false,"source":"OpenStreetMap"},"geometry":{"type":"Point","coordinates":[118.7957444,32.0846496]}},{"type":"Feature","properties":{"node_id":"5549547046","node_origin":"osm_node","degree":2,"is_intersection":false,"source":"OpenStreetMap"},"geometry":{"type":"Point","coordinates":[118.7956707,32.0847805]}},{"type":"Feature","properties":{"node_id":"5549547047","node_origin":"osm_node","degree":2,"is_intersection":false,"source":"OpenStreetMap"},"geometry":{"type":"Point","coordinates":[118.7955451,32.0852478]}},{"type":"Feature","properties":{"node_id":"5549569186","node_origin":"osm_node","degree":1,"is_intersection":false,"source":"OpenStreetMap"},"geometry":{"type":"Point","coordinates":[118.8015833,32.0781881]}},{"type":"Feature","properties":{"node_id":"5549569190","node_origin":"osm_node","degree":1,"is_intersection":false,"source":"OpenStreetMap"},"geometry":{"type":"Point","coordinates":[118.80166,32.0780618]}},{"type":"Feature","properties":{"node_id":"5757687029","node_origin":"osm_node","degree":2,"is_intersection":false,"source":"OpenStreetMap"},"geometry":{"type":"Point","coordinates":[118.7942729,32.0362353]}},{"type":"Feature","properties":{"node_id":"5898123071","node_origin":"osm_node","degree":1,"is_intersection":false,"source":"OpenStreetMap"},"geometry":{"type":"Point","coordinates":[118.8067048,32.077152]}},{"type":"Feature","properties":{"node_id":"5898123072","node_origin":"osm_node","degree":3,"is_intersection":true,"source":"OpenStreetMap"},"geometry":{"type":"Point","coordinates":[118.8067296,32.0769331]}},{"type":"Feature","properties":{"node_id":"5898123073","node_origin":"osm_node","degree":2,"is_intersection":false,"source":"OpenStreetMap"},"geometry":{"type":"Point","coordinates":[118.80668,32.0768161]}},{"type":"Feature","properties":{"node_id":"5898123074","node_origin":"osm_node","degree":2,"is_intersection":false,"source":"OpenStreetMap"},"geometry":{"type":"Point","coordinates":[118.8067296,32.0762554]}},{"type":"Feature","properties":{"node_id":"5898123075","node_origin":"osm_node","degree":2,"is_intersection":false,"source":"OpenStreetMap"},"geometry":{"type":"Point","coordinates":[118.806765,32.0760514]}},{"type":"Feature","properties":{"node_id":"5898123076","node_origin":"osm_node","degree":2,"is_intersection":false,"source":"OpenStreetMap"},"geometry":{"type":"Point","coordinates":[118.8068393,32.0758055]}},{"type":"Feature","properties":{"node_id":"5898123077","node_origin":"osm_node","degree":2,"is_intersection":false,"source":"OpenStreetMap"},"geometry":{"type":"Point","coordinates":[118.8068888,32.0757575]}},{"type":"Feature","properties":{"node_id":"5898123078","node_origin":"osm_node","degree":3,"is_intersection":true,"source":"OpenStreetMap"},"geometry":{"type":"Point","coordinates":[118.8073702,32.0758505]}},{"type":"Feature","properties":{"node_id":"5898123079","node_origin":"osm_node","degree":2,"is_intersection":false,"source":"OpenStreetMap"},"geometry":{"type":"Point","coordinates":[118.807402,32.0757965]}},{"type":"Feature","properties":{"node_id":"5898123080","node_origin":"osm_node","degree":2,"is_intersection":false,"source":"OpenStreetMap"},"geometry":{"type":"Point","coordinates":[118.8074268,32.0755746]}},{"type":"Feature","properties":{"node_id":"5898123081","node_origin":"osm_node","degree":1,"is_intersection":false,"source":"OpenStreetMap"},"geometry":{"type":"Point","coordinates":[118.8074266,32.0754183]}},{"type":"Feature","properties":{"node_id":"5898123082","node_origin":"osm_node","degree":2,"is_intersection":false,"source":"OpenStreetMap"},"geometry":{"type":"Point","coordinates":[118.8073666,32.0769661]}},{"type":"Feature","properties":{"node_id":"5898123083","node_origin":"osm_node","degree":2,"is_intersection":false,"source":"OpenStreetMap"},"geometry":{"type":"Point","coordinates":[118.8075224,32.0764083]}},{"type":"Feature","properties":{"node_id":"5898123084","node_origin":"osm_node","degree":2,"is_intersection":false,"source":"OpenStreetMap"},"geometry":{"type":"Point","coordinates":[118.8075224,32.0760364]}},{"type":"Feature","properties":{"node_id":"6024742250","node_origin":"osm_node","degree":3,"is_intersection":true,"source":"OpenStreetMap"},"geometry":{"type":"Point","coordinates":[118.767912,32.0756813]}},{"type":"Feature","properties":{"node_id":"6109302239","node_origin":"osm_node","degree":2,"is_intersection":false,"source":"OpenStreetMap"},"geometry":{"type":"Point","coordinates":[118.7891526,32.0467968]}},{"type":"Feature","properties":{"node_id":"6110234817","node_origin":"osm_node","degree":2,"is_intersection":false,"source":"OpenStreetMap"},"geometry":{"type":"Point","coordinates":[118.7889169,32.0460286]}},{"type":"Feature","properties":{"node_id":"6110234820","node_origin":"osm_node","degree":2,"is_intersection":false,"source":"OpenStreetMap"},"geometry":{"type":"Point","coordinates":[118.7888664,32.0458639]}},{"type":"Feature","properties":{"node_id":"6151005577","node_origin":"osm_node","degree":2,"is_intersection":false,"source":"OpenStreetMap"},"geometry":{"type":"Point","coordinates":[118.7805049,32.0621231]}},{"type":"Feature","properties":{"node_id":"6261098607","node_origin":"osm_node","degree":1,"is_intersection":false,"source":"OpenStreetMap"},"geometry":{"type":"Point","coordinates":[118.8186941,32.0471333]}},{"type":"Feature","properties":{"node_id":"6261098608","node_origin":"osm_node","degree":2,"is_intersection":false,"source":"OpenStreetMap"},"geometry":{"type":"Point","coordinates":[118.8183132,32.047147]}},{"type":"Feature","properties":{"node_id":"6261099236","node_origin":"osm_node","degree":2,"is_intersection":false,"source":"OpenStreetMap"},"geometry":{"type":"Point","coordinates":[118.8174948,32.0428669]}},{"type":"Feature","properties":{"node_id":"6261099246","node_origin":"osm_node","degree":2,"is_intersection":false,"source":"OpenStreetMap"},"geometry":{"type":"Point","coordinates":[118.8175418,32.043248]}},{"type":"Feature","properties":{"node_id":"6261109199","node_origin":"osm_node","degree":2,"is_intersection":false,"source":"OpenStreetMap"},"geometry":{"type":"Point","coordinates":[118.8177434,32.0448821]}},{"type":"Feature","properties":{"node_id":"6397777903","node_origin":"osm_node","degree":2,"is_intersection":false,"source":"OpenStreetMap"},"geometry":{"type":"Point","coordinates":[118.7766473,32.0594508]}},{"type":"Feature","properties":{"node_id":"6408780392","node_origin":"osm_node","degree":2,"is_intersection":false,"source":"OpenStreetMap"},"geometry":{"type":"Point","coordinates":[118.7898173,32.046997]}},{"type":"Feature","properties":{"node_id":"6408780395","node_origin":"osm_node","degree":2,"is_intersection":false,"source":"OpenStreetMap"},"geometry":{"type":"Point","coordinates":[118.790796,32.0500955]}},{"type":"Feature","properties":{"node_id":"6408780396","node_origin":"osm_node","degree":2,"is_intersection":false,"source":"OpenStreetMap"},"geometry":{"type":"Point","coordinates":[118.7907414,32.0498831]}},{"type":"Feature","properties":{"node_id":"6408780397","node_origin":"osm_node","degree":2,"is_intersection":false,"source":"OpenStreetMap"},"geometry":{"type":"Point","coordinates":[118.7905885,32.0522823]}},{"type":"Feature","properties":{"node_id":"6408780398","node_origin":"osm_node","degree":2,"is_intersection":false,"source":"OpenStreetMap"},"geometry":{"type":"Point","coordinates":[118.7909207,32.0522603]}},{"type":"Feature","properties":{"node_id":"6408780399","node_origin":"osm_node","degree":2,"is_intersection":false,"source":"OpenStreetMap"},"geometry":{"type":"Point","coordinates":[118.7913378,32.0548613]}},{"type":"Feature","properties":{"node_id":"6408780400","node_origin":"osm_node","degree":2,"is_intersection":false,"source":"OpenStreetMap"},"geometry":{"type":"Point","coordinates":[118.7916383,32.0548096]}},{"type":"Feature","properties":{"node_id":"6408780401","node_origin":"osm_node","degree":2,"is_intersection":false,"source":"OpenStreetMap"},"geometry":{"type":"Point","coordinates":[118.7922019,32.058933]}},{"type":"Feature","properties":{"node_id":"6408780402","node_origin":"osm_node","degree":2,"is_intersection":false,"source":"OpenStreetMap"},"geometry":{"type":"Point","coordinates":[118.7925208,32.0588524]}},{"type":"Feature","properties":{"node_id":"6615665903","node_origin":"osm_node","degree":2,"is_intersection":false,"source":"OpenStreetMap"},"geometry":{"type":"Point","coordinates":[118.8252899,32.0787781]}},{"type":"Feature","properties":{"node_id":"666940351","node_origin":"osm_node","degree":2,"is_intersection":false,"source":"OpenStreetMap"},"geometry":{"type":"Point","coordinates":[118.7719137,32.0522284]}},{"type":"Feature","properties":{"node_id":"666940353","node_origin":"osm_node","degree":2,"is_intersection":false,"source":"OpenStreetMap"},"geometry":{"type":"Point","coordinates":[118.7703285,32.0534065]}},{"type":"Feature","properties":{"node_id":"666940355","node_origin":"osm_node","degree":3,"is_intersection":true,"source":"OpenStreetMap"},"geometry":{"type":"Point","coordinates":[118.7730928,32.0521908]}},{"type":"Feature","properties":{"node_id":"666940359","node_origin":"osm_node","degree":2,"is_intersection":false,"source":"OpenStreetMap"},"geometry":{"type":"Point","coordinates":[118.7757593,32.0521432]}},{"type":"Feature","properties":{"node_id":"666940362","node_origin":"osm_node","degree":3,"is_intersection":true,"source":"OpenStreetMap"},"geometry":{"type":"Point","coordinates":[118.7783981,32.0523673]}},{"type":"Feature","properties":{"node_id":"666940365","node_origin":"osm_node","degree":2,"is_intersection":false,"source":"OpenStreetMap"},"geometry":{"type":"Point","coordinates":[118.7779309,32.0539863]}},{"type":"Feature","properties":{"node_id":"666940367","node_origin":"osm_node","degree":2,"is_intersection":false,"source":"OpenStreetMap"},"geometry":{"type":"Point","coordinates":[118.7773126,32.0565742]}},{"type":"Feature","properties":{"node_id":"666940368","node_origin":"osm_node","degree":2,"is_intersection":false,"source":"OpenStreetMap"},"geometry":{"type":"Point","coordinates":[118.7770399,32.0579638]}},{"type":"Feature","properties":{"node_id":"666941294","node_origin":"osm_node","degree":2,"is_intersection":false,"source":"OpenStreetMap"},"geometry":{"type":"Point","coordinates":[118.7694259,32.0621315]}},{"type":"Feature","properties":{"node_id":"666941297","node_origin":"osm_node","degree":2,"is_intersection":false,"source":"OpenStreetMap"},"geometry":{"type":"Point","coordinates":[118.7693797,32.0627502]}},{"type":"Feature","properties":{"node_id":"666941299","node_origin":"osm_node","degree":2,"is_intersection":false,"source":"OpenStreetMap"},"geometry":{"type":"Point","coordinates":[118.7693158,32.0633719]}},{"type":"Feature","properties":{"node_id":"666941332","node_origin":"osm_node","degree":5,"is_intersection":true,"source":"OpenStreetMap"},"geometry":{"type":"Point","coordinates":[118.7693088,32.0638894]}},{"type":"Feature","properties":{"node_id":"666941335","node_origin":"osm_node","degree":2,"is_intersection":false,"source":"OpenStreetMap"},"geometry":{"type":"Point","coordinates":[118.7694406,32.0643046]}},{"type":"Feature","properties":{"node_id":"666941336","node_origin":"osm_node","degree":2,"is_intersection":false,"source":"OpenStreetMap"},"geometry":{"type":"Point","coordinates":[118.7697823,32.0647695]}},{"type":"Feature","properties":{"node_id":"666941338","node_origin":"osm_node","degree":2,"is_intersection":false,"source":"OpenStreetMap"},"geometry":{"type":"Point","coordinates":[118.7703307,32.0652584]}},{"type":"Feature","properties":{"node_id":"666941340","node_origin":"osm_node","degree":2,"is_intersection":false,"source":"OpenStreetMap"},"geometry":{"type":"Point","coordinates":[118.7709044,32.0657593]}},{"type":"Feature","properties":{"node_id":"666941343","node_origin":"osm_node","degree":2,"is_intersection":false,"source":"OpenStreetMap"},"geometry":{"type":"Point","coordinates":[118.7715312,32.0662543]}},{"type":"Feature","properties":{"node_id":"666941350","node_origin":"osm_node","degree":2,"is_intersection":false,"source":"OpenStreetMap"},"geometry":{"type":"Point","coordinates":[118.776223,32.0604388]}},{"type":"Feature","properties":{"node_id":"666941353","node_origin":"osm_node","degree":2,"is_intersection":false,"source":"OpenStreetMap"},"geometry":{"type":"Point","coordinates":[118.7767841,32.0613849]}},{"type":"Feature","properties":{"node_id":"666941355","node_origin":"osm_node","degree":2,"is_intersection":false,"source":"OpenStreetMap"},"geometry":{"type":"Point","coordinates":[118.7761074,32.0610749]}},{"type":"Feature","properties":{"node_id":"666941358","node_origin":"osm_node","degree":3,"is_intersection":true,"source":"OpenStreetMap"},"geometry":{"type":"Point","coordinates":[118.776446,32.0613679]}},{"type":"Feature","properties":{"node_id":"666941360","node_origin":"osm_node","degree":2,"is_intersection":false,"source":"OpenStreetMap"},"geometry":{"type":"Point","coordinates":[118.7771377,32.0612324]}},{"type":"Feature","properties":{"node_id":"666941362","node_origin":"osm_node","degree":3,"is_intersection":true,"source":"OpenStreetMap"},"geometry":{"type":"Point","coordinates":[118.7775468,32.0606488]}},{"type":"Feature","properties":{"node_id":"666941366","node_origin":"osm_node","degree":2,"is_intersection":false,"source":"OpenStreetMap"},"geometry":{"type":"Point","coordinates":[118.7670689,32.0701292]}},{"type":"Feature","properties":{"node_id":"666941371","node_origin":"osm_node","degree":2,"is_intersection":false,"source":"OpenStreetMap"},"geometry":{"type":"Point","coordinates":[118.7905622,32.0450151]}},{"type":"Feature","properties":{"node_id":"666941376","node_origin":"osm_node","degree":2,"is_intersection":false,"source":"OpenStreetMap"},"geometry":{"type":"Point","coordinates":[118.7912974,32.0485558]}},{"type":"Feature","properties":{"node_id":"666941383","node_origin":"osm_node","degree":1,"is_intersection":false,"source":"OpenStreetMap"},"geometry":{"type":"Point","coordinates":[118.7906397,32.0558709]}},{"type":"Feature","properties":{"node_id":"666941384","node_origin":"osm_node","degree":3,"is_intersection":true,"source":"OpenStreetMap"},"geometry":{"type":"Point","coordinates":[118.7904951,32.055009]}},{"type":"Feature","properties":{"node_id":"667277955","node_origin":"osm_node","degree":2,"is_intersection":false,"source":"OpenStreetMap"},"geometry":{"type":"Point","coordinates":[118.8026793,32.0593227]}},{"type":"Feature","properties":{"node_id":"667282691","node_origin":"osm_node","degree":2,"is_intersection":false,"source":"OpenStreetMap"},"geometry":{"type":"Point","coordinates":[118.8255078,32.0549614]}},{"type":"Feature","properties":{"node_id":"667282692","node_origin":"osm_node","degree":2,"is_intersection":false,"source":"OpenStreetMap"},"geometry":{"type":"Point","coordinates":[118.8259946,32.05443]}},{"type":"Feature","properties":{"node_id":"667282699","node_origin":"osm_node","degree":2,"is_intersection":false,"source":"OpenStreetMap"},"geometry":{"type":"Point","coordinates":[118.8228843,32.0564604]}},{"type":"Feature","properties":{"node_id":"667282700","node_origin":"osm_node","degree":2,"is_intersection":false,"source":"OpenStreetMap"},"geometry":{"type":"Point","coordinates":[118.8234565,32.0563142]}},{"type":"Feature","properties":{"node_id":"667282701","node_origin":"osm_node","degree":2,"is_intersection":false,"source":"OpenStreetMap"},"geometry":{"type":"Point","coordinates":[118.8239382,32.0560473]}},{"type":"Feature","properties":{"node_id":"667282703","node_origin":"osm_node","degree":2,"is_intersection":false,"source":"OpenStreetMap"},"geometry":{"type":"Point","coordinates":[118.8244384,32.0557804]}},{"type":"Feature","properties":{"node_id":"667282704","node_origin":"osm_node","degree":2,"is_intersection":false,"source":"OpenStreetMap"},"geometry":{"type":"Point","coordinates":[118.82492,32.0555291]}},{"type":"Feature","properties":{"node_id":"667282707","node_origin":"osm_node","degree":2,"is_intersection":false,"source":"OpenStreetMap"},"geometry":{"type":"Point","coordinates":[118.8089099,32.060466]}},{"type":"Feature","properties":{"node_id":"667282708","node_origin":"osm_node","degree":2,"is_intersection":false,"source":"OpenStreetMap"},"geometry":{"type":"Point","coordinates":[118.8097757,32.0604035]}},{"type":"Feature","properties":{"node_id":"667282709","node_origin":"osm_node","degree":2,"is_intersection":false,"source":"OpenStreetMap"},"geometry":{"type":"Point","coordinates":[118.8104672,32.0603933]}},{"type":"Feature","properties":{"node_id":"667282718","node_origin":"osm_node","degree":2,"is_intersection":false,"source":"OpenStreetMap"},"geometry":{"type":"Point","coordinates":[118.8118383,32.0604071]}},{"type":"Feature","properties":{"node_id":"667282722","node_origin":"osm_node","degree":2,"is_intersection":false,"source":"OpenStreetMap"},"geometry":{"type":"Point","coordinates":[118.8138594,32.060424]}},{"type":"Feature","properties":{"node_id":"667282727","node_origin":"osm_node","degree":2,"is_intersection":false,"source":"OpenStreetMap"},"geometry":{"type":"Point","coordinates":[118.8147339,32.0605203]}},{"type":"Feature","properties":{"node_id":"667282728","node_origin":"osm_node","degree":2,"is_intersection":false,"source":"OpenStreetMap"},"geometry":{"type":"Point","coordinates":[118.8152965,32.0605945]}},{"type":"Feature","properties":{"node_id":"667282730","node_origin":"osm_node","degree":2,"is_intersection":false,"source":"OpenStreetMap"},"geometry":{"type":"Point","coordinates":[118.8160276,32.0606947]}},{"type":"Feature","properties":{"node_id":"667282731","node_origin":"osm_node","degree":2,"is_intersection":false,"source":"OpenStreetMap"},"geometry":{"type":"Point","coordinates":[118.8166204,32.0606947]}},{"type":"Feature","properties":{"node_id":"667282753","node_origin":"osm_node","degree":2,"is_intersection":false,"source":"OpenStreetMap"},"geometry":{"type":"Point","coordinates":[118.8180974,32.059901]}},{"type":"Feature","properties":{"node_id":"667282754","node_origin":"osm_node","degree":2,"is_intersection":false,"source":"OpenStreetMap"},"geometry":{"type":"Point","coordinates":[118.8178772,32.0601227]}},{"type":"Feature","properties":{"node_id":"667282755","node_origin":"osm_node","degree":2,"is_intersection":false,"source":"OpenStreetMap"},"geometry":{"type":"Point","coordinates":[118.8182613,32.0597264]}},{"type":"Feature","properties":{"node_id":"667282766","node_origin":"osm_node","degree":2,"is_intersection":false,"source":"OpenStreetMap"},"geometry":{"type":"Point","coordinates":[118.8171849,32.0606335]}},{"type":"Feature","properties":{"node_id":"667282767","node_origin":"osm_node","degree":2,"is_intersection":false,"source":"OpenStreetMap"},"geometry":{"type":"Point","coordinates":[118.8175113,32.0604522]}},{"type":"Feature","properties":{"node_id":"667282768","node_origin":"osm_node","degree":2,"is_intersection":false,"source":"OpenStreetMap"},"geometry":{"type":"Point","coordinates":[118.8176704,32.0603046]}},{"type":"Feature","properties":{"node_id":"667282769","node_origin":"osm_node","degree":2,"is_intersection":false,"source":"OpenStreetMap"},"geometry":{"type":"Point","coordinates":[118.8177416,32.0602382]}},{"type":"Feature","properties":{"node_id":"667335799","node_origin":"osm_node","degree":5,"is_intersection":true,"source":"OpenStreetMap"},"geometry":{"type":"Point","coordinates":[118.800716,32.047564]}},{"type":"Feature","properties":{"node_id":"667335804","node_origin":"osm_node","degree":3,"is_intersection":true,"source":"OpenStreetMap"},"geometry":{"type":"Point","coordinates":[118.8266061,32.0419946]}},{"type":"Feature","properties":{"node_id":"667335805","node_origin":"osm_node","degree":2,"is_intersection":false,"source":"OpenStreetMap"},"geometry":{"type":"Point","coordinates":[118.8251613,32.0420697]}},{"type":"Feature","properties":{"node_id":"667335806","node_origin":"osm_node","degree":2,"is_intersection":false,"source":"OpenStreetMap"},"geometry":{"type":"Point","coordinates":[118.8236713,32.0419179]}},{"type":"Feature","properties":{"node_id":"667335807","node_origin":"osm_node","degree":4,"is_intersection":true,"source":"OpenStreetMap"},"geometry":{"type":"Point","coordinates":[118.8232624,32.0416229]}},{"type":"Feature","properties":{"node_id":"667335808","node_origin":"osm_node","degree":2,"is_intersection":false,"source":"OpenStreetMap"},"geometry":{"type":"Point","coordinates":[118.8230021,32.0413565]}},{"type":"Feature","properties":{"node_id":"667335812","node_origin":"osm_node","degree":2,"is_intersection":false,"source":"OpenStreetMap"},"geometry":{"type":"Point","coordinates":[118.8224964,32.0411306]}},{"type":"Feature","properties":{"node_id":"667335814","node_origin":"osm_node","degree":2,"is_intersection":false,"source":"OpenStreetMap"},"geometry":{"type":"Point","coordinates":[118.8216062,32.0410883]}},{"type":"Feature","properties":{"node_id":"667335815","node_origin":"osm_node","degree":3,"is_intersection":true,"source":"OpenStreetMap"},"geometry":{"type":"Point","coordinates":[118.8207932,32.0410845]}},{"type":"Feature","properties":{"node_id":"667335816","node_origin":"osm_node","degree":2,"is_intersection":false,"source":"OpenStreetMap"},"geometry":{"type":"Point","coordinates":[118.8136961,32.0474312]}},{"type":"Feature","properties":{"node_id":"667335817","node_origin":"osm_node","degree":2,"is_intersection":false,"source":"OpenStreetMap"},"geometry":{"type":"Point","coordinates":[118.809766,32.0476858]}},{"type":"Feature","properties":{"node_id":"667335818","node_origin":"osm_node","degree":2,"is_intersection":false,"source":"OpenStreetMap"},"geometry":{"type":"Point","coordinates":[118.8076953,32.0477281]}},{"type":"Feature","properties":{"node_id":"667335819","node_origin":"osm_node","degree":3,"is_intersection":true,"source":"OpenStreetMap"},"geometry":{"type":"Point","coordinates":[118.8180231,32.0471491]}},{"type":"Feature","properties":{"node_id":"6994403198","node_origin":"osm_node","degree":2,"is_intersection":false,"source":"OpenStreetMap"},"geometry":{"type":"Point","coordinates":[118.771242,32.0797526]}},{"type":"Feature","properties":{"node_id":"6994417357","node_origin":"osm_node","degree":3,"is_intersection":true,"source":"OpenStreetMap"},"geometry":{"type":"Point","coordinates":[118.7729154,32.0782641]}},{"type":"Feature","properties":{"node_id":"6994417358","node_origin":"osm_node","degree":2,"is_intersection":false,"source":"OpenStreetMap"},"geometry":{"type":"Point","coordinates":[118.7729849,32.0772831]}},{"type":"Feature","properties":{"node_id":"6994417359","node_origin":"osm_node","degree":1,"is_intersection":false,"source":"OpenStreetMap"},"geometry":{"type":"Point","coordinates":[118.7717478,32.0772241]}},{"type":"Feature","properties":{"node_id":"6994417360","node_origin":"osm_node","degree":1,"is_intersection":false,"source":"OpenStreetMap"},"geometry":{"type":"Point","coordinates":[118.7735911,32.0782922]}},{"type":"Feature","properties":{"node_id":"6994417361","node_origin":"osm_node","degree":2,"is_intersection":false,"source":"OpenStreetMap"},"geometry":{"type":"Point","coordinates":[118.7720086,32.0782649]}},{"type":"Feature","properties":{"node_id":"6994417362","node_origin":"osm_node","degree":3,"is_intersection":true,"source":"OpenStreetMap"},"geometry":{"type":"Point","coordinates":[118.7719423,32.0793538]}},{"type":"Feature","properties":{"node_id":"6994417363","node_origin":"osm_node","degree":2,"is_intersection":false,"source":"OpenStreetMap"},"geometry":{"type":"Point","coordinates":[118.7719367,32.0793019]}},{"type":"Feature","properties":{"node_id":"6994417364","node_origin":"osm_node","degree":1,"is_intersection":false,"source":"OpenStreetMap"},"geometry":{"type":"Point","coordinates":[118.7701579,32.0820148]}},{"type":"Feature","properties":{"node_id":"6994417365","node_origin":"osm_node","degree":2,"is_intersection":false,"source":"OpenStreetMap"},"geometry":{"type":"Point","coordinates":[118.7702866,32.0809785]}},{"type":"Feature","properties":{"node_id":"6994417366","node_origin":"osm_node","degree":2,"is_intersection":false,"source":"OpenStreetMap"},"geometry":{"type":"Point","coordinates":[118.7703349,32.0805239]}},{"type":"Feature","properties":{"node_id":"6994417367","node_origin":"osm_node","degree":3,"is_intersection":true,"source":"OpenStreetMap"},"geometry":{"type":"Point","coordinates":[118.7703993,32.0804148]}},{"type":"Feature","properties":{"node_id":"6994417368","node_origin":"osm_node","degree":3,"is_intersection":true,"source":"OpenStreetMap"},"geometry":{"type":"Point","coordinates":[118.7704186,32.0796233]}},{"type":"Feature","properties":{"node_id":"6994417369","node_origin":"osm_node","degree":2,"is_intersection":false,"source":"OpenStreetMap"},"geometry":{"type":"Point","coordinates":[118.7704133,32.079742]}},{"type":"Feature","properties":{"node_id":"6994417370","node_origin":"osm_node","degree":1,"is_intersection":false,"source":"OpenStreetMap"},"geometry":{"type":"Point","coordinates":[118.7708875,32.080433]}},{"type":"Feature","properties":{"node_id":"7045808654","node_origin":"osm_node","degree":3,"is_intersection":true,"source":"OpenStreetMap"},"geometry":{"type":"Point","coordinates":[118.773465,32.0441683]}},{"type":"Feature","properties":{"node_id":"7134285324","node_origin":"osm_node","degree":2,"is_intersection":false,"source":"OpenStreetMap"},"geometry":{"type":"Point","coordinates":[118.806092,32.0758246]}},{"type":"Feature","properties":{"node_id":"7134285325","node_origin":"osm_node","degree":2,"is_intersection":false,"source":"OpenStreetMap"},"geometry":{"type":"Point","coordinates":[118.8061962,32.0758633]}},{"type":"Feature","properties":{"node_id":"7134285328","node_origin":"osm_node","degree":2,"is_intersection":false,"source":"OpenStreetMap"},"geometry":{"type":"Point","coordinates":[118.810519,32.067206]}},{"type":"Feature","properties":{"node_id":"7134285329","node_origin":"osm_node","degree":8,"is_intersection":true,"source":"OpenStreetMap"},"geometry":{"type":"Point","coordinates":[118.8104771,32.0676603]}},{"type":"Feature","properties":{"node_id":"7134285332","node_origin":"osm_node","degree":4,"is_intersection":true,"source":"OpenStreetMap"},"geometry":{"type":"Point","coordinates":[118.8100738,32.0678383]}},{"type":"Feature","properties":{"node_id":"7134285333","node_origin":"osm_node","degree":2,"is_intersection":false,"source":"OpenStreetMap"},"geometry":{"type":"Point","coordinates":[118.8100308,32.0673469]}},{"type":"Feature","properties":{"node_id":"7134285334","node_origin":"osm_node","degree":3,"is_intersection":true,"source":"OpenStreetMap"},"geometry":{"type":"Point","coordinates":[118.8099699,32.0663186]}},{"type":"Feature","properties":{"node_id":"7134285338","node_origin":"osm_node","degree":2,"is_intersection":false,"source":"OpenStreetMap"},"geometry":{"type":"Point","coordinates":[118.8103922,32.0680913]}},{"type":"Feature","properties":{"node_id":"7238278594","node_origin":"osm_node","degree":2,"is_intersection":false,"source":"OpenStreetMap"},"geometry":{"type":"Point","coordinates":[118.7936494,32.0492947]}},{"type":"Feature","properties":{"node_id":"7238278595","node_origin":"osm_node","degree":2,"is_intersection":false,"source":"OpenStreetMap"},"geometry":{"type":"Point","coordinates":[118.7937091,32.0494856]}},{"type":"Feature","properties":{"node_id":"7238278596","node_origin":"osm_node","degree":2,"is_intersection":false,"source":"OpenStreetMap"},"geometry":{"type":"Point","coordinates":[118.7957313,32.0489923]}},{"type":"Feature","properties":{"node_id":"7238278597","node_origin":"osm_node","degree":2,"is_intersection":false,"source":"OpenStreetMap"},"geometry":{"type":"Point","coordinates":[118.7956592,32.0487838]}},{"type":"Feature","properties":{"node_id":"7247271583","node_origin":"osm_node","degree":2,"is_intersection":false,"source":"OpenStreetMap"},"geometry":{"type":"Point","coordinates":[118.792441,32.0599862]}},{"type":"Feature","properties":{"node_id":"7247271584","node_origin":"osm_node","degree":2,"is_intersection":false,"source":"OpenStreetMap"},"geometry":{"type":"Point","coordinates":[118.7928666,32.0598842]}},{"type":"Feature","properties":{"node_id":"7256930533","node_origin":"osm_node","degree":2,"is_intersection":false,"source":"OpenStreetMap"},"geometry":{"type":"Point","coordinates":[118.767448,32.0826236]}},{"type":"Feature","properties":{"node_id":"7276054797","node_origin":"osm_node","degree":2,"is_intersection":false,"source":"OpenStreetMap"},"geometry":{"type":"Point","coordinates":[118.7671957,32.0353017]}},{"type":"Feature","properties":{"node_id":"7276054800","node_origin":"osm_node","degree":2,"is_intersection":false,"source":"OpenStreetMap"},"geometry":{"type":"Point","coordinates":[118.7685222,32.0357331]}},{"type":"Feature","properties":{"node_id":"7276054802","node_origin":"osm_node","degree":2,"is_intersection":false,"source":"OpenStreetMap"},"geometry":{"type":"Point","coordinates":[118.7703958,32.0422543]}},{"type":"Feature","properties":{"node_id":"7276109878","node_origin":"osm_node","degree":2,"is_intersection":false,"source":"OpenStreetMap"},"geometry":{"type":"Point","coordinates":[118.7782331,32.0606639]}},{"type":"Feature","properties":{"node_id":"7276109879","node_origin":"osm_node","degree":2,"is_intersection":false,"source":"OpenStreetMap"},"geometry":{"type":"Point","coordinates":[118.7782106,32.0605444]}},{"type":"Feature","properties":{"node_id":"7276109880","node_origin":"osm_node","degree":2,"is_intersection":false,"source":"OpenStreetMap"},"geometry":{"type":"Point","coordinates":[118.789736,32.044986]}},{"type":"Feature","properties":{"node_id":"7276109881","node_origin":"osm_node","degree":2,"is_intersection":false,"source":"OpenStreetMap"},"geometry":{"type":"Point","coordinates":[118.7924581,32.0571201]}},{"type":"Feature","properties":{"node_id":"7276109882","node_origin":"osm_node","degree":2,"is_intersection":false,"source":"OpenStreetMap"},"geometry":{"type":"Point","coordinates":[118.806164,32.0593263]}},{"type":"Feature","properties":{"node_id":"7276109883","node_origin":"osm_node","degree":2,"is_intersection":false,"source":"OpenStreetMap"},"geometry":{"type":"Point","coordinates":[118.8014776,32.0593278]}},{"type":"Feature","properties":{"node_id":"7276109884","node_origin":"osm_node","degree":2,"is_intersection":false,"source":"OpenStreetMap"},"geometry":{"type":"Point","coordinates":[118.7914675,32.0557011]}},{"type":"Feature","properties":{"node_id":"7276176175","node_origin":"osm_node","degree":2,"is_intersection":false,"source":"OpenStreetMap"},"geometry":{"type":"Point","coordinates":[118.7708258,32.0436822]}},{"type":"Feature","properties":{"node_id":"7276176176","node_origin":"osm_node","degree":2,"is_intersection":false,"source":"OpenStreetMap"},"geometry":{"type":"Point","coordinates":[118.7688427,32.0563759]}},{"type":"Feature","properties":{"node_id":"7276229185","node_origin":"osm_node","degree":2,"is_intersection":false,"source":"OpenStreetMap"},"geometry":{"type":"Point","coordinates":[118.7919768,32.0555732]}},{"type":"Feature","properties":{"node_id":"7276304181","node_origin":"osm_node","degree":2,"is_intersection":false,"source":"OpenStreetMap"},"geometry":{"type":"Point","coordinates":[118.8080578,32.060862]}},{"type":"Feature","properties":{"node_id":"7276304182","node_origin":"osm_node","degree":2,"is_intersection":false,"source":"OpenStreetMap"},"geometry":{"type":"Point","coordinates":[118.8081689,32.0608309]}},{"type":"Feature","properties":{"node_id":"7284423243","node_origin":"osm_node","degree":2,"is_intersection":false,"source":"OpenStreetMap"},"geometry":{"type":"Point","coordinates":[118.7694104,32.0444528]}},{"type":"Feature","properties":{"node_id":"7284423258","node_origin":"osm_node","degree":3,"is_intersection":true,"source":"OpenStreetMap"},"geometry":{"type":"Point","coordinates":[118.7907335,32.0430556]}},{"type":"Feature","properties":{"node_id":"7284423263","node_origin":"osm_node","degree":2,"is_intersection":false,"source":"OpenStreetMap"},"geometry":{"type":"Point","coordinates":[118.8158562,32.0508636]}},{"type":"Feature","properties":{"node_id":"7284423264","node_origin":"osm_node","degree":2,"is_intersection":false,"source":"OpenStreetMap"},"geometry":{"type":"Point","coordinates":[118.8158909,32.0508341]}},{"type":"Feature","properties":{"node_id":"7284423265","node_origin":"osm_node","degree":2,"is_intersection":false,"source":"OpenStreetMap"},"geometry":{"type":"Point","coordinates":[118.8159345,32.0508149]}},{"type":"Feature","properties":{"node_id":"7284423266","node_origin":"osm_node","degree":2,"is_intersection":false,"source":"OpenStreetMap"},"geometry":{"type":"Point","coordinates":[118.8159828,32.0508077]}},{"type":"Feature","properties":{"node_id":"7284423267","node_origin":"osm_node","degree":2,"is_intersection":false,"source":"OpenStreetMap"},"geometry":{"type":"Point","coordinates":[118.8161383,32.0508989]}},{"type":"Feature","properties":{"node_id":"7284423268","node_origin":"osm_node","degree":2,"is_intersection":false,"source":"OpenStreetMap"},"geometry":{"type":"Point","coordinates":[118.8161474,32.0509412]}},{"type":"Feature","properties":{"node_id":"7284423269","node_origin":"osm_node","degree":2,"is_intersection":false,"source":"OpenStreetMap"},"geometry":{"type":"Point","coordinates":[118.8161405,32.0509838]}},{"type":"Feature","properties":{"node_id":"7284423270","node_origin":"osm_node","degree":2,"is_intersection":false,"source":"OpenStreetMap"},"geometry":{"type":"Point","coordinates":[118.8161183,32.0510225]}},{"type":"Feature","properties":{"node_id":"7284423271","node_origin":"osm_node","degree":2,"is_intersection":false,"source":"OpenStreetMap"},"geometry":{"type":"Point","coordinates":[118.8159355,32.0510739]}},{"type":"Feature","properties":{"node_id":"7284423272","node_origin":"osm_node","degree":2,"is_intersection":false,"source":"OpenStreetMap"},"geometry":{"type":"Point","coordinates":[118.8158898,32.0510536]}},{"type":"Feature","properties":{"node_id":"7284423273","node_origin":"osm_node","degree":2,"is_intersection":false,"source":"OpenStreetMap"},"geometry":{"type":"Point","coordinates":[118.815854,32.0510222]}},{"type":"Feature","properties":{"node_id":"7284423274","node_origin":"osm_node","degree":2,"is_intersection":false,"source":"OpenStreetMap"},"geometry":{"type":"Point","coordinates":[118.8142907,32.0546584]}},{"type":"Feature","properties":{"node_id":"7287110328","node_origin":"osm_node","degree":2,"is_intersection":false,"source":"OpenStreetMap"},"geometry":{"type":"Point","coordinates":[118.7911823,32.0631411]}},{"type":"Feature","properties":{"node_id":"7294185379","node_origin":"osm_node","degree":2,"is_intersection":false,"source":"OpenStreetMap"},"geometry":{"type":"Point","coordinates":[118.7788246,32.0600772]}},{"type":"Feature","properties":{"node_id":"7294185380","node_origin":"osm_node","degree":2,"is_intersection":false,"source":"OpenStreetMap"},"geometry":{"type":"Point","coordinates":[118.7788218,32.0599222]}},{"type":"Feature","properties":{"node_id":"7294185382","node_origin":"osm_node","degree":2,"is_intersection":false,"source":"OpenStreetMap"},"geometry":{"type":"Point","coordinates":[118.7788,32.0586419]}},{"type":"Feature","properties":{"node_id":"7294185383","node_origin":"osm_node","degree":2,"is_intersection":false,"source":"OpenStreetMap"},"geometry":{"type":"Point","coordinates":[118.778734,32.0579772]}},{"type":"Feature","properties":{"node_id":"7390306192","node_origin":"osm_node","degree":2,"is_intersection":false,"source":"OpenStreetMap"},"geometry":{"type":"Point","coordinates":[118.8204784,32.0814959]}},{"type":"Feature","properties":{"node_id":"7390306194","node_origin":"osm_node","degree":2,"is_intersection":false,"source":"OpenStreetMap"},"geometry":{"type":"Point","coordinates":[118.8215188,32.082214]}},{"type":"Feature","properties":{"node_id":"7390306195","node_origin":"osm_node","degree":2,"is_intersection":false,"source":"OpenStreetMap"},"geometry":{"type":"Point","coordinates":[118.8218383,32.0823255]}},{"type":"Feature","properties":{"node_id":"7390306196","node_origin":"osm_node","degree":2,"is_intersection":false,"source":"OpenStreetMap"},"geometry":{"type":"Point","coordinates":[118.8220646,32.082371]}},{"type":"Feature","properties":{"node_id":"7390306197","node_origin":"osm_node","degree":2,"is_intersection":false,"source":"OpenStreetMap"},"geometry":{"type":"Point","coordinates":[118.8222835,32.0823951]}},{"type":"Feature","properties":{"node_id":"7390306198","node_origin":"osm_node","degree":2,"is_intersection":false,"source":"OpenStreetMap"},"geometry":{"type":"Point","coordinates":[118.8222106,32.0823118]}},{"type":"Feature","properties":{"node_id":"7390306199","node_origin":"osm_node","degree":3,"is_intersection":true,"source":"OpenStreetMap"},"geometry":{"type":"Point","coordinates":[118.8198388,32.081138]}},{"type":"Feature","properties":{"node_id":"7390306200","node_origin":"osm_node","degree":2,"is_intersection":false,"source":"OpenStreetMap"},"geometry":{"type":"Point","coordinates":[118.8216919,32.0821707]}},{"type":"Feature","properties":{"node_id":"7390306201","node_origin":"osm_node","degree":4,"is_intersection":true,"source":"OpenStreetMap"},"geometry":{"type":"Point","coordinates":[118.8199566,32.0811754]}},{"type":"Feature","properties":{"node_id":"7390306202","node_origin":"osm_node","degree":2,"is_intersection":false,"source":"OpenStreetMap"},"geometry":{"type":"Point","coordinates":[118.8219195,32.0822472]}},{"type":"Feature","properties":{"node_id":"7390306203","node_origin":"osm_node","degree":2,"is_intersection":false,"source":"OpenStreetMap"},"geometry":{"type":"Point","coordinates":[118.8203562,32.0813752]}},{"type":"Feature","properties":{"node_id":"7390395745","node_origin":"osm_node","degree":2,"is_intersection":false,"source":"OpenStreetMap"},"geometry":{"type":"Point","coordinates":[118.8250083,32.0800371]}},{"type":"Feature","properties":{"node_id":"7390395749","node_origin":"osm_node","degree":2,"is_intersection":false,"source":"OpenStreetMap"},"geometry":{"type":"Point","coordinates":[118.8251158,32.0797267]}},{"type":"Feature","properties":{"node_id":"7390395752","node_origin":"osm_node","degree":2,"is_intersection":false,"source":"OpenStreetMap"},"geometry":{"type":"Point","coordinates":[118.8267927,32.0838417]}},{"type":"Feature","properties":{"node_id":"7390395753","node_origin":"osm_node","degree":2,"is_intersection":false,"source":"OpenStreetMap"},"geometry":{"type":"Point","coordinates":[118.8252775,32.0793511]}},{"type":"Feature","properties":{"node_id":"7390395757","node_origin":"osm_node","degree":3,"is_intersection":true,"source":"OpenStreetMap"},"geometry":{"type":"Point","coordinates":[118.8258255,32.083323]}},{"type":"Feature","properties":{"node_id":"7390395758","node_origin":"osm_node","degree":2,"is_intersection":false,"source":"OpenStreetMap"},"geometry":{"type":"Point","coordinates":[118.8253446,32.0791571]}},{"type":"Feature","properties":{"node_id":"7390395761","node_origin":"osm_node","degree":2,"is_intersection":false,"source":"OpenStreetMap"},"geometry":{"type":"Point","coordinates":[118.8251907,32.082804]}},{"type":"Feature","properties":{"node_id":"7390395762","node_origin":"osm_node","degree":2,"is_intersection":false,"source":"OpenStreetMap"},"geometry":{"type":"Point","coordinates":[118.8253362,32.0789505]}},{"type":"Feature","properties":{"node_id":"7390395765","node_origin":"osm_node","degree":3,"is_intersection":true,"source":"OpenStreetMap"},"geometry":{"type":"Point","coordinates":[118.824826,32.0822308]}},{"type":"Feature","properties":{"node_id":"7390395771","node_origin":"osm_node","degree":2,"is_intersection":false,"source":"OpenStreetMap"},"geometry":{"type":"Point","coordinates":[118.8248112,32.0818834]}},{"type":"Feature","properties":{"node_id":"7390395775","node_origin":"osm_node","degree":2,"is_intersection":false,"source":"OpenStreetMap"},"geometry":{"type":"Point","coordinates":[118.8248335,32.0814723]}},{"type":"Feature","properties":{"node_id":"7390395778","node_origin":"osm_node","degree":2,"is_intersection":false,"source":"OpenStreetMap"},"geometry":{"type":"Point","coordinates":[118.8249329,32.0806673]}},{"type":"Feature","properties":{"node_id":"7390395782","node_origin":"osm_node","degree":2,"is_intersection":false,"source":"OpenStreetMap"},"geometry":{"type":"Point","coordinates":[118.8249605,32.080404]}},{"type":"Feature","properties":{"node_id":"7412638946","node_origin":"osm_node","degree":1,"is_intersection":false,"source":"OpenStreetMap"},"geometry":{"type":"Point","coordinates":[118.8091818,32.0513664]}},{"type":"Feature","properties":{"node_id":"7412638947","node_origin":"osm_node","degree":3,"is_intersection":true,"source":"OpenStreetMap"},"geometry":{"type":"Point","coordinates":[118.8092483,32.0520151]}},{"type":"Feature","properties":{"node_id":"7412638948","node_origin":"osm_node","degree":2,"is_intersection":false,"source":"OpenStreetMap"},"geometry":{"type":"Point","coordinates":[118.8094585,32.0521932]}},{"type":"Feature","properties":{"node_id":"7412638949","node_origin":"osm_node","degree":1,"is_intersection":false,"source":"OpenStreetMap"},"geometry":{"type":"Point","coordinates":[118.8095027,32.0525682]}},{"type":"Feature","properties":{"node_id":"7412638950","node_origin":"osm_node","degree":2,"is_intersection":false,"source":"OpenStreetMap"},"geometry":{"type":"Point","coordinates":[118.8090824,32.0522401]}},{"type":"Feature","properties":{"node_id":"7412638951","node_origin":"osm_node","degree":1,"is_intersection":false,"source":"OpenStreetMap"},"geometry":{"type":"Point","coordinates":[118.8091045,32.0526057]}},{"type":"Feature","properties":{"node_id":"7699942785","node_origin":"osm_node","degree":2,"is_intersection":false,"source":"OpenStreetMap"},"geometry":{"type":"Point","coordinates":[118.8004987,32.0819447]}},{"type":"Feature","properties":{"node_id":"770078631","node_origin":"osm_node","degree":2,"is_intersection":false,"source":"OpenStreetMap"},"geometry":{"type":"Point","coordinates":[118.8142014,32.0641899]}},{"type":"Feature","properties":{"node_id":"770080238","node_origin":"osm_node","degree":2,"is_intersection":false,"source":"OpenStreetMap"},"geometry":{"type":"Point","coordinates":[118.8150416,32.0612322]}},{"type":"Feature","properties":{"node_id":"770080239","node_origin":"osm_node","degree":2,"is_intersection":false,"source":"OpenStreetMap"},"geometry":{"type":"Point","coordinates":[118.8147605,32.0568954]}},{"type":"Feature","properties":{"node_id":"770080575","node_origin":"osm_node","degree":3,"is_intersection":true,"source":"OpenStreetMap"},"geometry":{"type":"Point","coordinates":[118.8132956,32.0474599]}},{"type":"Feature","properties":{"node_id":"770080576","node_origin":"osm_node","degree":3,"is_intersection":true,"source":"OpenStreetMap"},"geometry":{"type":"Point","coordinates":[118.8144302,32.055378]}},{"type":"Feature","properties":{"node_id":"770080577","node_origin":"osm_node","degree":4,"is_intersection":true,"source":"OpenStreetMap"},"geometry":{"type":"Point","coordinates":[118.814462,32.054426]}},{"type":"Feature","properties":{"node_id":"770080716","node_origin":"osm_node","degree":4,"is_intersection":true,"source":"OpenStreetMap"},"geometry":{"type":"Point","coordinates":[118.8118311,32.0415247]}},{"type":"Feature","properties":{"node_id":"770080717","node_origin":"osm_node","degree":2,"is_intersection":false,"source":"OpenStreetMap"},"geometry":{"type":"Point","coordinates":[118.8116382,32.0396086]}},{"type":"Feature","properties":{"node_id":"770080718","node_origin":"osm_node","degree":3,"is_intersection":true,"source":"OpenStreetMap"},"geometry":{"type":"Point","coordinates":[118.81258,32.0390521]}},{"type":"Feature","properties":{"node_id":"770081044","node_origin":"osm_node","degree":2,"is_intersection":false,"source":"OpenStreetMap"},"geometry":{"type":"Point","coordinates":[118.813212,32.0404106]}},{"type":"Feature","properties":{"node_id":"770081048","node_origin":"osm_node","degree":2,"is_intersection":false,"source":"OpenStreetMap"},"geometry":{"type":"Point","coordinates":[118.8135006,32.0454989]}},{"type":"Feature","properties":{"node_id":"770098384","node_origin":"osm_node","degree":5,"is_intersection":true,"source":"OpenStreetMap"},"geometry":{"type":"Point","coordinates":[118.789499,32.0431383]}},{"type":"Feature","properties":{"node_id":"770254192","node_origin":"osm_node","degree":3,"is_intersection":true,"source":"OpenStreetMap"},"geometry":{"type":"Point","coordinates":[118.8060315,32.0476371]}},{"type":"Feature","properties":{"node_id":"770961969","node_origin":"osm_node","degree":2,"is_intersection":false,"source":"OpenStreetMap"},"geometry":{"type":"Point","coordinates":[118.791674,32.036293]}},{"type":"Feature","properties":{"node_id":"770961997","node_origin":"osm_node","degree":4,"is_intersection":true,"source":"OpenStreetMap"},"geometry":{"type":"Point","coordinates":[118.7788198,32.0479077]}},{"type":"Feature","properties":{"node_id":"770984123","node_origin":"osm_node","degree":4,"is_intersection":true,"source":"OpenStreetMap"},"geometry":{"type":"Point","coordinates":[118.7874801,32.0365649]}},{"type":"Feature","properties":{"node_id":"770988036","node_origin":"osm_node","degree":4,"is_intersection":true,"source":"OpenStreetMap"},"geometry":{"type":"Point","coordinates":[118.7788059,32.0713395]}},{"type":"Feature","properties":{"node_id":"771114224","node_origin":"osm_node","degree":2,"is_intersection":false,"source":"OpenStreetMap"},"geometry":{"type":"Point","coordinates":[118.7718747,32.051597]}},{"type":"Feature","properties":{"node_id":"771114225","node_origin":"osm_node","degree":4,"is_intersection":true,"source":"OpenStreetMap"},"geometry":{"type":"Point","coordinates":[118.7718973,32.0486632]}},{"type":"Feature","properties":{"node_id":"771114226","node_origin":"osm_node","degree":2,"is_intersection":false,"source":"OpenStreetMap"},"geometry":{"type":"Point","coordinates":[118.769451,32.0387932]}},{"type":"Feature","properties":{"node_id":"771114252","node_origin":"osm_node","degree":3,"is_intersection":true,"source":"OpenStreetMap"},"geometry":{"type":"Point","coordinates":[118.7679716,32.0481084]}},{"type":"Feature","properties":{"node_id":"771184498","node_origin":"osm_node","degree":4,"is_intersection":true,"source":"OpenStreetMap"},"geometry":{"type":"Point","coordinates":[118.7822078,32.0394566]}},{"type":"Feature","properties":{"node_id":"771184500","node_origin":"osm_node","degree":4,"is_intersection":true,"source":"OpenStreetMap"},"geometry":{"type":"Point","coordinates":[118.7750209,32.0417568]}},{"type":"Feature","properties":{"node_id":"771184501","node_origin":"osm_node","degree":4,"is_intersection":true,"source":"OpenStreetMap"},"geometry":{"type":"Point","coordinates":[118.7707335,32.0432041]}},{"type":"Feature","properties":{"node_id":"771185559","node_origin":"osm_node","degree":4,"is_intersection":true,"source":"OpenStreetMap"},"geometry":{"type":"Point","coordinates":[118.7778041,32.0481629]}},{"type":"Feature","properties":{"node_id":"772391246","node_origin":"osm_node","degree":3,"is_intersection":true,"source":"OpenStreetMap"},"geometry":{"type":"Point","coordinates":[118.7729863,32.0556655]}},{"type":"Feature","properties":{"node_id":"772391247","node_origin":"osm_node","degree":4,"is_intersection":true,"source":"OpenStreetMap"},"geometry":{"type":"Point","coordinates":[118.782073,32.0561667]}},{"type":"Feature","properties":{"node_id":"772391467","node_origin":"osm_node","degree":4,"is_intersection":true,"source":"OpenStreetMap"},"geometry":{"type":"Point","coordinates":[118.7899904,32.0507314]}},{"type":"Feature","properties":{"node_id":"772391468","node_origin":"osm_node","degree":4,"is_intersection":true,"source":"OpenStreetMap"},"geometry":{"type":"Point","coordinates":[118.7887502,32.0454829]}},{"type":"Feature","properties":{"node_id":"773538306","node_origin":"osm_node","degree":2,"is_intersection":false,"source":"OpenStreetMap"},"geometry":{"type":"Point","coordinates":[118.8132636,32.0456504]}},{"type":"Feature","properties":{"node_id":"773538308","node_origin":"osm_node","degree":2,"is_intersection":false,"source":"OpenStreetMap"},"geometry":{"type":"Point","coordinates":[118.8135989,32.0453921]}},{"type":"Feature","properties":{"node_id":"773538310","node_origin":"osm_node","degree":2,"is_intersection":false,"source":"OpenStreetMap"},"geometry":{"type":"Point","coordinates":[118.8136955,32.0451969]}},{"type":"Feature","properties":{"node_id":"773538313","node_origin":"osm_node","degree":2,"is_intersection":false,"source":"OpenStreetMap"},"geometry":{"type":"Point","coordinates":[118.8135196,32.0432192]}},{"type":"Feature","properties":{"node_id":"773538337","node_origin":"osm_node","degree":2,"is_intersection":false,"source":"OpenStreetMap"},"geometry":{"type":"Point","coordinates":[118.8120205,32.0430454]}},{"type":"Feature","properties":{"node_id":"773538338","node_origin":"osm_node","degree":2,"is_intersection":false,"source":"OpenStreetMap"},"geometry":{"type":"Point","coordinates":[118.8121201,32.044023]}},{"type":"Feature","properties":{"node_id":"773538339","node_origin":"osm_node","degree":2,"is_intersection":false,"source":"OpenStreetMap"},"geometry":{"type":"Point","coordinates":[118.8122253,32.0450697]}},{"type":"Feature","properties":{"node_id":"773538340","node_origin":"osm_node","degree":2,"is_intersection":false,"source":"OpenStreetMap"},"geometry":{"type":"Point","coordinates":[118.8125654,32.0455464]}},{"type":"Feature","properties":{"node_id":"778875437","node_origin":"osm_node","degree":2,"is_intersection":false,"source":"OpenStreetMap"},"geometry":{"type":"Point","coordinates":[118.7749531,32.0689383]}},{"type":"Feature","properties":{"node_id":"778875439","node_origin":"osm_node","degree":4,"is_intersection":true,"source":"OpenStreetMap"},"geometry":{"type":"Point","coordinates":[118.7752226,32.0712162]}},{"type":"Feature","properties":{"node_id":"778890588","node_origin":"osm_node","degree":4,"is_intersection":true,"source":"OpenStreetMap"},"geometry":{"type":"Point","coordinates":[118.7931495,32.0443092]}},{"type":"Feature","properties":{"node_id":"778890589","node_origin":"osm_node","degree":2,"is_intersection":false,"source":"OpenStreetMap"},"geometry":{"type":"Point","coordinates":[118.7933658,32.0478744]}},{"type":"Feature","properties":{"node_id":"7803910142","node_origin":"osm_node","degree":2,"is_intersection":false,"source":"OpenStreetMap"},"geometry":{"type":"Point","coordinates":[118.8265196,32.0378117]}},{"type":"Feature","properties":{"node_id":"7803910143","node_origin":"osm_node","degree":2,"is_intersection":false,"source":"OpenStreetMap"},"geometry":{"type":"Point","coordinates":[118.8260254,32.0418107]}},{"type":"Feature","properties":{"node_id":"7803910147","node_origin":"osm_node","degree":2,"is_intersection":false,"source":"OpenStreetMap"},"geometry":{"type":"Point","coordinates":[118.8228135,32.0412392]}},{"type":"Feature","properties":{"node_id":"781118068","node_origin":"osm_node","degree":2,"is_intersection":false,"source":"OpenStreetMap"},"geometry":{"type":"Point","coordinates":[118.789989,32.0499792]}},{"type":"Feature","properties":{"node_id":"7972110724","node_origin":"osm_node","degree":2,"is_intersection":false,"source":"OpenStreetMap"},"geometry":{"type":"Point","coordinates":[118.7788305,32.0504547]}},{"type":"Feature","properties":{"node_id":"7992465403","node_origin":"osm_node","degree":2,"is_intersection":false,"source":"OpenStreetMap"},"geometry":{"type":"Point","coordinates":[118.7977737,32.0596371]}},{"type":"Feature","properties":{"node_id":"7992465404","node_origin":"osm_node","degree":2,"is_intersection":false,"source":"OpenStreetMap"},"geometry":{"type":"Point","coordinates":[118.7971641,32.0568288]}},{"type":"Feature","properties":{"node_id":"7994695798","node_origin":"osm_node","degree":2,"is_intersection":false,"source":"OpenStreetMap"},"geometry":{"type":"Point","coordinates":[118.7808403,32.0416042]}},{"type":"Feature","properties":{"node_id":"7994695799","node_origin":"osm_node","degree":2,"is_intersection":false,"source":"OpenStreetMap"},"geometry":{"type":"Point","coordinates":[118.7810951,32.0417065]}},{"type":"Feature","properties":{"node_id":"7994695800","node_origin":"osm_node","degree":2,"is_intersection":false,"source":"OpenStreetMap"},"geometry":{"type":"Point","coordinates":[118.7803978,32.0416588]}},{"type":"Feature","properties":{"node_id":"7994695801","node_origin":"osm_node","degree":2,"is_intersection":false,"source":"OpenStreetMap"},"geometry":{"type":"Point","coordinates":[118.7799847,32.0417997]}},{"type":"Feature","properties":{"node_id":"7994695802","node_origin":"osm_node","degree":2,"is_intersection":false,"source":"OpenStreetMap"},"geometry":{"type":"Point","coordinates":[118.7800464,32.0419612]}},{"type":"Feature","properties":{"node_id":"7994695803","node_origin":"osm_node","degree":2,"is_intersection":false,"source":"OpenStreetMap"},"geometry":{"type":"Point","coordinates":[118.7802315,32.0422681]}},{"type":"Feature","properties":{"node_id":"7994695804","node_origin":"osm_node","degree":2,"is_intersection":false,"source":"OpenStreetMap"},"geometry":{"type":"Point","coordinates":[118.7906433,32.0486042]}},{"type":"Feature","properties":{"node_id":"7994695805","node_origin":"osm_node","degree":2,"is_intersection":false,"source":"OpenStreetMap"},"geometry":{"type":"Point","coordinates":[118.7904009,32.0485417]}},{"type":"Feature","properties":{"node_id":"7994695806","node_origin":"osm_node","degree":1,"is_intersection":false,"source":"OpenStreetMap"},"geometry":{"type":"Point","coordinates":[118.7906153,32.0485002]}},{"type":"Feature","properties":{"node_id":"7994695807","node_origin":"osm_node","degree":2,"is_intersection":false,"source":"OpenStreetMap"},"geometry":{"type":"Point","coordinates":[118.7908074,32.048227]}},{"type":"Feature","properties":{"node_id":"7994695808","node_origin":"osm_node","degree":2,"is_intersection":false,"source":"OpenStreetMap"},"geometry":{"type":"Point","coordinates":[118.7912567,32.0481497]}},{"type":"Feature","properties":{"node_id":"7994695809","node_origin":"osm_node","degree":2,"is_intersection":false,"source":"OpenStreetMap"},"geometry":{"type":"Point","coordinates":[118.7915692,32.0481861]}},{"type":"Feature","properties":{"node_id":"7994695810","node_origin":"osm_node","degree":2,"is_intersection":false,"source":"OpenStreetMap"},"geometry":{"type":"Point","coordinates":[118.792862,32.0481565]}},{"type":"Feature","properties":{"node_id":"7994695811","node_origin":"osm_node","degree":3,"is_intersection":true,"source":"OpenStreetMap"},"geometry":{"type":"Point","coordinates":[118.7928597,32.0485255]}},{"type":"Feature","properties":{"node_id":"7994695812","node_origin":"osm_node","degree":2,"is_intersection":false,"source":"OpenStreetMap"},"geometry":{"type":"Point","coordinates":[118.7897399,32.0454647]}},{"type":"Feature","properties":{"node_id":"7995299348","node_origin":"osm_node","degree":3,"is_intersection":true,"source":"OpenStreetMap"},"geometry":{"type":"Point","coordinates":[118.7848998,32.0537236]}},{"type":"Feature","properties":{"node_id":"7995299351","node_origin":"osm_node","degree":3,"is_intersection":true,"source":"OpenStreetMap"},"geometry":{"type":"Point","coordinates":[118.7847609,32.0532048]}},{"type":"Feature","properties":{"node_id":"7995299352","node_origin":"osm_node","degree":3,"is_intersection":true,"source":"OpenStreetMap"},"geometry":{"type":"Point","coordinates":[118.7861326,32.0534974]}},{"type":"Feature","properties":{"node_id":"7995299353","node_origin":"osm_node","degree":3,"is_intersection":true,"source":"OpenStreetMap"},"geometry":{"type":"Point","coordinates":[118.7858506,32.0523824]}},{"type":"Feature","properties":{"node_id":"7995299355","node_origin":"osm_node","degree":3,"is_intersection":true,"source":"OpenStreetMap"},"geometry":{"type":"Point","coordinates":[118.7860001,32.0529736]}},{"type":"Feature","properties":{"node_id":"7995299357","node_origin":"osm_node","degree":3,"is_intersection":true,"source":"OpenStreetMap"},"geometry":{"type":"Point","coordinates":[118.7863725,32.0522745]}},{"type":"Feature","properties":{"node_id":"7995299358","node_origin":"osm_node","degree":3,"is_intersection":true,"source":"OpenStreetMap"},"geometry":{"type":"Point","coordinates":[118.7865129,32.0534388]}},{"type":"Feature","properties":{"node_id":"7995299360","node_origin":"osm_node","degree":3,"is_intersection":true,"source":"OpenStreetMap"},"geometry":{"type":"Point","coordinates":[118.7874924,32.0555034]}},{"type":"Feature","properties":{"node_id":"7995299361","node_origin":"osm_node","degree":2,"is_intersection":false,"source":"OpenStreetMap"},"geometry":{"type":"Point","coordinates":[118.7867184,32.050745]}},{"type":"Feature","properties":{"node_id":"7995299362","node_origin":"osm_node","degree":1,"is_intersection":false,"source":"OpenStreetMap"},"geometry":{"type":"Point","coordinates":[118.7942772,32.0472075]}},{"type":"Feature","properties":{"node_id":"7995299363","node_origin":"osm_node","degree":3,"is_intersection":true,"source":"OpenStreetMap"},"geometry":{"type":"Point","coordinates":[118.7938827,32.0472353]}},{"type":"Feature","properties":{"node_id":"7995299365","node_origin":"osm_node","degree":2,"is_intersection":false,"source":"OpenStreetMap"},"geometry":{"type":"Point","coordinates":[118.7969072,32.0551997]}},{"type":"Feature","properties":{"node_id":"7996603663","node_origin":"osm_node","degree":2,"is_intersection":false,"source":"OpenStreetMap"},"geometry":{"type":"Point","coordinates":[118.7751338,32.0495941]}},{"type":"Feature","properties":{"node_id":"7996603666","node_origin":"osm_node","degree":2,"is_intersection":false,"source":"OpenStreetMap"},"geometry":{"type":"Point","coordinates":[118.7781476,32.0494341]}},{"type":"Feature","properties":{"node_id":"7996603667","node_origin":"osm_node","degree":2,"is_intersection":false,"source":"OpenStreetMap"},"geometry":{"type":"Point","coordinates":[118.7778074,32.0481753]}},{"type":"Feature","properties":{"node_id":"7996603691","node_origin":"osm_node","degree":2,"is_intersection":false,"source":"OpenStreetMap"},"geometry":{"type":"Point","coordinates":[118.7750673,32.0492943]}},{"type":"Feature","properties":{"node_id":"7996603697","node_origin":"osm_node","degree":2,"is_intersection":false,"source":"OpenStreetMap"},"geometry":{"type":"Point","coordinates":[118.7765671,32.0483173]}},{"type":"Feature","properties":{"node_id":"7996603703","node_origin":"osm_node","degree":2,"is_intersection":false,"source":"OpenStreetMap"},"geometry":{"type":"Point","coordinates":[118.7760252,32.048385]}},{"type":"Feature","properties":{"node_id":"7996603812","node_origin":"osm_node","degree":2,"is_intersection":false,"source":"OpenStreetMap"},"geometry":{"type":"Point","coordinates":[118.7751262,32.0499637]}},{"type":"Feature","properties":{"node_id":"7996603813","node_origin":"osm_node","degree":2,"is_intersection":false,"source":"OpenStreetMap"},"geometry":{"type":"Point","coordinates":[118.7751954,32.0498504]}},{"type":"Feature","properties":{"node_id":"8001965395","node_origin":"osm_node","degree":2,"is_intersection":false,"source":"OpenStreetMap"},"geometry":{"type":"Point","coordinates":[118.7891324,32.0435481]}},{"type":"Feature","properties":{"node_id":"8002507183","node_origin":"osm_node","degree":2,"is_intersection":false,"source":"OpenStreetMap"},"geometry":{"type":"Point","coordinates":[118.7784493,32.0614903]}},{"type":"Feature","properties":{"node_id":"8002507184","node_origin":"osm_node","degree":2,"is_intersection":false,"source":"OpenStreetMap"},"geometry":{"type":"Point","coordinates":[118.778356,32.0613778]}},{"type":"Feature","properties":{"node_id":"8002523209","node_origin":"osm_node","degree":2,"is_intersection":false,"source":"OpenStreetMap"},"geometry":{"type":"Point","coordinates":[118.8107923,32.0678092]}},{"type":"Feature","properties":{"node_id":"8002523211","node_origin":"osm_node","degree":2,"is_intersection":false,"source":"OpenStreetMap"},"geometry":{"type":"Point","coordinates":[118.8111963,32.0668844]}},{"type":"Feature","properties":{"node_id":"8002523219","node_origin":"osm_node","degree":2,"is_intersection":false,"source":"OpenStreetMap"},"geometry":{"type":"Point","coordinates":[118.8102813,32.0665682]}},{"type":"Feature","properties":{"node_id":"8002523220","node_origin":"osm_node","degree":2,"is_intersection":false,"source":"OpenStreetMap"},"geometry":{"type":"Point","coordinates":[118.8100938,32.0665468]}},{"type":"Feature","properties":{"node_id":"8002523221","node_origin":"osm_node","degree":2,"is_intersection":false,"source":"OpenStreetMap"},"geometry":{"type":"Point","coordinates":[118.8099839,32.0665696]}},{"type":"Feature","properties":{"node_id":"8002523222","node_origin":"osm_node","degree":2,"is_intersection":false,"source":"OpenStreetMap"},"geometry":{"type":"Point","coordinates":[118.8108127,32.0673674]}},{"type":"Feature","properties":{"node_id":"8002523226","node_origin":"osm_node","degree":2,"is_intersection":false,"source":"OpenStreetMap"},"geometry":{"type":"Point","coordinates":[118.8107711,32.0672469]}},{"type":"Feature","properties":{"node_id":"8002525185","node_origin":"osm_node","degree":2,"is_intersection":false,"source":"OpenStreetMap"},"geometry":{"type":"Point","coordinates":[118.779561,32.060536]}},{"type":"Feature","properties":{"node_id":"8021188460","node_origin":"osm_node","degree":2,"is_intersection":false,"source":"OpenStreetMap"},"geometry":{"type":"Point","coordinates":[118.7923458,32.0481683]}},{"type":"Feature","properties":{"node_id":"8021188462","node_origin":"osm_node","degree":2,"is_intersection":false,"source":"OpenStreetMap"},"geometry":{"type":"Point","coordinates":[118.7919004,32.0481785]}},{"type":"Feature","properties":{"node_id":"8021188464","node_origin":"osm_node","degree":2,"is_intersection":false,"source":"OpenStreetMap"},"geometry":{"type":"Point","coordinates":[118.7933687,32.0479213]}},{"type":"Feature","properties":{"node_id":"8021235871","node_origin":"osm_node","degree":2,"is_intersection":false,"source":"OpenStreetMap"},"geometry":{"type":"Point","coordinates":[118.7762676,32.0453338]}},{"type":"Feature","properties":{"node_id":"8040149935","node_origin":"osm_node","degree":2,"is_intersection":false,"source":"OpenStreetMap"},"geometry":{"type":"Point","coordinates":[118.7870893,32.0486204]}},{"type":"Feature","properties":{"node_id":"8040149936","node_origin":"osm_node","degree":2,"is_intersection":false,"source":"OpenStreetMap"},"geometry":{"type":"Point","coordinates":[118.7872515,32.0492819]}},{"type":"Feature","properties":{"node_id":"8040149958","node_origin":"osm_node","degree":3,"is_intersection":true,"source":"OpenStreetMap"},"geometry":{"type":"Point","coordinates":[118.7950376,32.0568862]}},{"type":"Feature","properties":{"node_id":"8040149959","node_origin":"osm_node","degree":3,"is_intersection":true,"source":"OpenStreetMap"},"geometry":{"type":"Point","coordinates":[118.7970347,32.0558659]}},{"type":"Feature","properties":{"node_id":"8040236527","node_origin":"osm_node","degree":2,"is_intersection":false,"source":"OpenStreetMap"},"geometry":{"type":"Point","coordinates":[118.8135475,32.0414054]}},{"type":"Feature","properties":{"node_id":"809919470","node_origin":"osm_node","degree":2,"is_intersection":false,"source":"OpenStreetMap"},"geometry":{"type":"Point","coordinates":[118.8174454,32.0580268]}},{"type":"Feature","properties":{"node_id":"809919476","node_origin":"osm_node","degree":2,"is_intersection":false,"source":"OpenStreetMap"},"geometry":{"type":"Point","coordinates":[118.818285,32.057138]}},{"type":"Feature","properties":{"node_id":"809919615","node_origin":"osm_node","degree":2,"is_intersection":false,"source":"OpenStreetMap"},"geometry":{"type":"Point","coordinates":[118.8201229,32.0568198]}},{"type":"Feature","properties":{"node_id":"809919718","node_origin":"osm_node","degree":2,"is_intersection":false,"source":"OpenStreetMap"},"geometry":{"type":"Point","coordinates":[118.7978967,32.0367253]}},{"type":"Feature","properties":{"node_id":"809919754","node_origin":"osm_node","degree":2,"is_intersection":false,"source":"OpenStreetMap"},"geometry":{"type":"Point","coordinates":[118.8175773,32.0583263]}},{"type":"Feature","properties":{"node_id":"809919886","node_origin":"osm_node","degree":2,"is_intersection":false,"source":"OpenStreetMap"},"geometry":{"type":"Point","coordinates":[118.819333,32.0567634]}},{"type":"Feature","properties":{"node_id":"809920109","node_origin":"osm_node","degree":2,"is_intersection":false,"source":"OpenStreetMap"},"geometry":{"type":"Point","coordinates":[118.8175126,32.0576833]}},{"type":"Feature","properties":{"node_id":"809920330","node_origin":"osm_node","degree":2,"is_intersection":false,"source":"OpenStreetMap"},"geometry":{"type":"Point","coordinates":[118.8176827,32.0574552]}},{"type":"Feature","properties":{"node_id":"809920468","node_origin":"osm_node","degree":2,"is_intersection":false,"source":"OpenStreetMap"},"geometry":{"type":"Point","coordinates":[118.8179113,32.0586828]}},{"type":"Feature","properties":{"node_id":"809920510","node_origin":"osm_node","degree":2,"is_intersection":false,"source":"OpenStreetMap"},"geometry":{"type":"Point","coordinates":[118.7996029,32.0429146]}},{"type":"Feature","properties":{"node_id":"809920531","node_origin":"osm_node","degree":2,"is_intersection":false,"source":"OpenStreetMap"},"geometry":{"type":"Point","coordinates":[118.8191486,32.0567819]}},{"type":"Feature","properties":{"node_id":"809920608","node_origin":"osm_node","degree":2,"is_intersection":false,"source":"OpenStreetMap"},"geometry":{"type":"Point","coordinates":[118.8183498,32.0590681]}},{"type":"Feature","properties":{"node_id":"8172680968","node_origin":"osm_node","degree":2,"is_intersection":false,"source":"OpenStreetMap"},"geometry":{"type":"Point","coordinates":[118.7951161,32.0848393]}},{"type":"Feature","properties":{"node_id":"8172680969","node_origin":"osm_node","degree":2,"is_intersection":false,"source":"OpenStreetMap"},"geometry":{"type":"Point","coordinates":[118.7953879,32.0846654]}},{"type":"Feature","properties":{"node_id":"8172680970","node_origin":"osm_node","degree":2,"is_intersection":false,"source":"OpenStreetMap"},"geometry":{"type":"Point","coordinates":[118.7955437,32.0848345]}},{"type":"Feature","properties":{"node_id":"8222979649","node_origin":"osm_node","degree":2,"is_intersection":false,"source":"OpenStreetMap"},"geometry":{"type":"Point","coordinates":[118.7813323,32.0744398]}},{"type":"Feature","properties":{"node_id":"8225037246","node_origin":"osm_node","degree":2,"is_intersection":false,"source":"OpenStreetMap"},"geometry":{"type":"Point","coordinates":[118.8044541,32.0843914]}},{"type":"Feature","properties":{"node_id":"8225037247","node_origin":"osm_node","degree":2,"is_intersection":false,"source":"OpenStreetMap"},"geometry":{"type":"Point","coordinates":[118.804029,32.0844349]}},{"type":"Feature","properties":{"node_id":"8227049300","node_origin":"osm_node","degree":2,"is_intersection":false,"source":"OpenStreetMap"},"geometry":{"type":"Point","coordinates":[118.8219837,32.0772761]}},{"type":"Feature","properties":{"node_id":"8227119244","node_origin":"osm_node","degree":2,"is_intersection":false,"source":"OpenStreetMap"},"geometry":{"type":"Point","coordinates":[118.7706605,32.0482691]}},{"type":"Feature","properties":{"node_id":"8227119245","node_origin":"osm_node","degree":2,"is_intersection":false,"source":"OpenStreetMap"},"geometry":{"type":"Point","coordinates":[118.7710307,32.0483353]}},{"type":"Feature","properties":{"node_id":"8227119246","node_origin":"osm_node","degree":2,"is_intersection":false,"source":"OpenStreetMap"},"geometry":{"type":"Point","coordinates":[118.7708456,32.0482919]}},{"type":"Feature","properties":{"node_id":"8263357409","node_origin":"osm_node","degree":2,"is_intersection":false,"source":"OpenStreetMap"},"geometry":{"type":"Point","coordinates":[118.8065478,32.074841]}},{"type":"Feature","properties":{"node_id":"8515442040","node_origin":"osm_node","degree":2,"is_intersection":false,"source":"OpenStreetMap"},"geometry":{"type":"Point","coordinates":[118.8121953,32.0381188]}},{"type":"Feature","properties":{"node_id":"8515442049","node_origin":"osm_node","degree":2,"is_intersection":false,"source":"OpenStreetMap"},"geometry":{"type":"Point","coordinates":[118.818285,32.0362615]}},{"type":"Feature","properties":{"node_id":"8515450697","node_origin":"osm_node","degree":2,"is_intersection":false,"source":"OpenStreetMap"},"geometry":{"type":"Point","coordinates":[118.8187052,32.0386735]}},{"type":"Feature","properties":{"node_id":"8516236666","node_origin":"osm_node","degree":2,"is_intersection":false,"source":"OpenStreetMap"},"geometry":{"type":"Point","coordinates":[118.779171,32.0622307]}},{"type":"Feature","properties":{"node_id":"8516236676","node_origin":"osm_node","degree":2,"is_intersection":false,"source":"OpenStreetMap"},"geometry":{"type":"Point","coordinates":[118.7818988,32.060135]}},{"type":"Feature","properties":{"node_id":"8516236678","node_origin":"osm_node","degree":2,"is_intersection":false,"source":"OpenStreetMap"},"geometry":{"type":"Point","coordinates":[118.7857212,32.0599506]}},{"type":"Feature","properties":{"node_id":"8516236684","node_origin":"osm_node","degree":2,"is_intersection":false,"source":"OpenStreetMap"},"geometry":{"type":"Point","coordinates":[118.7912293,32.0591788]}},{"type":"Feature","properties":{"node_id":"8516236686","node_origin":"osm_node","degree":2,"is_intersection":false,"source":"OpenStreetMap"},"geometry":{"type":"Point","coordinates":[118.7858649,32.0600586]}},{"type":"Feature","properties":{"node_id":"8516236689","node_origin":"osm_node","degree":2,"is_intersection":false,"source":"OpenStreetMap"},"geometry":{"type":"Point","coordinates":[118.7855735,32.0600801]}},{"type":"Feature","properties":{"node_id":"8714801300","node_origin":"osm_node","degree":2,"is_intersection":false,"source":"OpenStreetMap"},"geometry":{"type":"Point","coordinates":[118.7674087,32.0812532]}},{"type":"Feature","properties":{"node_id":"8735255393","node_origin":"osm_node","degree":2,"is_intersection":false,"source":"OpenStreetMap"},"geometry":{"type":"Point","coordinates":[118.7962349,32.0593506]}},{"type":"Feature","properties":{"node_id":"8735255401","node_origin":"osm_node","degree":2,"is_intersection":false,"source":"OpenStreetMap"},"geometry":{"type":"Point","coordinates":[118.7947947,32.0590417]}},{"type":"Feature","properties":{"node_id":"8773088112","node_origin":"osm_node","degree":2,"is_intersection":false,"source":"OpenStreetMap"},"geometry":{"type":"Point","coordinates":[118.7954642,32.0852095]}},{"type":"Feature","properties":{"node_id":"8773088113","node_origin":"osm_node","degree":2,"is_intersection":false,"source":"OpenStreetMap"},"geometry":{"type":"Point","coordinates":[118.7953013,32.0851833]}},{"type":"Feature","properties":{"node_id":"8788454099","node_origin":"osm_node","degree":3,"is_intersection":true,"source":"OpenStreetMap"},"geometry":{"type":"Point","coordinates":[118.7957527,32.0490543]}},{"type":"Feature","properties":{"node_id":"8788454100","node_origin":"osm_node","degree":4,"is_intersection":true,"source":"OpenStreetMap"},"geometry":{"type":"Point","coordinates":[118.7937407,32.0495866]}},{"type":"Feature","properties":{"node_id":"8788454101","node_origin":"osm_node","degree":1,"is_intersection":false,"source":"OpenStreetMap"},"geometry":{"type":"Point","coordinates":[118.7914775,32.0500253]}},{"type":"Feature","properties":{"node_id":"8788454102","node_origin":"osm_node","degree":3,"is_intersection":true,"source":"OpenStreetMap"},"geometry":{"type":"Point","coordinates":[118.7925311,32.0502615]}},{"type":"Feature","properties":{"node_id":"8788454103","node_origin":"osm_node","degree":3,"is_intersection":true,"source":"OpenStreetMap"},"geometry":{"type":"Point","coordinates":[118.7924139,32.0498438]}},{"type":"Feature","properties":{"node_id":"881774045","node_origin":"osm_node","degree":2,"is_intersection":false,"source":"OpenStreetMap"},"geometry":{"type":"Point","coordinates":[118.7754558,32.0425579]}},{"type":"Feature","properties":{"node_id":"881780051","node_origin":"osm_node","degree":2,"is_intersection":false,"source":"OpenStreetMap"},"geometry":{"type":"Point","coordinates":[118.7746507,32.0440899]}},{"type":"Feature","properties":{"node_id":"881963477","node_origin":"osm_node","degree":4,"is_intersection":true,"source":"OpenStreetMap"},"geometry":{"type":"Point","coordinates":[118.7788386,32.0523853]}},{"type":"Feature","properties":{"node_id":"8833523334","node_origin":"osm_node","degree":2,"is_intersection":false,"source":"OpenStreetMap"},"geometry":{"type":"Point","coordinates":[118.8184386,32.0835482]}},{"type":"Feature","properties":{"node_id":"8833523335","node_origin":"osm_node","degree":2,"is_intersection":false,"source":"OpenStreetMap"},"geometry":{"type":"Point","coordinates":[118.8183825,32.0834841]}},{"type":"Feature","properties":{"node_id":"8859516033","node_origin":"osm_node","degree":3,"is_intersection":true,"source":"OpenStreetMap"},"geometry":{"type":"Point","coordinates":[118.7778993,32.0618972]}},{"type":"Feature","properties":{"node_id":"8859516034","node_origin":"osm_node","degree":2,"is_intersection":false,"source":"OpenStreetMap"},"geometry":{"type":"Point","coordinates":[118.7780424,32.0620145]}},{"type":"Feature","properties":{"node_id":"8859516035","node_origin":"osm_node","degree":2,"is_intersection":false,"source":"OpenStreetMap"},"geometry":{"type":"Point","coordinates":[118.7779587,32.062089]}},{"type":"Feature","properties":{"node_id":"8859516036","node_origin":"osm_node","degree":2,"is_intersection":false,"source":"OpenStreetMap"},"geometry":{"type":"Point","coordinates":[118.7782419,32.0623145]}},{"type":"Feature","properties":{"node_id":"8859516037","node_origin":"osm_node","degree":2,"is_intersection":false,"source":"OpenStreetMap"},"geometry":{"type":"Point","coordinates":[118.7782612,32.0623382]}},{"type":"Feature","properties":{"node_id":"8859516038","node_origin":"osm_node","degree":2,"is_intersection":false,"source":"OpenStreetMap"},"geometry":{"type":"Point","coordinates":[118.7782848,32.0623763]}},{"type":"Feature","properties":{"node_id":"8859516039","node_origin":"osm_node","degree":2,"is_intersection":false,"source":"OpenStreetMap"},"geometry":{"type":"Point","coordinates":[118.7782891,32.0624145]}},{"type":"Feature","properties":{"node_id":"8859516040","node_origin":"osm_node","degree":2,"is_intersection":false,"source":"OpenStreetMap"},"geometry":{"type":"Point","coordinates":[118.7782934,32.062791]}},{"type":"Feature","properties":{"node_id":"8859516041","node_origin":"osm_node","degree":2,"is_intersection":false,"source":"OpenStreetMap"},"geometry":{"type":"Point","coordinates":[118.778317,32.0632038]}},{"type":"Feature","properties":{"node_id":"8859516042","node_origin":"osm_node","degree":2,"is_intersection":false,"source":"OpenStreetMap"},"geometry":{"type":"Point","coordinates":[118.7783235,32.0632765]}},{"type":"Feature","properties":{"node_id":"8859516043","node_origin":"osm_node","degree":2,"is_intersection":false,"source":"OpenStreetMap"},"geometry":{"type":"Point","coordinates":[118.7782913,32.0633256]}},{"type":"Feature","properties":{"node_id":"8859516044","node_origin":"osm_node","degree":2,"is_intersection":false,"source":"OpenStreetMap"},"geometry":{"type":"Point","coordinates":[118.7782462,32.0633401]}},{"type":"Feature","properties":{"node_id":"8859516045","node_origin":"osm_node","degree":2,"is_intersection":false,"source":"OpenStreetMap"},"geometry":{"type":"Point","coordinates":[118.7781067,32.063342]}},{"type":"Feature","properties":{"node_id":"8859516046","node_origin":"osm_node","degree":2,"is_intersection":false,"source":"OpenStreetMap"},"geometry":{"type":"Point","coordinates":[118.7779544,32.063342]}},{"type":"Feature","properties":{"node_id":"8859516047","node_origin":"osm_node","degree":2,"is_intersection":false,"source":"OpenStreetMap"},"geometry":{"type":"Point","coordinates":[118.7778514,32.063342]}},{"type":"Feature","properties":{"node_id":"8859516048","node_origin":"osm_node","degree":2,"is_intersection":false,"source":"OpenStreetMap"},"geometry":{"type":"Point","coordinates":[118.7777462,32.0633165]}},{"type":"Feature","properties":{"node_id":"8859516049","node_origin":"osm_node","degree":2,"is_intersection":false,"source":"OpenStreetMap"},"geometry":{"type":"Point","coordinates":[118.7776604,32.0632874]}},{"type":"Feature","properties":{"node_id":"8859516050","node_origin":"osm_node","degree":2,"is_intersection":false,"source":"OpenStreetMap"},"geometry":{"type":"Point","coordinates":[118.777581,32.0632674]}},{"type":"Feature","properties":{"node_id":"8859516051","node_origin":"osm_node","degree":2,"is_intersection":false,"source":"OpenStreetMap"},"geometry":{"type":"Point","coordinates":[118.777463,32.0632529]}},{"type":"Feature","properties":{"node_id":"8859516052","node_origin":"osm_node","degree":2,"is_intersection":false,"source":"OpenStreetMap"},"geometry":{"type":"Point","coordinates":[118.7773471,32.0632001]}},{"type":"Feature","properties":{"node_id":"8859516053","node_origin":"osm_node","degree":2,"is_intersection":false,"source":"OpenStreetMap"},"geometry":{"type":"Point","coordinates":[118.7771883,32.0631037]}},{"type":"Feature","properties":{"node_id":"8859516054","node_origin":"osm_node","degree":3,"is_intersection":true,"source":"OpenStreetMap"},"geometry":{"type":"Point","coordinates":[118.7769826,32.0633371]}},{"type":"Feature","properties":{"node_id":"8859516055","node_origin":"osm_node","degree":2,"is_intersection":false,"source":"OpenStreetMap"},"geometry":{"type":"Point","coordinates":[118.7775334,32.0635848]}},{"type":"Feature","properties":{"node_id":"8859516058","node_origin":"osm_node","degree":2,"is_intersection":false,"source":"OpenStreetMap"},"geometry":{"type":"Point","coordinates":[118.7783629,32.0635899]}},{"type":"Feature","properties":{"node_id":"8859516059","node_origin":"osm_node","degree":2,"is_intersection":false,"source":"OpenStreetMap"},"geometry":{"type":"Point","coordinates":[118.7776207,32.0632774]}},{"type":"Feature","properties":{"node_id":"8867686600","node_origin":"osm_node","degree":2,"is_intersection":false,"source":"OpenStreetMap"},"geometry":{"type":"Point","coordinates":[118.7670178,32.0493319]}},{"type":"Feature","properties":{"node_id":"8867686622","node_origin":"osm_node","degree":1,"is_intersection":false,"source":"OpenStreetMap"},"geometry":{"type":"Point","coordinates":[118.7691744,32.0497856]}},{"type":"Feature","properties":{"node_id":"8867686623","node_origin":"osm_node","degree":3,"is_intersection":true,"source":"OpenStreetMap"},"geometry":{"type":"Point","coordinates":[118.7689941,32.0481944]}},{"type":"Feature","properties":{"node_id":"8879737229","node_origin":"osm_node","degree":2,"is_intersection":false,"source":"OpenStreetMap"},"geometry":{"type":"Point","coordinates":[118.7761144,32.0610896]}},{"type":"Feature","properties":{"node_id":"8891532583","node_origin":"osm_node","degree":2,"is_intersection":false,"source":"OpenStreetMap"},"geometry":{"type":"Point","coordinates":[118.7784954,32.0432839]}},{"type":"Feature","properties":{"node_id":"8891532584","node_origin":"osm_node","degree":2,"is_intersection":false,"source":"OpenStreetMap"},"geometry":{"type":"Point","coordinates":[118.7785033,32.043045]}},{"type":"Feature","properties":{"node_id":"8891532585","node_origin":"osm_node","degree":2,"is_intersection":false,"source":"OpenStreetMap"},"geometry":{"type":"Point","coordinates":[118.7786143,32.0430704]}},{"type":"Feature","properties":{"node_id":"8891532586","node_origin":"osm_node","degree":2,"is_intersection":false,"source":"OpenStreetMap"},"geometry":{"type":"Point","coordinates":[118.778605,32.0433018]}},{"type":"Feature","properties":{"node_id":"893170701","node_origin":"osm_node","degree":2,"is_intersection":false,"source":"OpenStreetMap"},"geometry":{"type":"Point","coordinates":[118.8044369,32.0834544]}},{"type":"Feature","properties":{"node_id":"893203302","node_origin":"osm_node","degree":2,"is_intersection":false,"source":"OpenStreetMap"},"geometry":{"type":"Point","coordinates":[118.8047265,32.0799786]}},{"type":"Feature","properties":{"node_id":"893203304","node_origin":"osm_node","degree":2,"is_intersection":false,"source":"OpenStreetMap"},"geometry":{"type":"Point","coordinates":[118.8045258,32.08013]}},{"type":"Feature","properties":{"node_id":"893203313","node_origin":"osm_node","degree":2,"is_intersection":false,"source":"OpenStreetMap"},"geometry":{"type":"Point","coordinates":[118.803466,32.0797295]}},{"type":"Feature","properties":{"node_id":"893203316","node_origin":"osm_node","degree":2,"is_intersection":false,"source":"OpenStreetMap"},"geometry":{"type":"Point","coordinates":[118.8037383,32.0793127]}},{"type":"Feature","properties":{"node_id":"893203324","node_origin":"osm_node","degree":2,"is_intersection":false,"source":"OpenStreetMap"},"geometry":{"type":"Point","coordinates":[118.8041268,32.0791724]}},{"type":"Feature","properties":{"node_id":"893203328","node_origin":"osm_node","degree":2,"is_intersection":false,"source":"OpenStreetMap"},"geometry":{"type":"Point","coordinates":[118.8045735,32.0793218]}},{"type":"Feature","properties":{"node_id":"893226111","node_origin":"osm_node","degree":2,"is_intersection":false,"source":"OpenStreetMap"},"geometry":{"type":"Point","coordinates":[118.8044164,32.0801679]}},{"type":"Feature","properties":{"node_id":"897498032","node_origin":"osm_node","degree":1,"is_intersection":false,"source":"OpenStreetMap"},"geometry":{"type":"Point","coordinates":[118.803958,32.0813159]}},{"type":"Feature","properties":{"node_id":"897498059","node_origin":"osm_node","degree":1,"is_intersection":false,"source":"OpenStreetMap"},"geometry":{"type":"Point","coordinates":[118.803925,32.0808999]}},{"type":"Feature","properties":{"node_id":"897498092","node_origin":"osm_node","degree":1,"is_intersection":false,"source":"OpenStreetMap"},"geometry":{"type":"Point","coordinates":[118.8032383,32.0803815]}},{"type":"Feature","properties":{"node_id":"897498099","node_origin":"osm_node","degree":2,"is_intersection":false,"source":"OpenStreetMap"},"geometry":{"type":"Point","coordinates":[118.799777,32.0823482]}},{"type":"Feature","properties":{"node_id":"897498137","node_origin":"osm_node","degree":2,"is_intersection":false,"source":"OpenStreetMap"},"geometry":{"type":"Point","coordinates":[118.802174,32.0806755]}},{"type":"Feature","properties":{"node_id":"897498138","node_origin":"osm_node","degree":3,"is_intersection":true,"source":"OpenStreetMap"},"geometry":{"type":"Point","coordinates":[118.8035206,32.079883]}},{"type":"Feature","properties":{"node_id":"897507106","node_origin":"osm_node","degree":2,"is_intersection":false,"source":"OpenStreetMap"},"geometry":{"type":"Point","coordinates":[118.8012739,32.0811723]}},{"type":"Feature","properties":{"node_id":"897595264","node_origin":"osm_node","degree":2,"is_intersection":false,"source":"OpenStreetMap"},"geometry":{"type":"Point","coordinates":[118.8036796,32.0800967]}},{"type":"Feature","properties":{"node_id":"897605158","node_origin":"osm_node","degree":1,"is_intersection":false,"source":"OpenStreetMap"},"geometry":{"type":"Point","coordinates":[118.804119,32.0813907]}},{"type":"Feature","properties":{"node_id":"897624928","node_origin":"osm_node","degree":1,"is_intersection":false,"source":"OpenStreetMap"},"geometry":{"type":"Point","coordinates":[118.8042737,32.0802863]}},{"type":"Feature","properties":{"node_id":"8985309469","node_origin":"osm_node","degree":2,"is_intersection":false,"source":"OpenStreetMap"},"geometry":{"type":"Point","coordinates":[118.8182463,32.0359295]}},{"type":"Feature","properties":{"node_id":"8985309470","node_origin":"osm_node","degree":2,"is_intersection":false,"source":"OpenStreetMap"},"geometry":{"type":"Point","coordinates":[118.8186835,32.0385033]}},{"type":"Feature","properties":{"node_id":"8985324541","node_origin":"osm_node","degree":2,"is_intersection":false,"source":"OpenStreetMap"},"geometry":{"type":"Point","coordinates":[118.8119367,32.0356109]}},{"type":"Feature","properties":{"node_id":"898626371","node_origin":"osm_node","degree":2,"is_intersection":false,"source":"OpenStreetMap"},"geometry":{"type":"Point","coordinates":[118.8046402,32.0790292]}},{"type":"Feature","properties":{"node_id":"898626377","node_origin":"osm_node","degree":2,"is_intersection":false,"source":"OpenStreetMap"},"geometry":{"type":"Point","coordinates":[118.8045243,32.0793283]}},{"type":"Feature","properties":{"node_id":"898626379","node_origin":"osm_node","degree":2,"is_intersection":false,"source":"OpenStreetMap"},"geometry":{"type":"Point","coordinates":[118.8043947,32.0797395]}},{"type":"Feature","properties":{"node_id":"898626380","node_origin":"osm_node","degree":2,"is_intersection":false,"source":"OpenStreetMap"},"geometry":{"type":"Point","coordinates":[118.8043362,32.0800112]}},{"type":"Feature","properties":{"node_id":"898627599","node_origin":"osm_node","degree":2,"is_intersection":false,"source":"OpenStreetMap"},"geometry":{"type":"Point","coordinates":[118.8063365,32.0756232]}},{"type":"Feature","properties":{"node_id":"898627600","node_origin":"osm_node","degree":2,"is_intersection":false,"source":"OpenStreetMap"},"geometry":{"type":"Point","coordinates":[118.8054805,32.0772847]}},{"type":"Feature","properties":{"node_id":"898627601","node_origin":"osm_node","degree":2,"is_intersection":false,"source":"OpenStreetMap"},"geometry":{"type":"Point","coordinates":[118.804556,32.0791197]}},{"type":"Feature","properties":{"node_id":"898627602","node_origin":"osm_node","degree":2,"is_intersection":false,"source":"OpenStreetMap"},"geometry":{"type":"Point","coordinates":[118.8044407,32.0793654]}},{"type":"Feature","properties":{"node_id":"898627603","node_origin":"osm_node","degree":2,"is_intersection":false,"source":"OpenStreetMap"},"geometry":{"type":"Point","coordinates":[118.8040741,32.0798078]}},{"type":"Feature","properties":{"node_id":"898627605","node_origin":"osm_node","degree":2,"is_intersection":false,"source":"OpenStreetMap"},"geometry":{"type":"Point","coordinates":[118.8037196,32.0800523]}},{"type":"Feature","properties":{"node_id":"898627606","node_origin":"osm_node","degree":2,"is_intersection":false,"source":"OpenStreetMap"},"geometry":{"type":"Point","coordinates":[118.8015994,32.0812143]}},{"type":"Feature","properties":{"node_id":"898627607","node_origin":"osm_node","degree":2,"is_intersection":false,"source":"OpenStreetMap"},"geometry":{"type":"Point","coordinates":[118.7996612,32.0822331]}},{"type":"Feature","properties":{"node_id":"898627608","node_origin":"osm_node","degree":2,"is_intersection":false,"source":"OpenStreetMap"},"geometry":{"type":"Point","coordinates":[118.7989004,32.0826981]}},{"type":"Feature","properties":{"node_id":"898627609","node_origin":"osm_node","degree":2,"is_intersection":false,"source":"OpenStreetMap"},"geometry":{"type":"Point","coordinates":[118.8049245,32.0783765]}},{"type":"Feature","properties":{"node_id":"898627610","node_origin":"osm_node","degree":2,"is_intersection":false,"source":"OpenStreetMap"},"geometry":{"type":"Point","coordinates":[118.805183,32.0779629]}},{"type":"Feature","properties":{"node_id":"898627611","node_origin":"osm_node","degree":3,"is_intersection":true,"source":"OpenStreetMap"},"geometry":{"type":"Point","coordinates":[118.7976364,32.0834905]}},{"type":"Feature","properties":{"node_id":"898629393","node_origin":"osm_node","degree":2,"is_intersection":false,"source":"OpenStreetMap"},"geometry":{"type":"Point","coordinates":[118.7972448,32.0835693]}},{"type":"Feature","properties":{"node_id":"898640094","node_origin":"osm_node","degree":3,"is_intersection":true,"source":"OpenStreetMap"},"geometry":{"type":"Point","coordinates":[118.7975903,32.0833205]}},{"type":"Feature","properties":{"node_id":"898640095","node_origin":"osm_node","degree":2,"is_intersection":false,"source":"OpenStreetMap"},"geometry":{"type":"Point","coordinates":[118.7988763,32.0826273]}},{"type":"Feature","properties":{"node_id":"898640101","node_origin":"osm_node","degree":2,"is_intersection":false,"source":"OpenStreetMap"},"geometry":{"type":"Point","coordinates":[118.7996145,32.0821687]}},{"type":"Feature","properties":{"node_id":"898640103","node_origin":"osm_node","degree":2,"is_intersection":false,"source":"OpenStreetMap"},"geometry":{"type":"Point","coordinates":[118.8015494,32.0811497]}},{"type":"Feature","properties":{"node_id":"898640108","node_origin":"osm_node","degree":2,"is_intersection":false,"source":"OpenStreetMap"},"geometry":{"type":"Point","coordinates":[118.8040886,32.0796746]}},{"type":"Feature","properties":{"node_id":"898640109","node_origin":"osm_node","degree":2,"is_intersection":false,"source":"OpenStreetMap"},"geometry":{"type":"Point","coordinates":[118.8042496,32.0794976]}},{"type":"Feature","properties":{"node_id":"898640110","node_origin":"osm_node","degree":2,"is_intersection":false,"source":"OpenStreetMap"},"geometry":{"type":"Point","coordinates":[118.8043621,32.0793305]}},{"type":"Feature","properties":{"node_id":"898640114","node_origin":"osm_node","degree":2,"is_intersection":false,"source":"OpenStreetMap"},"geometry":{"type":"Point","coordinates":[118.805003,32.0780525]}},{"type":"Feature","properties":{"node_id":"898640116","node_origin":"osm_node","degree":2,"is_intersection":false,"source":"OpenStreetMap"},"geometry":{"type":"Point","coordinates":[118.8053929,32.0772433]}},{"type":"Feature","properties":{"node_id":"898640118","node_origin":"osm_node","degree":2,"is_intersection":false,"source":"OpenStreetMap"},"geometry":{"type":"Point","coordinates":[118.8062155,32.0755598]}},{"type":"Feature","properties":{"node_id":"898640121","node_origin":"osm_node","degree":1,"is_intersection":false,"source":"OpenStreetMap"},"geometry":{"type":"Point","coordinates":[118.8055274,32.0773132]}},{"type":"Feature","properties":{"node_id":"898640123","node_origin":"osm_node","degree":2,"is_intersection":false,"source":"OpenStreetMap"},"geometry":{"type":"Point","coordinates":[118.8061516,32.0759397]}},{"type":"Feature","properties":{"node_id":"898640136","node_origin":"osm_node","degree":2,"is_intersection":false,"source":"OpenStreetMap"},"geometry":{"type":"Point","coordinates":[118.8060568,32.0759002]}},{"type":"Feature","properties":{"node_id":"898649992","node_origin":"osm_node","degree":2,"is_intersection":false,"source":"OpenStreetMap"},"geometry":{"type":"Point","coordinates":[118.8041234,32.080753]}},{"type":"Feature","properties":{"node_id":"898649994","node_origin":"osm_node","degree":2,"is_intersection":false,"source":"OpenStreetMap"},"geometry":{"type":"Point","coordinates":[118.8040912,32.0802197]}},{"type":"Feature","properties":{"node_id":"898649996","node_origin":"osm_node","degree":2,"is_intersection":false,"source":"OpenStreetMap"},"geometry":{"type":"Point","coordinates":[118.8041218,32.079835]}},{"type":"Feature","properties":{"node_id":"898650002","node_origin":"osm_node","degree":2,"is_intersection":false,"source":"OpenStreetMap"},"geometry":{"type":"Point","coordinates":[118.8042309,32.0793666]}},{"type":"Feature","properties":{"node_id":"898650003","node_origin":"osm_node","degree":2,"is_intersection":false,"source":"OpenStreetMap"},"geometry":{"type":"Point","coordinates":[118.8043582,32.0790881]}},{"type":"Feature","properties":{"node_id":"898650005","node_origin":"osm_node","degree":1,"is_intersection":false,"source":"OpenStreetMap"},"geometry":{"type":"Point","coordinates":[118.8053028,32.0772308]}},{"type":"Feature","properties":{"node_id":"898666157","node_origin":"osm_node","degree":2,"is_intersection":false,"source":"OpenStreetMap"},"geometry":{"type":"Point","coordinates":[118.8067641,32.0744425]}},{"type":"Feature","properties":{"node_id":"898666164","node_origin":"osm_node","degree":2,"is_intersection":false,"source":"OpenStreetMap"},"geometry":{"type":"Point","coordinates":[118.8069986,32.074496]}},{"type":"Feature","properties":{"node_id":"898681334","node_origin":"osm_node","degree":1,"is_intersection":false,"source":"OpenStreetMap"},"geometry":{"type":"Point","coordinates":[118.8043729,32.0815164]}},{"type":"Feature","properties":{"node_id":"898776426","node_origin":"osm_node","degree":2,"is_intersection":false,"source":"OpenStreetMap"},"geometry":{"type":"Point","coordinates":[118.7768313,32.0794634]}},{"type":"Feature","properties":{"node_id":"9000949662","node_origin":"osm_node","degree":2,"is_intersection":false,"source":"OpenStreetMap"},"geometry":{"type":"Point","coordinates":[118.8268164,32.0803016]}},{"type":"Feature","properties":{"node_id":"9000949663","node_origin":"osm_node","degree":2,"is_intersection":false,"source":"OpenStreetMap"},"geometry":{"type":"Point","coordinates":[118.8264746,32.080386]}},{"type":"Feature","properties":{"node_id":"9000949664","node_origin":"osm_node","degree":2,"is_intersection":false,"source":"OpenStreetMap"},"geometry":{"type":"Point","coordinates":[118.8262352,32.0802318]}},{"type":"Feature","properties":{"node_id":"9000949665","node_origin":"osm_node","degree":2,"is_intersection":false,"source":"OpenStreetMap"},"geometry":{"type":"Point","coordinates":[118.8259611,32.0802625]}},{"type":"Feature","properties":{"node_id":"9000949666","node_origin":"osm_node","degree":2,"is_intersection":false,"source":"OpenStreetMap"},"geometry":{"type":"Point","coordinates":[118.8257541,32.0803285]}},{"type":"Feature","properties":{"node_id":"9000949667","node_origin":"osm_node","degree":2,"is_intersection":false,"source":"OpenStreetMap"},"geometry":{"type":"Point","coordinates":[118.8253164,32.0803172]}},{"type":"Feature","properties":{"node_id":"9000949668","node_origin":"osm_node","degree":3,"is_intersection":true,"source":"OpenStreetMap"},"geometry":{"type":"Point","coordinates":[118.8249762,32.0802272]}},{"type":"Feature","properties":{"node_id":"9031156794","node_origin":"osm_node","degree":2,"is_intersection":false,"source":"OpenStreetMap"},"geometry":{"type":"Point","coordinates":[118.7827411,32.0354733]}},{"type":"Feature","properties":{"node_id":"9031156816","node_origin":"osm_node","degree":2,"is_intersection":false,"source":"OpenStreetMap"},"geometry":{"type":"Point","coordinates":[118.7783,32.0436165]}},{"type":"Feature","properties":{"node_id":"9031162017","node_origin":"osm_node","degree":2,"is_intersection":false,"source":"OpenStreetMap"},"geometry":{"type":"Point","coordinates":[118.7782647,32.0435059]}},{"type":"Feature","properties":{"node_id":"9031162018","node_origin":"osm_node","degree":2,"is_intersection":false,"source":"OpenStreetMap"},"geometry":{"type":"Point","coordinates":[118.7782984,32.0434896]}},{"type":"Feature","properties":{"node_id":"9031162019","node_origin":"osm_node","degree":2,"is_intersection":false,"source":"OpenStreetMap"},"geometry":{"type":"Point","coordinates":[118.7783268,32.0434721]}},{"type":"Feature","properties":{"node_id":"9031162020","node_origin":"osm_node","degree":2,"is_intersection":false,"source":"OpenStreetMap"},"geometry":{"type":"Point","coordinates":[118.7783652,32.0434513]}},{"type":"Feature","properties":{"node_id":"9031162021","node_origin":"osm_node","degree":2,"is_intersection":false,"source":"OpenStreetMap"},"geometry":{"type":"Point","coordinates":[118.778389,32.0434298]}},{"type":"Feature","properties":{"node_id":"9031162022","node_origin":"osm_node","degree":2,"is_intersection":false,"source":"OpenStreetMap"},"geometry":{"type":"Point","coordinates":[118.7784166,32.0434031]}},{"type":"Feature","properties":{"node_id":"9031162023","node_origin":"osm_node","degree":2,"is_intersection":false,"source":"OpenStreetMap"},"geometry":{"type":"Point","coordinates":[118.7784535,32.0433641]}},{"type":"Feature","properties":{"node_id":"9031162024","node_origin":"osm_node","degree":2,"is_intersection":false,"source":"OpenStreetMap"},"geometry":{"type":"Point","coordinates":[118.7784719,32.0433348]}},{"type":"Feature","properties":{"node_id":"9031162025","node_origin":"osm_node","degree":2,"is_intersection":false,"source":"OpenStreetMap"},"geometry":{"type":"Point","coordinates":[118.7784841,32.0433101]}},{"type":"Feature","properties":{"node_id":"9031162026","node_origin":"osm_node","degree":2,"is_intersection":false,"source":"OpenStreetMap"},"geometry":{"type":"Point","coordinates":[118.7786062,32.0433407]}},{"type":"Feature","properties":{"node_id":"9031162039","node_origin":"osm_node","degree":2,"is_intersection":false,"source":"OpenStreetMap"},"geometry":{"type":"Point","coordinates":[118.7782439,32.0436288]}},{"type":"Feature","properties":{"node_id":"9031162040","node_origin":"osm_node","degree":2,"is_intersection":false,"source":"OpenStreetMap"},"geometry":{"type":"Point","coordinates":[118.7782086,32.0435261]}},{"type":"Feature","properties":{"node_id":"9031162041","node_origin":"osm_node","degree":2,"is_intersection":false,"source":"OpenStreetMap"},"geometry":{"type":"Point","coordinates":[118.7780421,32.0435326]}},{"type":"Feature","properties":{"node_id":"9031162042","node_origin":"osm_node","degree":2,"is_intersection":false,"source":"OpenStreetMap"},"geometry":{"type":"Point","coordinates":[118.7780482,32.0436412]}},{"type":"Feature","properties":{"node_id":"921273652","node_origin":"osm_node","degree":2,"is_intersection":false,"source":"OpenStreetMap"},"geometry":{"type":"Point","coordinates":[118.8032084,32.0802495]}},{"type":"Feature","properties":{"node_id":"921273653","node_origin":"osm_node","degree":2,"is_intersection":false,"source":"OpenStreetMap"},"geometry":{"type":"Point","coordinates":[118.8030795,32.0804128]}},{"type":"Feature","properties":{"node_id":"9324306384","node_origin":"osm_node","degree":2,"is_intersection":false,"source":"OpenStreetMap"},"geometry":{"type":"Point","coordinates":[118.770701,32.0793354]}},{"type":"Feature","properties":{"node_id":"9324306385","node_origin":"osm_node","degree":2,"is_intersection":false,"source":"OpenStreetMap"},"geometry":{"type":"Point","coordinates":[118.7720545,32.0793548]}},{"type":"Feature","properties":{"node_id":"9324306388","node_origin":"osm_node","degree":2,"is_intersection":false,"source":"OpenStreetMap"},"geometry":{"type":"Point","coordinates":[118.7718831,32.0796253]}},{"type":"Feature","properties":{"node_id":"9324306389","node_origin":"osm_node","degree":2,"is_intersection":false,"source":"OpenStreetMap"},"geometry":{"type":"Point","coordinates":[118.7707092,32.0796125]}},{"type":"Feature","properties":{"node_id":"9366758092","node_origin":"osm_node","degree":2,"is_intersection":false,"source":"OpenStreetMap"},"geometry":{"type":"Point","coordinates":[118.7978321,32.0468102]}},{"type":"Feature","properties":{"node_id":"9366758093","node_origin":"osm_node","degree":3,"is_intersection":true,"source":"OpenStreetMap"},"geometry":{"type":"Point","coordinates":[118.7990733,32.0476478]}},{"type":"Feature","properties":{"node_id":"9366758094","node_origin":"osm_node","degree":2,"is_intersection":false,"source":"OpenStreetMap"},"geometry":{"type":"Point","coordinates":[118.7988976,32.0470322]}},{"type":"Feature","properties":{"node_id":"9366758095","node_origin":"osm_node","degree":2,"is_intersection":false,"source":"OpenStreetMap"},"geometry":{"type":"Point","coordinates":[118.7989302,32.0470206]}},{"type":"Feature","properties":{"node_id":"937609920","node_origin":"osm_node","degree":2,"is_intersection":false,"source":"OpenStreetMap"},"geometry":{"type":"Point","coordinates":[118.7972898,32.0836481]}},{"type":"Feature","properties":{"node_id":"937609930","node_origin":"osm_node","degree":3,"is_intersection":true,"source":"OpenStreetMap"},"geometry":{"type":"Point","coordinates":[118.7960894,32.0843899]}},{"type":"Feature","properties":{"node_id":"937750005","node_origin":"osm_node","degree":2,"is_intersection":false,"source":"OpenStreetMap"},"geometry":{"type":"Point","coordinates":[118.7956538,32.0847609]}},{"type":"Feature","properties":{"node_id":"937750020","node_origin":"osm_node","degree":2,"is_intersection":false,"source":"OpenStreetMap"},"geometry":{"type":"Point","coordinates":[118.7952643,32.0850214]}},{"type":"Feature","properties":{"node_id":"937750026","node_origin":"osm_node","degree":2,"is_intersection":false,"source":"OpenStreetMap"},"geometry":{"type":"Point","coordinates":[118.7962549,32.0843771]}},{"type":"Feature","properties":{"node_id":"937750028","node_origin":"osm_node","degree":2,"is_intersection":false,"source":"OpenStreetMap"},"geometry":{"type":"Point","coordinates":[118.7973858,32.0837028]}},{"type":"Feature","properties":{"node_id":"937811597","node_origin":"osm_node","degree":2,"is_intersection":false,"source":"OpenStreetMap"},"geometry":{"type":"Point","coordinates":[118.7946054,32.085253]}},{"type":"Feature","properties":{"node_id":"937811600","node_origin":"osm_node","degree":2,"is_intersection":false,"source":"OpenStreetMap"},"geometry":{"type":"Point","coordinates":[118.795514,32.0846678]}},{"type":"Feature","properties":{"node_id":"937811601","node_origin":"osm_node","degree":2,"is_intersection":false,"source":"OpenStreetMap"},"geometry":{"type":"Point","coordinates":[118.7949551,32.0850273]}},{"type":"Feature","properties":{"node_id":"937811602","node_origin":"osm_node","degree":2,"is_intersection":false,"source":"OpenStreetMap"},"geometry":{"type":"Point","coordinates":[118.7968832,32.0837884]}},{"type":"Feature","properties":{"node_id":"937811605","node_origin":"osm_node","degree":2,"is_intersection":false,"source":"OpenStreetMap"},"geometry":{"type":"Point","coordinates":[118.7965861,32.0839774]}},{"type":"Feature","properties":{"node_id":"937837121","node_origin":"osm_node","degree":2,"is_intersection":false,"source":"OpenStreetMap"},"geometry":{"type":"Point","coordinates":[118.7972111,32.0834929]}},{"type":"Feature","properties":{"node_id":"937837125","node_origin":"osm_node","degree":2,"is_intersection":false,"source":"OpenStreetMap"},"geometry":{"type":"Point","coordinates":[118.796451,32.0839909]}},{"type":"Feature","properties":{"node_id":"937837130","node_origin":"osm_node","degree":2,"is_intersection":false,"source":"OpenStreetMap"},"geometry":{"type":"Point","coordinates":[118.7947299,32.0850903]}},{"type":"Feature","properties":{"node_id":"937837144","node_origin":"osm_node","degree":2,"is_intersection":false,"source":"OpenStreetMap"},"geometry":{"type":"Point","coordinates":[118.7954713,32.084612]}},{"type":"Feature","properties":{"node_id":"937837148","node_origin":"osm_node","degree":2,"is_intersection":false,"source":"OpenStreetMap"},"geometry":{"type":"Point","coordinates":[118.7950941,32.0848534]}},{"type":"Feature","properties":{"node_id":"9435280765","node_origin":"osm_node","degree":2,"is_intersection":false,"source":"OpenStreetMap"},"geometry":{"type":"Point","coordinates":[118.7904556,32.047356]}},{"type":"Feature","properties":{"node_id":"9647459703","node_origin":"osm_node","degree":2,"is_intersection":false,"source":"OpenStreetMap"},"geometry":{"type":"Point","coordinates":[118.8173089,32.0845095]}},{"type":"Feature","properties":{"node_id":"9699928482","node_origin":"osm_node","degree":3,"is_intersection":true,"source":"OpenStreetMap"},"geometry":{"type":"Point","coordinates":[118.7669064,32.0712905]}},{"type":"Feature","properties":{"node_id":"9699928485","node_origin":"osm_node","degree":2,"is_intersection":false,"source":"OpenStreetMap"},"geometry":{"type":"Point","coordinates":[118.7671185,32.0713053]}},{"type":"Feature","properties":{"node_id":"9699928490","node_origin":"osm_node","degree":2,"is_intersection":false,"source":"OpenStreetMap"},"geometry":{"type":"Point","coordinates":[118.7686586,32.0697344]}},{"type":"Feature","properties":{"node_id":"9699928491","node_origin":"osm_node","degree":2,"is_intersection":false,"source":"OpenStreetMap"},"geometry":{"type":"Point","coordinates":[118.7670522,32.0712379]}},{"type":"Feature","properties":{"node_id":"9707574184","node_origin":"osm_node","degree":2,"is_intersection":false,"source":"OpenStreetMap"},"geometry":{"type":"Point","coordinates":[118.7890025,32.0552063]}},{"type":"Feature","properties":{"node_id":"9707574185","node_origin":"osm_node","degree":2,"is_intersection":false,"source":"OpenStreetMap"},"geometry":{"type":"Point","coordinates":[118.7889067,32.0546779]}},{"type":"Feature","properties":{"node_id":"9707574186","node_origin":"osm_node","degree":2,"is_intersection":false,"source":"OpenStreetMap"},"geometry":{"type":"Point","coordinates":[118.7891818,32.0546339]}},{"type":"Feature","properties":{"node_id":"9707574187","node_origin":"osm_node","degree":2,"is_intersection":false,"source":"OpenStreetMap"},"geometry":{"type":"Point","coordinates":[118.7891013,32.0542929]}},{"type":"Feature","properties":{"node_id":"9707574188","node_origin":"osm_node","degree":1,"is_intersection":false,"source":"OpenStreetMap"},"geometry":{"type":"Point","coordinates":[118.790052,32.0541236]}},{"type":"Feature","properties":{"node_id":"9707574189","node_origin":"osm_node","degree":1,"is_intersection":false,"source":"OpenStreetMap"},"geometry":{"type":"Point","coordinates":[118.788401,32.0547172]}},{"type":"Feature","properties":{"node_id":"9707574190","node_origin":"osm_node","degree":4,"is_intersection":true,"source":"OpenStreetMap"},"geometry":{"type":"Point","coordinates":[118.7891726,32.054595]}},{"type":"Feature","properties":{"node_id":"9707574191","node_origin":"osm_node","degree":1,"is_intersection":false,"source":"OpenStreetMap"},"geometry":{"type":"Point","coordinates":[118.7901206,32.0544192]}},{"type":"Feature","properties":{"node_id":"9711029751","node_origin":"osm_node","degree":2,"is_intersection":false,"source":"OpenStreetMap"},"geometry":{"type":"Point","coordinates":[118.769357,32.062971]}},{"type":"Feature","properties":{"node_id":"9711029791","node_origin":"osm_node","degree":2,"is_intersection":false,"source":"OpenStreetMap"},"geometry":{"type":"Point","coordinates":[118.7709977,32.0441616]}},{"type":"Feature","properties":{"node_id":"9711161843","node_origin":"osm_node","degree":2,"is_intersection":false,"source":"OpenStreetMap"},"geometry":{"type":"Point","coordinates":[118.7955706,32.0551383]}},{"type":"Feature","properties":{"node_id":"9711161844","node_origin":"osm_node","degree":2,"is_intersection":false,"source":"OpenStreetMap"},"geometry":{"type":"Point","coordinates":[118.7956724,32.0551339]}},{"type":"Feature","properties":{"node_id":"9711161895","node_origin":"osm_node","degree":2,"is_intersection":false,"source":"OpenStreetMap"},"geometry":{"type":"Point","coordinates":[118.7949621,32.0564825]}},{"type":"Feature","properties":{"node_id":"9711161896","node_origin":"osm_node","degree":2,"is_intersection":false,"source":"OpenStreetMap"},"geometry":{"type":"Point","coordinates":[118.7960296,32.0561509]}},{"type":"Feature","properties":{"node_id":"9711161897","node_origin":"osm_node","degree":2,"is_intersection":false,"source":"OpenStreetMap"},"geometry":{"type":"Point","coordinates":[118.7957183,32.0553348]}},{"type":"Feature","properties":{"node_id":"9711162076","node_origin":"osm_node","degree":2,"is_intersection":false,"source":"OpenStreetMap"},"geometry":{"type":"Point","coordinates":[118.7904019,32.054424]}},{"type":"Feature","properties":{"node_id":"9711273703","node_origin":"osm_node","degree":2,"is_intersection":false,"source":"OpenStreetMap"},"geometry":{"type":"Point","coordinates":[118.8171598,32.084642]}},{"type":"Feature","properties":{"node_id":"9711573806","node_origin":"osm_node","degree":2,"is_intersection":false,"source":"OpenStreetMap"},"geometry":{"type":"Point","coordinates":[118.7848648,32.0540428]}},{"type":"Feature","properties":{"node_id":"9711688984","node_origin":"osm_node","degree":3,"is_intersection":true,"source":"OpenStreetMap"},"geometry":{"type":"Point","coordinates":[118.78901,32.0552603]}},{"type":"Feature","properties":{"node_id":"9741249307","node_origin":"osm_node","degree":2,"is_intersection":false,"source":"OpenStreetMap"},"geometry":{"type":"Point","coordinates":[118.7936146,32.0442099]}},{"type":"Feature","properties":{"node_id":"9741249308","node_origin":"osm_node","degree":2,"is_intersection":false,"source":"OpenStreetMap"},"geometry":{"type":"Point","coordinates":[118.7940628,32.0441337]}},{"type":"Feature","properties":{"node_id":"9741249309","node_origin":"osm_node","degree":2,"is_intersection":false,"source":"OpenStreetMap"},"geometry":{"type":"Point","coordinates":[118.7938656,32.0469993]}},{"type":"Feature","properties":{"node_id":"9741249311","node_origin":"osm_node","degree":2,"is_intersection":false,"source":"OpenStreetMap"},"geometry":{"type":"Point","coordinates":[118.7960824,32.0481502]}},{"type":"Feature","properties":{"node_id":"9741249312","node_origin":"osm_node","degree":2,"is_intersection":false,"source":"OpenStreetMap"},"geometry":{"type":"Point","coordinates":[118.7957956,32.0482126]}},{"type":"Feature","properties":{"node_id":"9753358516","node_origin":"osm_node","degree":2,"is_intersection":false,"source":"OpenStreetMap"},"geometry":{"type":"Point","coordinates":[118.793003,32.044379]}},{"type":"Feature","properties":{"node_id":"9753366423","node_origin":"osm_node","degree":2,"is_intersection":false,"source":"OpenStreetMap"},"geometry":{"type":"Point","coordinates":[118.7915065,32.0445792]}},{"type":"Feature","properties":{"node_id":"9753366424","node_origin":"osm_node","degree":2,"is_intersection":false,"source":"OpenStreetMap"},"geometry":{"type":"Point","coordinates":[118.7922855,32.0445643]}},{"type":"Feature","properties":{"node_id":"9753366425","node_origin":"osm_node","degree":2,"is_intersection":false,"source":"OpenStreetMap"},"geometry":{"type":"Point","coordinates":[118.7929708,32.0442312]}},{"type":"Feature","properties":{"node_id":"9753366427","node_origin":"osm_node","degree":2,"is_intersection":false,"source":"OpenStreetMap"},"geometry":{"type":"Point","coordinates":[118.7929267,32.0437622]}},{"type":"Feature","properties":{"node_id":"9753366434","node_origin":"osm_node","degree":2,"is_intersection":false,"source":"OpenStreetMap"},"geometry":{"type":"Point","coordinates":[118.7914263,32.0438949]}},{"type":"Feature","properties":{"node_id":"9753366435","node_origin":"osm_node","degree":2,"is_intersection":false,"source":"OpenStreetMap"},"geometry":{"type":"Point","coordinates":[118.7914108,32.0435545]}},{"type":"Feature","properties":{"node_id":"9753366438","node_origin":"osm_node","degree":2,"is_intersection":false,"source":"OpenStreetMap"},"geometry":{"type":"Point","coordinates":[118.7913886,32.0432109]}},{"type":"Feature","properties":{"node_id":"9753366442","node_origin":"osm_node","degree":2,"is_intersection":false,"source":"OpenStreetMap"},"geometry":{"type":"Point","coordinates":[118.7920255,32.043176]}},{"type":"Feature","properties":{"node_id":"9753366443","node_origin":"osm_node","degree":2,"is_intersection":false,"source":"OpenStreetMap"},"geometry":{"type":"Point","coordinates":[118.7920752,32.043828]}},{"type":"Feature","properties":{"node_id":"9753366444","node_origin":"osm_node","degree":2,"is_intersection":false,"source":"OpenStreetMap"},"geometry":{"type":"Point","coordinates":[118.792675,32.0437916]}},{"type":"Feature","properties":{"node_id":"9753366460","node_origin":"osm_node","degree":2,"is_intersection":false,"source":"OpenStreetMap"},"geometry":{"type":"Point","coordinates":[118.7895842,32.0432739]}},{"type":"Feature","properties":{"node_id":"9753366461","node_origin":"osm_node","degree":2,"is_intersection":false,"source":"OpenStreetMap"},"geometry":{"type":"Point","coordinates":[118.7896548,32.0444235]}},{"type":"Feature","properties":{"node_id":"9753366462","node_origin":"osm_node","degree":2,"is_intersection":false,"source":"OpenStreetMap"},"geometry":{"type":"Point","coordinates":[118.7896357,32.0440999]}},{"type":"Feature","properties":{"node_id":"9753366463","node_origin":"osm_node","degree":2,"is_intersection":false,"source":"OpenStreetMap"},"geometry":{"type":"Point","coordinates":[118.7895877,32.0449587]}},{"type":"Feature","properties":{"node_id":"9753366464","node_origin":"osm_node","degree":2,"is_intersection":false,"source":"OpenStreetMap"},"geometry":{"type":"Point","coordinates":[118.7895025,32.0444085]}},{"type":"Feature","properties":{"node_id":"9753366465","node_origin":"osm_node","degree":2,"is_intersection":false,"source":"OpenStreetMap"},"geometry":{"type":"Point","coordinates":[118.7894379,32.0432905]}},{"type":"Feature","properties":{"node_id":"9753366470","node_origin":"osm_node","degree":3,"is_intersection":true,"source":"OpenStreetMap"},"geometry":{"type":"Point","coordinates":[118.7929695,32.0429072]}},{"type":"Feature","properties":{"node_id":"9753594423","node_origin":"osm_node","degree":3,"is_intersection":true,"source":"OpenStreetMap"},"geometry":{"type":"Point","coordinates":[118.7910391,32.0592874]}},{"type":"Feature","properties":{"node_id":"9753594424","node_origin":"osm_node","degree":2,"is_intersection":false,"source":"OpenStreetMap"},"geometry":{"type":"Point","coordinates":[118.7912966,32.0601364]}},{"type":"Feature","properties":{"node_id":"9753594425","node_origin":"osm_node","degree":2,"is_intersection":false,"source":"OpenStreetMap"},"geometry":{"type":"Point","coordinates":[118.7910135,32.060227]}},{"type":"Feature","properties":{"node_id":"9753594426","node_origin":"osm_node","degree":3,"is_intersection":true,"source":"OpenStreetMap"},"geometry":{"type":"Point","coordinates":[118.7907601,32.0594459]}},{"type":"Feature","properties":{"node_id":"9753594443","node_origin":"osm_node","degree":3,"is_intersection":true,"source":"OpenStreetMap"},"geometry":{"type":"Point","coordinates":[118.7899358,32.06078]}},{"type":"Feature","properties":{"node_id":"9753594444","node_origin":"osm_node","degree":3,"is_intersection":true,"source":"OpenStreetMap"},"geometry":{"type":"Point","coordinates":[118.789946,32.0605739]}},{"type":"Feature","properties":{"node_id":"9753594445","node_origin":"osm_node","degree":2,"is_intersection":false,"source":"OpenStreetMap"},"geometry":{"type":"Point","coordinates":[118.7899336,32.0606534]}},{"type":"Feature","properties":{"node_id":"9753594451","node_origin":"osm_node","degree":2,"is_intersection":false,"source":"OpenStreetMap"},"geometry":{"type":"Point","coordinates":[118.7907289,32.0624016]}},{"type":"Feature","properties":{"node_id":"9753594452","node_origin":"osm_node","degree":2,"is_intersection":false,"source":"OpenStreetMap"},"geometry":{"type":"Point","coordinates":[118.7908314,32.062639]}},{"type":"Feature","properties":{"node_id":"9753594453","node_origin":"osm_node","degree":2,"is_intersection":false,"source":"OpenStreetMap"},"geometry":{"type":"Point","coordinates":[118.7913978,32.0637067]}},{"type":"Feature","properties":{"node_id":"9753594457","node_origin":"osm_node","degree":2,"is_intersection":false,"source":"OpenStreetMap"},"geometry":{"type":"Point","coordinates":[118.7914329,32.0641455]}},{"type":"Feature","properties":{"node_id":"9753594458","node_origin":"osm_node","degree":2,"is_intersection":false,"source":"OpenStreetMap"},"geometry":{"type":"Point","coordinates":[118.7913302,32.0644082]}},{"type":"Feature","properties":{"node_id":"9753594543","node_origin":"osm_node","degree":2,"is_intersection":false,"source":"OpenStreetMap"},"geometry":{"type":"Point","coordinates":[118.7914287,32.0642107]}},{"type":"Feature","properties":{"node_id":"9753630620","node_origin":"osm_node","degree":2,"is_intersection":false,"source":"OpenStreetMap"},"geometry":{"type":"Point","coordinates":[118.7806673,32.0723392]}},{"type":"Feature","properties":{"node_id":"9753630621","node_origin":"osm_node","degree":2,"is_intersection":false,"source":"OpenStreetMap"},"geometry":{"type":"Point","coordinates":[118.7801125,32.0723521]}},{"type":"Feature","properties":{"node_id":"9753630622","node_origin":"osm_node","degree":2,"is_intersection":false,"source":"OpenStreetMap"},"geometry":{"type":"Point","coordinates":[118.7795803,32.0723095]}},{"type":"Feature","properties":{"node_id":"9753630623","node_origin":"osm_node","degree":3,"is_intersection":true,"source":"OpenStreetMap"},"geometry":{"type":"Point","coordinates":[118.7788029,32.0721639]}},{"type":"Feature","properties":{"node_id":"9867187860","node_origin":"osm_node","degree":1,"is_intersection":false,"source":"OpenStreetMap"},"geometry":{"type":"Point","coordinates":[118.7774185,32.042316]}},{"type":"Feature","properties":{"node_id":"9871518944","node_origin":"osm_node","degree":1,"is_intersection":false,"source":"OpenStreetMap"},"geometry":{"type":"Point","coordinates":[118.7866754,32.0618667]}},{"type":"Feature","properties":{"node_id":"9871518945","node_origin":"osm_node","degree":2,"is_intersection":false,"source":"OpenStreetMap"},"geometry":{"type":"Point","coordinates":[118.7867283,32.0619771]}},{"type":"Feature","properties":{"node_id":"9871518946","node_origin":"osm_node","degree":2,"is_intersection":false,"source":"OpenStreetMap"},"geometry":{"type":"Point","coordinates":[118.7867765,32.0620332]}},{"type":"Feature","properties":{"node_id":"9871518947","node_origin":"osm_node","degree":2,"is_intersection":false,"source":"OpenStreetMap"},"geometry":{"type":"Point","coordinates":[118.7868216,32.0620459]}},{"type":"Feature","properties":{"node_id":"9871518948","node_origin":"osm_node","degree":2,"is_intersection":false,"source":"OpenStreetMap"},"geometry":{"type":"Point","coordinates":[118.7868802,32.062051]}},{"type":"Feature","properties":{"node_id":"9871518949","node_origin":"osm_node","degree":2,"is_intersection":false,"source":"OpenStreetMap"},"geometry":{"type":"Point","coordinates":[118.7869314,32.0620383]}},{"type":"Feature","properties":{"node_id":"9871518950","node_origin":"osm_node","degree":2,"is_intersection":false,"source":"OpenStreetMap"},"geometry":{"type":"Point","coordinates":[118.7869629,32.0620001]}},{"type":"Feature","properties":{"node_id":"9871518951","node_origin":"osm_node","degree":3,"is_intersection":true,"source":"OpenStreetMap"},"geometry":{"type":"Point","coordinates":[118.7869569,32.0615985]}},{"type":"Feature","properties":{"node_id":"9871518952","node_origin":"osm_node","degree":2,"is_intersection":false,"source":"OpenStreetMap"},"geometry":{"type":"Point","coordinates":[118.7869821,32.0615906]}},{"type":"Feature","properties":{"node_id":"9871518953","node_origin":"osm_node","degree":2,"is_intersection":false,"source":"OpenStreetMap"},"geometry":{"type":"Point","coordinates":[118.787003,32.0615763]}},{"type":"Feature","properties":{"node_id":"9871518954","node_origin":"osm_node","degree":2,"is_intersection":false,"source":"OpenStreetMap"},"geometry":{"type":"Point","coordinates":[118.7870174,32.0615571]}},{"type":"Feature","properties":{"node_id":"9871518955","node_origin":"osm_node","degree":2,"is_intersection":false,"source":"OpenStreetMap"},"geometry":{"type":"Point","coordinates":[118.7870238,32.061535]}},{"type":"Feature","properties":{"node_id":"9871518956","node_origin":"osm_node","degree":2,"is_intersection":false,"source":"OpenStreetMap"},"geometry":{"type":"Point","coordinates":[118.7870216,32.0615123]}},{"type":"Feature","properties":{"node_id":"9871518957","node_origin":"osm_node","degree":2,"is_intersection":false,"source":"OpenStreetMap"},"geometry":{"type":"Point","coordinates":[118.7870109,32.0614915]}},{"type":"Feature","properties":{"node_id":"9871518958","node_origin":"osm_node","degree":2,"is_intersection":false,"source":"OpenStreetMap"},"geometry":{"type":"Point","coordinates":[118.7869165,32.0614625]}},{"type":"Feature","properties":{"node_id":"9871518959","node_origin":"osm_node","degree":2,"is_intersection":false,"source":"OpenStreetMap"},"geometry":{"type":"Point","coordinates":[118.7868917,32.0614732]}},{"type":"Feature","properties":{"node_id":"9871518960","node_origin":"osm_node","degree":2,"is_intersection":false,"source":"OpenStreetMap"},"geometry":{"type":"Point","coordinates":[118.7868725,32.0614902]}},{"type":"Feature","properties":{"node_id":"9871518961","node_origin":"osm_node","degree":2,"is_intersection":false,"source":"OpenStreetMap"},"geometry":{"type":"Point","coordinates":[118.786861,32.0615116]}},{"type":"Feature","properties":{"node_id":"9871518962","node_origin":"osm_node","degree":2,"is_intersection":false,"source":"OpenStreetMap"},"geometry":{"type":"Point","coordinates":[118.7868585,32.0615351]}},{"type":"Feature","properties":{"node_id":"9871518963","node_origin":"osm_node","degree":2,"is_intersection":false,"source":"OpenStreetMap"},"geometry":{"type":"Point","coordinates":[118.7868653,32.0615579]}},{"type":"Feature","properties":{"node_id":"9871518964","node_origin":"osm_node","degree":2,"is_intersection":false,"source":"OpenStreetMap"},"geometry":{"type":"Point","coordinates":[118.7868806,32.0615775]}},{"type":"Feature","properties":{"node_id":"9871518965","node_origin":"osm_node","degree":2,"is_intersection":false,"source":"OpenStreetMap"},"geometry":{"type":"Point","coordinates":[118.7869028,32.0615918]}},{"type":"Feature","properties":{"node_id":"9871518966","node_origin":"osm_node","degree":2,"is_intersection":false,"source":"OpenStreetMap"},"geometry":{"type":"Point","coordinates":[118.7869929,32.0614746]}},{"type":"Feature","properties":{"node_id":"9871518967","node_origin":"osm_node","degree":2,"is_intersection":false,"source":"OpenStreetMap"},"geometry":{"type":"Point","coordinates":[118.7869694,32.0614635]}},{"type":"Feature","properties":{"node_id":"9871518968","node_origin":"osm_node","degree":2,"is_intersection":false,"source":"OpenStreetMap"},"geometry":{"type":"Point","coordinates":[118.786943,32.0614593]}},{"type":"Feature","properties":{"node_id":"9871518969","node_origin":"osm_node","degree":2,"is_intersection":false,"source":"OpenStreetMap"},"geometry":{"type":"Point","coordinates":[118.7869292,32.061599]}},{"type":"Feature","properties":{"node_id":"9872172910","node_origin":"osm_node","degree":2,"is_intersection":false,"source":"OpenStreetMap"},"geometry":{"type":"Point","coordinates":[118.7897423,32.0430207]}},{"type":"Feature","properties":{"node_id":"9899188013","node_origin":"osm_node","degree":2,"is_intersection":false,"source":"OpenStreetMap"},"geometry":{"type":"Point","coordinates":[118.7692631,32.043268]}},{"type":"Feature","properties":{"node_id":"9899194418","node_origin":"osm_node","degree":4,"is_intersection":true,"source":"OpenStreetMap"},"geometry":{"type":"Point","coordinates":[118.7696884,32.0399741]}},{"type":"Feature","properties":{"node_id":"9899194419","node_origin":"osm_node","degree":2,"is_intersection":false,"source":"OpenStreetMap"},"geometry":{"type":"Point","coordinates":[118.7670842,32.041541]}},{"type":"Feature","properties":{"node_id":"9899194421","node_origin":"osm_node","degree":2,"is_intersection":false,"source":"OpenStreetMap"},"geometry":{"type":"Point","coordinates":[118.7677279,32.0411805]}},{"type":"Feature","properties":{"node_id":"9899194422","node_origin":"osm_node","degree":2,"is_intersection":false,"source":"OpenStreetMap"},"geometry":{"type":"Point","coordinates":[118.767408,32.041357]}},{"type":"Feature","properties":{"node_id":"9899194423","node_origin":"osm_node","degree":2,"is_intersection":false,"source":"OpenStreetMap"},"geometry":{"type":"Point","coordinates":[118.7683492,32.0407956]}},{"type":"Feature","properties":{"node_id":"9899194487","node_origin":"osm_node","degree":2,"is_intersection":false,"source":"OpenStreetMap"},"geometry":{"type":"Point","coordinates":[118.7688608,32.0432989]}},{"type":"Feature","properties":{"node_id":"9928281384","node_origin":"osm_node","degree":2,"is_intersection":false,"source":"OpenStreetMap"},"geometry":{"type":"Point","coordinates":[118.793198,32.0444702]}},{"type":"Feature","properties":{"node_id":"9928281388","node_origin":"osm_node","degree":2,"is_intersection":false,"source":"OpenStreetMap"},"geometry":{"type":"Point","coordinates":[118.7904496,32.0470067]}},{"type":"Feature","properties":{"node_id":"9928281391","node_origin":"osm_node","degree":2,"is_intersection":false,"source":"OpenStreetMap"},"geometry":{"type":"Point","coordinates":[118.7907235,32.0472453]}},{"type":"Feature","properties":{"node_id":"9928281392","node_origin":"osm_node","degree":2,"is_intersection":false,"source":"OpenStreetMap"},"geometry":{"type":"Point","coordinates":[118.7906313,32.0469699]}},{"type":"Feature","properties":{"node_id":"9928281393","node_origin":"osm_node","degree":2,"is_intersection":false,"source":"OpenStreetMap"},"geometry":{"type":"Point","coordinates":[118.7907456,32.0473089]}},{"type":"Feature","properties":{"node_id":"9928281394","node_origin":"osm_node","degree":2,"is_intersection":false,"source":"OpenStreetMap"},"geometry":{"type":"Point","coordinates":[118.7904258,32.0472649]}},{"type":"Feature","properties":{"node_id":"9928281395","node_origin":"osm_node","degree":2,"is_intersection":false,"source":"OpenStreetMap"},"geometry":{"type":"Point","coordinates":[118.7905076,32.0472489]}},{"type":"Feature","properties":{"node_id":"9928281396","node_origin":"osm_node","degree":2,"is_intersection":false,"source":"OpenStreetMap"},"geometry":{"type":"Point","coordinates":[118.7905558,32.0471796]}},{"type":"Feature","properties":{"node_id":"9928281397","node_origin":"osm_node","degree":2,"is_intersection":false,"source":"OpenStreetMap"},"geometry":{"type":"Point","coordinates":[118.7905223,32.0470427]}},{"type":"Feature","properties":{"node_id":"9928281406","node_origin":"osm_node","degree":2,"is_intersection":false,"source":"OpenStreetMap"},"geometry":{"type":"Point","coordinates":[118.7889236,32.0460503]}},{"type":"Feature","properties":{"node_id":"9928281415","node_origin":"osm_node","degree":2,"is_intersection":false,"source":"OpenStreetMap"},"geometry":{"type":"Point","coordinates":[118.7891889,32.0469189]}},{"type":"Feature","properties":{"node_id":"9928306259","node_origin":"osm_node","degree":2,"is_intersection":false,"source":"OpenStreetMap"},"geometry":{"type":"Point","coordinates":[118.805401,32.0428191]}},{"type":"Feature","properties":{"node_id":"9928306261","node_origin":"osm_node","degree":2,"is_intersection":false,"source":"OpenStreetMap"},"geometry":{"type":"Point","coordinates":[118.8054529,32.0432248]}},{"type":"Feature","properties":{"node_id":"9928432257","node_origin":"osm_node","degree":2,"is_intersection":false,"source":"OpenStreetMap"},"geometry":{"type":"Point","coordinates":[118.7897368,32.0454313]}},{"type":"Feature","properties":{"node_id":"9950439350","node_origin":"osm_node","degree":2,"is_intersection":false,"source":"OpenStreetMap"},"geometry":{"type":"Point","coordinates":[118.8026478,32.0569198]}},{"type":"Feature","properties":{"node_id":"9950439352","node_origin":"osm_node","degree":2,"is_intersection":false,"source":"OpenStreetMap"},"geometry":{"type":"Point","coordinates":[118.8024487,32.055097]}},{"type":"Feature","properties":{"node_id":"9950439353","node_origin":"osm_node","degree":2,"is_intersection":false,"source":"OpenStreetMap"},"geometry":{"type":"Point","coordinates":[118.8023414,32.054323]}},{"type":"Feature","properties":{"node_id":"9950439354","node_origin":"osm_node","degree":2,"is_intersection":false,"source":"OpenStreetMap"},"geometry":{"type":"Point","coordinates":[118.8021613,32.0532573]}},{"type":"Feature","properties":{"node_id":"9950439355","node_origin":"osm_node","degree":2,"is_intersection":false,"source":"OpenStreetMap"},"geometry":{"type":"Point","coordinates":[118.801813,32.0517404]}},{"type":"Feature","properties":{"node_id":"9950439356","node_origin":"osm_node","degree":2,"is_intersection":false,"source":"OpenStreetMap"},"geometry":{"type":"Point","coordinates":[118.8008893,32.0488617]}},{"type":"Feature","properties":{"node_id":"9950439357","node_origin":"osm_node","degree":2,"is_intersection":false,"source":"OpenStreetMap"},"geometry":{"type":"Point","coordinates":[118.8003913,32.047372]}},{"type":"Feature","properties":{"node_id":"9950439358","node_origin":"osm_node","degree":2,"is_intersection":false,"source":"OpenStreetMap"},"geometry":{"type":"Point","coordinates":[118.8008975,32.0475163]}},{"type":"Feature","properties":{"node_id":"9950439359","node_origin":"osm_node","degree":2,"is_intersection":false,"source":"OpenStreetMap"},"geometry":{"type":"Point","coordinates":[118.8024265,32.0475536]}},{"type":"Feature","properties":{"node_id":"9953972049","node_origin":"osm_node","degree":2,"is_intersection":false,"source":"OpenStreetMap"},"geometry":{"type":"Point","coordinates":[118.8013735,32.047528]}},{"type":"Feature","properties":{"node_id":"9953972101","node_origin":"osm_node","degree":2,"is_intersection":false,"source":"OpenStreetMap"},"geometry":{"type":"Point","coordinates":[118.782657,32.0425755]}},{"type":"Feature","properties":{"node_id":"9953972104","node_origin":"osm_node","degree":2,"is_intersection":false,"source":"OpenStreetMap"},"geometry":{"type":"Point","coordinates":[118.8209157,32.0407828]}},{"type":"Feature","properties":{"node_id":"nanjing_clip_118.7669000_32.0355084","node_origin":"derived_boundary","degree":1,"is_intersection":false,"source":"OpenStreetMap"},"geometry":{"type":"Point","coordinates":[118.7669,32.0355084]}},{"type":"Feature","properties":{"node_id":"nanjing_clip_118.7669000_32.0357232","node_origin":"derived_boundary","degree":1,"is_intersection":false,"source":"OpenStreetMap"},"geometry":{"type":"Point","coordinates":[118.7669,32.0357232]}},{"type":"Feature","properties":{"node_id":"nanjing_clip_118.7669000_32.0368512","node_origin":"derived_boundary","degree":1,"is_intersection":false,"source":"OpenStreetMap"},"geometry":{"type":"Point","coordinates":[118.7669,32.0368512]}},{"type":"Feature","properties":{"node_id":"nanjing_clip_118.7669000_32.0378796","node_origin":"derived_boundary","degree":1,"is_intersection":false,"source":"OpenStreetMap"},"geometry":{"type":"Point","coordinates":[118.7669,32.0378796]}},{"type":"Feature","properties":{"node_id":"nanjing_clip_118.7669000_32.0416290","node_origin":"derived_boundary","degree":1,"is_intersection":false,"source":"OpenStreetMap"},"geometry":{"type":"Point","coordinates":[118.7669,32.041629]}},{"type":"Feature","properties":{"node_id":"nanjing_clip_118.7669000_32.0434268","node_origin":"derived_boundary","degree":1,"is_intersection":false,"source":"OpenStreetMap"},"geometry":{"type":"Point","coordinates":[118.7669,32.0434268]}},{"type":"Feature","properties":{"node_id":"nanjing_clip_118.7669000_32.0445955","node_origin":"derived_boundary","degree":1,"is_intersection":false,"source":"OpenStreetMap"},"geometry":{"type":"Point","coordinates":[118.7669,32.0445955]}},{"type":"Feature","properties":{"node_id":"nanjing_clip_118.7669000_32.0458182","node_origin":"derived_boundary","degree":1,"is_intersection":false,"source":"OpenStreetMap"},"geometry":{"type":"Point","coordinates":[118.7669,32.0458182]}},{"type":"Feature","properties":{"node_id":"nanjing_clip_118.7669000_32.0459286","node_origin":"derived_boundary","degree":1,"is_intersection":false,"source":"OpenStreetMap"},"geometry":{"type":"Point","coordinates":[118.7669,32.0459286]}},{"type":"Feature","properties":{"node_id":"nanjing_clip_118.7669000_32.0487222","node_origin":"derived_boundary","degree":1,"is_intersection":false,"source":"OpenStreetMap"},"geometry":{"type":"Point","coordinates":[118.7669,32.0487222]}},{"type":"Feature","properties":{"node_id":"nanjing_clip_118.7669000_32.0494425","node_origin":"derived_boundary","degree":1,"is_intersection":false,"source":"OpenStreetMap"},"geometry":{"type":"Point","coordinates":[118.7669,32.0494425]}},{"type":"Feature","properties":{"node_id":"nanjing_clip_118.7669000_32.0534193","node_origin":"derived_boundary","degree":1,"is_intersection":false,"source":"OpenStreetMap"},"geometry":{"type":"Point","coordinates":[118.7669,32.0534193]}},{"type":"Feature","properties":{"node_id":"nanjing_clip_118.7669000_32.0540410","node_origin":"derived_boundary","degree":1,"is_intersection":false,"source":"OpenStreetMap"},"geometry":{"type":"Point","coordinates":[118.7669,32.054041]}},{"type":"Feature","properties":{"node_id":"nanjing_clip_118.7669000_32.0556821","node_origin":"derived_boundary","degree":1,"is_intersection":false,"source":"OpenStreetMap"},"geometry":{"type":"Point","coordinates":[118.7669,32.0556821]}},{"type":"Feature","properties":{"node_id":"nanjing_clip_118.7669000_32.0568123","node_origin":"derived_boundary","degree":1,"is_intersection":false,"source":"OpenStreetMap"},"geometry":{"type":"Point","coordinates":[118.7669,32.0568123]}},{"type":"Feature","properties":{"node_id":"nanjing_clip_118.7669000_32.0613641","node_origin":"derived_boundary","degree":1,"is_intersection":false,"source":"OpenStreetMap"},"geometry":{"type":"Point","coordinates":[118.7669,32.0613641]}},{"type":"Feature","properties":{"node_id":"nanjing_clip_118.7669000_32.0620241","node_origin":"derived_boundary","degree":1,"is_intersection":false,"source":"OpenStreetMap"},"geometry":{"type":"Point","coordinates":[118.7669,32.0620241]}},{"type":"Feature","properties":{"node_id":"nanjing_clip_118.7669000_32.0631807","node_origin":"derived_boundary","degree":1,"is_intersection":false,"source":"OpenStreetMap"},"geometry":{"type":"Point","coordinates":[118.7669,32.0631807]}},{"type":"Feature","properties":{"node_id":"nanjing_clip_118.7669000_32.0641314","node_origin":"derived_boundary","degree":1,"is_intersection":false,"source":"OpenStreetMap"},"geometry":{"type":"Point","coordinates":[118.7669,32.0641314]}},{"type":"Feature","properties":{"node_id":"nanjing_clip_118.7669000_32.0662417","node_origin":"derived_boundary","degree":1,"is_intersection":false,"source":"OpenStreetMap"},"geometry":{"type":"Point","coordinates":[118.7669,32.0662417]}},{"type":"Feature","properties":{"node_id":"nanjing_clip_118.7669000_32.0688849","node_origin":"derived_boundary","degree":1,"is_intersection":false,"source":"OpenStreetMap"},"geometry":{"type":"Point","coordinates":[118.7669,32.0688849]}},{"type":"Feature","properties":{"node_id":"nanjing_clip_118.7669000_32.0698844","node_origin":"derived_boundary","degree":1,"is_intersection":false,"source":"OpenStreetMap"},"geometry":{"type":"Point","coordinates":[118.7669,32.0698844]}},{"type":"Feature","properties":{"node_id":"nanjing_clip_118.7669000_32.0699957","node_origin":"derived_boundary","degree":1,"is_intersection":false,"source":"OpenStreetMap"},"geometry":{"type":"Point","coordinates":[118.7669,32.0699957]}},{"type":"Feature","properties":{"node_id":"nanjing_clip_118.7669000_32.0712851","node_origin":"derived_boundary","degree":1,"is_intersection":false,"source":"OpenStreetMap"},"geometry":{"type":"Point","coordinates":[118.7669,32.0712851]}},{"type":"Feature","properties":{"node_id":"nanjing_clip_118.7669000_32.0712938","node_origin":"derived_boundary","degree":1,"is_intersection":false,"source":"OpenStreetMap"},"geometry":{"type":"Point","coordinates":[118.7669,32.0712938]}},{"type":"Feature","properties":{"node_id":"nanjing_clip_118.7669000_32.0714031","node_origin":"derived_boundary","degree":1,"is_intersection":false,"source":"OpenStreetMap"},"geometry":{"type":"Point","coordinates":[118.7669,32.0714031]}},{"type":"Feature","properties":{"node_id":"nanjing_clip_118.7669000_32.0749792","node_origin":"derived_boundary","degree":1,"is_intersection":false,"source":"OpenStreetMap"},"geometry":{"type":"Point","coordinates":[118.7669,32.0749792]}},{"type":"Feature","properties":{"node_id":"nanjing_clip_118.7669000_32.0756625","node_origin":"derived_boundary","degree":1,"is_intersection":false,"source":"OpenStreetMap"},"geometry":{"type":"Point","coordinates":[118.7669,32.0756625]}},{"type":"Feature","properties":{"node_id":"nanjing_clip_118.7669000_32.0766900","node_origin":"derived_boundary","degree":1,"is_intersection":false,"source":"OpenStreetMap"},"geometry":{"type":"Point","coordinates":[118.7669,32.07669]}},{"type":"Feature","properties":{"node_id":"nanjing_clip_118.7669000_32.0792765","node_origin":"derived_boundary","degree":1,"is_intersection":false,"source":"OpenStreetMap"},"geometry":{"type":"Point","coordinates":[118.7669,32.0792765]}},{"type":"Feature","properties":{"node_id":"nanjing_clip_118.7669000_32.0795326","node_origin":"derived_boundary","degree":1,"is_intersection":false,"source":"OpenStreetMap"},"geometry":{"type":"Point","coordinates":[118.7669,32.0795326]}},{"type":"Feature","properties":{"node_id":"nanjing_clip_118.7669000_32.0802988","node_origin":"derived_boundary","degree":1,"is_intersection":false,"source":"OpenStreetMap"},"geometry":{"type":"Point","coordinates":[118.7669,32.0802988]}},{"type":"Feature","properties":{"node_id":"nanjing_clip_118.7671969_32.0353000","node_origin":"derived_boundary","degree":1,"is_intersection":false,"source":"OpenStreetMap"},"geometry":{"type":"Point","coordinates":[118.7671969,32.0353]}},{"type":"Feature","properties":{"node_id":"nanjing_clip_118.7674083_32.0853000","node_origin":"derived_boundary","degree":1,"is_intersection":false,"source":"OpenStreetMap"},"geometry":{"type":"Point","coordinates":[118.7674083,32.0853]}},{"type":"Feature","properties":{"node_id":"nanjing_clip_118.7682587_32.0353000","node_origin":"derived_boundary","degree":1,"is_intersection":false,"source":"OpenStreetMap"},"geometry":{"type":"Point","coordinates":[118.7682587,32.0353]}},{"type":"Feature","properties":{"node_id":"nanjing_clip_118.7708819_32.0353000","node_origin":"derived_boundary","degree":1,"is_intersection":false,"source":"OpenStreetMap"},"geometry":{"type":"Point","coordinates":[118.7708819,32.0353]}},{"type":"Feature","properties":{"node_id":"nanjing_clip_118.7708996_32.0853000","node_origin":"derived_boundary","degree":1,"is_intersection":false,"source":"OpenStreetMap"},"geometry":{"type":"Point","coordinates":[118.7708996,32.0853]}},{"type":"Feature","properties":{"node_id":"nanjing_clip_118.7728235_32.0853000","node_origin":"derived_boundary","degree":1,"is_intersection":false,"source":"OpenStreetMap"},"geometry":{"type":"Point","coordinates":[118.7728235,32.0853]}},{"type":"Feature","properties":{"node_id":"nanjing_clip_118.7742142_32.0353000","node_origin":"derived_boundary","degree":1,"is_intersection":false,"source":"OpenStreetMap"},"geometry":{"type":"Point","coordinates":[118.7742142,32.0353]}},{"type":"Feature","properties":{"node_id":"nanjing_clip_118.7749609_32.0853000","node_origin":"derived_boundary","degree":1,"is_intersection":false,"source":"OpenStreetMap"},"geometry":{"type":"Point","coordinates":[118.7749609,32.0853]}},{"type":"Feature","properties":{"node_id":"nanjing_clip_118.7749996_32.0853000","node_origin":"derived_boundary","degree":1,"is_intersection":false,"source":"OpenStreetMap"},"geometry":{"type":"Point","coordinates":[118.7749996,32.0853]}},{"type":"Feature","properties":{"node_id":"nanjing_clip_118.7750041_32.0353000","node_origin":"derived_boundary","degree":1,"is_intersection":false,"source":"OpenStreetMap"},"geometry":{"type":"Point","coordinates":[118.7750041,32.0353]}},{"type":"Feature","properties":{"node_id":"nanjing_clip_118.7764161_32.0353000","node_origin":"derived_boundary","degree":1,"is_intersection":false,"source":"OpenStreetMap"},"geometry":{"type":"Point","coordinates":[118.7764161,32.0353]}},{"type":"Feature","properties":{"node_id":"nanjing_clip_118.7771116_32.0853000","node_origin":"derived_boundary","degree":1,"is_intersection":false,"source":"OpenStreetMap"},"geometry":{"type":"Point","coordinates":[118.7771116,32.0853]}},{"type":"Feature","properties":{"node_id":"nanjing_clip_118.7778790_32.0353000","node_origin":"derived_boundary","degree":1,"is_intersection":false,"source":"OpenStreetMap"},"geometry":{"type":"Point","coordinates":[118.777879,32.0353]}},{"type":"Feature","properties":{"node_id":"nanjing_clip_118.7787822_32.0853000","node_origin":"derived_boundary","degree":1,"is_intersection":false,"source":"OpenStreetMap"},"geometry":{"type":"Point","coordinates":[118.7787822,32.0853]}},{"type":"Feature","properties":{"node_id":"nanjing_clip_118.7789246_32.0353000","node_origin":"derived_boundary","degree":1,"is_intersection":false,"source":"OpenStreetMap"},"geometry":{"type":"Point","coordinates":[118.7789246,32.0353]}},{"type":"Feature","properties":{"node_id":"nanjing_clip_118.7789859_32.0853000","node_origin":"derived_boundary","degree":1,"is_intersection":false,"source":"OpenStreetMap"},"geometry":{"type":"Point","coordinates":[118.7789859,32.0853]}},{"type":"Feature","properties":{"node_id":"nanjing_clip_118.7791285_32.0853000","node_origin":"derived_boundary","degree":1,"is_intersection":false,"source":"OpenStreetMap"},"geometry":{"type":"Point","coordinates":[118.7791285,32.0853]}},{"type":"Feature","properties":{"node_id":"nanjing_clip_118.7793694_32.0353000","node_origin":"derived_boundary","degree":1,"is_intersection":false,"source":"OpenStreetMap"},"geometry":{"type":"Point","coordinates":[118.7793694,32.0353]}},{"type":"Feature","properties":{"node_id":"nanjing_clip_118.7802248_32.0353000","node_origin":"derived_boundary","degree":1,"is_intersection":false,"source":"OpenStreetMap"},"geometry":{"type":"Point","coordinates":[118.7802248,32.0353]}},{"type":"Feature","properties":{"node_id":"nanjing_clip_118.7817407_32.0353000","node_origin":"derived_boundary","degree":1,"is_intersection":false,"source":"OpenStreetMap"},"geometry":{"type":"Point","coordinates":[118.7817407,32.0353]}},{"type":"Feature","properties":{"node_id":"nanjing_clip_118.7831105_32.0353000","node_origin":"derived_boundary","degree":1,"is_intersection":false,"source":"OpenStreetMap"},"geometry":{"type":"Point","coordinates":[118.7831105,32.0353]}},{"type":"Feature","properties":{"node_id":"nanjing_clip_118.7837848_32.0353000","node_origin":"derived_boundary","degree":1,"is_intersection":false,"source":"OpenStreetMap"},"geometry":{"type":"Point","coordinates":[118.7837848,32.0353]}},{"type":"Feature","properties":{"node_id":"nanjing_clip_118.7848029_32.0353000","node_origin":"derived_boundary","degree":1,"is_intersection":false,"source":"OpenStreetMap"},"geometry":{"type":"Point","coordinates":[118.7848029,32.0353]}},{"type":"Feature","properties":{"node_id":"nanjing_clip_118.7870960_32.0353000","node_origin":"derived_boundary","degree":1,"is_intersection":false,"source":"OpenStreetMap"},"geometry":{"type":"Point","coordinates":[118.787096,32.0353]}},{"type":"Feature","properties":{"node_id":"nanjing_clip_118.7912543_32.0353000","node_origin":"derived_boundary","degree":1,"is_intersection":false,"source":"OpenStreetMap"},"geometry":{"type":"Point","coordinates":[118.7912543,32.0353]}},{"type":"Feature","properties":{"node_id":"nanjing_clip_118.7924863_32.0353000","node_origin":"derived_boundary","degree":1,"is_intersection":false,"source":"OpenStreetMap"},"geometry":{"type":"Point","coordinates":[118.7924863,32.0353]}},{"type":"Feature","properties":{"node_id":"nanjing_clip_118.7930663_32.0353000","node_origin":"derived_boundary","degree":1,"is_intersection":false,"source":"OpenStreetMap"},"geometry":{"type":"Point","coordinates":[118.7930663,32.0353]}},{"type":"Feature","properties":{"node_id":"nanjing_clip_118.7934154_32.0353000","node_origin":"derived_boundary","degree":1,"is_intersection":false,"source":"OpenStreetMap"},"geometry":{"type":"Point","coordinates":[118.7934154,32.0353]}},{"type":"Feature","properties":{"node_id":"nanjing_clip_118.7944011_32.0853000","node_origin":"derived_boundary","degree":1,"is_intersection":false,"source":"OpenStreetMap"},"geometry":{"type":"Point","coordinates":[118.7944011,32.0853]}},{"type":"Feature","properties":{"node_id":"nanjing_clip_118.7945316_32.0853000","node_origin":"derived_boundary","degree":1,"is_intersection":false,"source":"OpenStreetMap"},"geometry":{"type":"Point","coordinates":[118.7945316,32.0853]}},{"type":"Feature","properties":{"node_id":"nanjing_clip_118.7946011_32.0353000","node_origin":"derived_boundary","degree":1,"is_intersection":false,"source":"OpenStreetMap"},"geometry":{"type":"Point","coordinates":[118.7946011,32.0353]}},{"type":"Feature","properties":{"node_id":"nanjing_clip_118.7946906_32.0853000","node_origin":"derived_boundary","degree":1,"is_intersection":false,"source":"OpenStreetMap"},"geometry":{"type":"Point","coordinates":[118.7946906,32.0853]}},{"type":"Feature","properties":{"node_id":"nanjing_clip_118.7948321_32.0853000","node_origin":"derived_boundary","degree":1,"is_intersection":false,"source":"OpenStreetMap"},"geometry":{"type":"Point","coordinates":[118.7948321,32.0853]}},{"type":"Feature","properties":{"node_id":"nanjing_clip_118.7949807_32.0853000","node_origin":"derived_boundary","degree":1,"is_intersection":false,"source":"OpenStreetMap"},"geometry":{"type":"Point","coordinates":[118.7949807,32.0853]}},{"type":"Feature","properties":{"node_id":"nanjing_clip_118.7955901_32.0353000","node_origin":"derived_boundary","degree":1,"is_intersection":false,"source":"OpenStreetMap"},"geometry":{"type":"Point","coordinates":[118.7955901,32.0353]}},{"type":"Feature","properties":{"node_id":"nanjing_clip_118.7956138_32.0853000","node_origin":"derived_boundary","degree":1,"is_intersection":false,"source":"OpenStreetMap"},"geometry":{"type":"Point","coordinates":[118.7956138,32.0853]}},{"type":"Feature","properties":{"node_id":"nanjing_clip_118.7957355_32.0853000","node_origin":"derived_boundary","degree":1,"is_intersection":false,"source":"OpenStreetMap"},"geometry":{"type":"Point","coordinates":[118.7957355,32.0853]}},{"type":"Feature","properties":{"node_id":"nanjing_clip_118.7973038_32.0353000","node_origin":"derived_boundary","degree":1,"is_intersection":false,"source":"OpenStreetMap"},"geometry":{"type":"Point","coordinates":[118.7973038,32.0353]}},{"type":"Feature","properties":{"node_id":"nanjing_clip_118.7976365_32.0353000","node_origin":"derived_boundary","degree":1,"is_intersection":false,"source":"OpenStreetMap"},"geometry":{"type":"Point","coordinates":[118.7976365,32.0353]}},{"type":"Feature","properties":{"node_id":"nanjing_clip_118.8010105_32.0353000","node_origin":"derived_boundary","degree":1,"is_intersection":false,"source":"OpenStreetMap"},"geometry":{"type":"Point","coordinates":[118.8010105,32.0353]}},{"type":"Feature","properties":{"node_id":"nanjing_clip_118.8040485_32.0853000","node_origin":"derived_boundary","degree":1,"is_intersection":false,"source":"OpenStreetMap"},"geometry":{"type":"Point","coordinates":[118.8040485,32.0853]}},{"type":"Feature","properties":{"node_id":"nanjing_clip_118.8044353_32.0853000","node_origin":"derived_boundary","degree":1,"is_intersection":false,"source":"OpenStreetMap"},"geometry":{"type":"Point","coordinates":[118.8044353,32.0853]}},{"type":"Feature","properties":{"node_id":"nanjing_clip_118.8052238_32.0353000","node_origin":"derived_boundary","degree":1,"is_intersection":false,"source":"OpenStreetMap"},"geometry":{"type":"Point","coordinates":[118.8052238,32.0353]}},{"type":"Feature","properties":{"node_id":"nanjing_clip_118.8078314_32.0353000","node_origin":"derived_boundary","degree":1,"is_intersection":false,"source":"OpenStreetMap"},"geometry":{"type":"Point","coordinates":[118.8078314,32.0353]}},{"type":"Feature","properties":{"node_id":"nanjing_clip_118.8119044_32.0353000","node_origin":"derived_boundary","degree":1,"is_intersection":false,"source":"OpenStreetMap"},"geometry":{"type":"Point","coordinates":[118.8119044,32.0353]}},{"type":"Feature","properties":{"node_id":"nanjing_clip_118.8165697_32.0853000","node_origin":"derived_boundary","degree":1,"is_intersection":false,"source":"OpenStreetMap"},"geometry":{"type":"Point","coordinates":[118.8165697,32.0853]}},{"type":"Feature","properties":{"node_id":"nanjing_clip_118.8165892_32.0853000","node_origin":"derived_boundary","degree":1,"is_intersection":false,"source":"OpenStreetMap"},"geometry":{"type":"Point","coordinates":[118.8165892,32.0853]}},{"type":"Feature","properties":{"node_id":"nanjing_clip_118.8171438_32.0853000","node_origin":"derived_boundary","degree":1,"is_intersection":false,"source":"OpenStreetMap"},"geometry":{"type":"Point","coordinates":[118.8171438,32.0853]}},{"type":"Feature","properties":{"node_id":"nanjing_clip_118.8171754_32.0853000","node_origin":"derived_boundary","degree":1,"is_intersection":false,"source":"OpenStreetMap"},"geometry":{"type":"Point","coordinates":[118.8171754,32.0853]}},{"type":"Feature","properties":{"node_id":"nanjing_clip_118.8181811_32.0353000","node_origin":"derived_boundary","degree":1,"is_intersection":false,"source":"OpenStreetMap"},"geometry":{"type":"Point","coordinates":[118.8181811,32.0353]}},{"type":"Feature","properties":{"node_id":"nanjing_clip_118.8223431_32.0853000","node_origin":"derived_boundary","degree":1,"is_intersection":false,"source":"OpenStreetMap"},"geometry":{"type":"Point","coordinates":[118.8223431,32.0853]}},{"type":"Feature","properties":{"node_id":"nanjing_clip_118.8226488_32.0853000","node_origin":"derived_boundary","degree":1,"is_intersection":false,"source":"OpenStreetMap"},"geometry":{"type":"Point","coordinates":[118.8226488,32.0853]}},{"type":"Feature","properties":{"node_id":"nanjing_clip_118.8227736_32.0853000","node_origin":"derived_boundary","degree":1,"is_intersection":false,"source":"OpenStreetMap"},"geometry":{"type":"Point","coordinates":[118.8227736,32.0853]}},{"type":"Feature","properties":{"node_id":"nanjing_clip_118.8235991_32.0853000","node_origin":"derived_boundary","degree":1,"is_intersection":false,"source":"OpenStreetMap"},"geometry":{"type":"Point","coordinates":[118.8235991,32.0853]}},{"type":"Feature","properties":{"node_id":"nanjing_clip_118.8236127_32.0853000","node_origin":"derived_boundary","degree":1,"is_intersection":false,"source":"OpenStreetMap"},"geometry":{"type":"Point","coordinates":[118.8236127,32.0853]}},{"type":"Feature","properties":{"node_id":"nanjing_clip_118.8252077_32.0853000","node_origin":"derived_boundary","degree":1,"is_intersection":false,"source":"OpenStreetMap"},"geometry":{"type":"Point","coordinates":[118.8252077,32.0853]}},{"type":"Feature","properties":{"node_id":"nanjing_clip_118.8255384_32.0853000","node_origin":"derived_boundary","degree":1,"is_intersection":false,"source":"OpenStreetMap"},"geometry":{"type":"Point","coordinates":[118.8255384,32.0853]}},{"type":"Feature","properties":{"node_id":"nanjing_clip_118.8261861_32.0353000","node_origin":"derived_boundary","degree":1,"is_intersection":false,"source":"OpenStreetMap"},"geometry":{"type":"Point","coordinates":[118.8261861,32.0353]}},{"type":"Feature","properties":{"node_id":"nanjing_clip_118.8263145_32.0353000","node_origin":"derived_boundary","degree":1,"is_intersection":false,"source":"OpenStreetMap"},"geometry":{"type":"Point","coordinates":[118.8263145,32.0353]}},{"type":"Feature","properties":{"node_id":"nanjing_clip_118.8264558_32.0853000","node_origin":"derived_boundary","degree":1,"is_intersection":false,"source":"OpenStreetMap"},"geometry":{"type":"Point","coordinates":[118.8264558,32.0853]}},{"type":"Feature","properties":{"node_id":"nanjing_clip_118.8269000_32.0356012","node_origin":"derived_boundary","degree":1,"is_intersection":false,"source":"OpenStreetMap"},"geometry":{"type":"Point","coordinates":[118.8269,32.0356012]}},{"type":"Feature","properties":{"node_id":"nanjing_clip_118.8269000_32.0403465","node_origin":"derived_boundary","degree":1,"is_intersection":false,"source":"OpenStreetMap"},"geometry":{"type":"Point","coordinates":[118.8269,32.0403465]}},{"type":"Feature","properties":{"node_id":"nanjing_clip_118.8269000_32.0418483","node_origin":"derived_boundary","degree":1,"is_intersection":false,"source":"OpenStreetMap"},"geometry":{"type":"Point","coordinates":[118.8269,32.0418483]}},{"type":"Feature","properties":{"node_id":"nanjing_clip_118.8269000_32.0420136","node_origin":"derived_boundary","degree":1,"is_intersection":false,"source":"OpenStreetMap"},"geometry":{"type":"Point","coordinates":[118.8269,32.0420136]}},{"type":"Feature","properties":{"node_id":"nanjing_clip_118.8269000_32.0478231","node_origin":"derived_boundary","degree":1,"is_intersection":false,"source":"OpenStreetMap"},"geometry":{"type":"Point","coordinates":[118.8269,32.0478231]}},{"type":"Feature","properties":{"node_id":"nanjing_clip_118.8269000_32.0535427","node_origin":"derived_boundary","degree":1,"is_intersection":false,"source":"OpenStreetMap"},"geometry":{"type":"Point","coordinates":[118.8269,32.0535427]}},{"type":"Feature","properties":{"node_id":"nanjing_clip_118.8269000_32.0704764","node_origin":"derived_boundary","degree":1,"is_intersection":false,"source":"OpenStreetMap"},"geometry":{"type":"Point","coordinates":[118.8269,32.0704764]}},{"type":"Feature","properties":{"node_id":"nanjing_clip_118.8269000_32.0803219","node_origin":"derived_boundary","degree":1,"is_intersection":false,"source":"OpenStreetMap"},"geometry":{"type":"Point","coordinates":[118.8269,32.0803219]}},{"type":"Feature","properties":{"node_id":"nanjing_clip_118.8269000_32.0828474","node_origin":"derived_boundary","degree":1,"is_intersection":false,"source":"OpenStreetMap"},"geometry":{"type":"Point","coordinates":[118.8269,32.0828474]}},{"type":"Feature","properties":{"node_id":"nanjing_clip_118.8269000_32.0833381","node_origin":"derived_boundary","degree":1,"is_intersection":false,"source":"OpenStreetMap"},"geometry":{"type":"Point","coordinates":[118.8269,32.0833381]}},{"type":"Feature","properties":{"node_id":"nanjing_clip_118.8269000_32.0839344","node_origin":"derived_boundary","degree":1,"is_intersection":false,"source":"OpenStreetMap"},"geometry":{"type":"Point","coordinates":[118.8269,32.0839344]}},{"type":"Feature","properties":{"node_id":"nanjing_clip_118.8269000_32.0843071","node_origin":"derived_boundary","degree":1,"is_intersection":false,"source":"OpenStreetMap"},"geometry":{"type":"Point","coordinates":[118.8269,32.0843071]}}]}