{"type":"FeatureCollection","name":"xian_network_nodes","crs":{"type":"name","properties":{"name":"urn:ogc:def:crs:OGC:1.3:CRS84"}},"features":[{"type":"Feature","properties":{"node_id":"10242538383","node_origin":"osm_node","degree":4,"is_intersection":true,"source":"OpenStreetMap"},"geometry":{"type":"Point","coordinates":[108.9450688,34.3596741]}},{"type":"Feature","properties":{"node_id":"10242538384","node_origin":"osm_node","degree":2,"is_intersection":false,"source":"OpenStreetMap"},"geometry":{"type":"Point","coordinates":[108.944908,34.3596872]}},{"type":"Feature","properties":{"node_id":"10242538385","node_origin":"osm_node","degree":2,"is_intersection":false,"source":"OpenStreetMap"},"geometry":{"type":"Point","coordinates":[108.9450229,34.359602]}},{"type":"Feature","properties":{"node_id":"10242538386","node_origin":"osm_node","degree":3,"is_intersection":true,"source":"OpenStreetMap"},"geometry":{"type":"Point","coordinates":[108.9449374,34.3595808]}},{"type":"Feature","properties":{"node_id":"10242538387","node_origin":"osm_node","degree":2,"is_intersection":false,"source":"OpenStreetMap"},"geometry":{"type":"Point","coordinates":[108.9449984,34.3597335]}},{"type":"Feature","properties":{"node_id":"10242538395","node_origin":"osm_node","degree":2,"is_intersection":false,"source":"OpenStreetMap"},"geometry":{"type":"Point","coordinates":[108.9501419,34.3665541]}},{"type":"Feature","properties":{"node_id":"10242538396","node_origin":"osm_node","degree":2,"is_intersection":false,"source":"OpenStreetMap"},"geometry":{"type":"Point","coordinates":[108.9500587,34.3663791]}},{"type":"Feature","properties":{"node_id":"10242538397","node_origin":"osm_node","degree":2,"is_intersection":false,"source":"OpenStreetMap"},"geometry":{"type":"Point","coordinates":[108.9499756,34.3661068]}},{"type":"Feature","properties":{"node_id":"10242538398","node_origin":"osm_node","degree":2,"is_intersection":false,"source":"OpenStreetMap"},"geometry":{"type":"Point","coordinates":[108.9499273,34.3656684]}},{"type":"Feature","properties":{"node_id":"10242538399","node_origin":"osm_node","degree":2,"is_intersection":false,"source":"OpenStreetMap"},"geometry":{"type":"Point","coordinates":[108.9499058,34.3651282]}},{"type":"Feature","properties":{"node_id":"10242538402","node_origin":"osm_node","degree":2,"is_intersection":false,"source":"OpenStreetMap"},"geometry":{"type":"Point","coordinates":[108.9499005,34.3648337]}},{"type":"Feature","properties":{"node_id":"10242538403","node_origin":"osm_node","degree":2,"is_intersection":false,"source":"OpenStreetMap"},"geometry":{"type":"Point","coordinates":[108.949871,34.3647186]}},{"type":"Feature","properties":{"node_id":"10242538404","node_origin":"osm_node","degree":2,"is_intersection":false,"source":"OpenStreetMap"},"geometry":{"type":"Point","coordinates":[108.9497342,34.3645703]}},{"type":"Feature","properties":{"node_id":"10242538405","node_origin":"osm_node","degree":2,"is_intersection":false,"source":"OpenStreetMap"},"geometry":{"type":"Point","coordinates":[108.9491736,34.363988]}},{"type":"Feature","properties":{"node_id":"10242538406","node_origin":"osm_node","degree":2,"is_intersection":false,"source":"OpenStreetMap"},"geometry":{"type":"Point","coordinates":[108.9479291,34.3631046]}},{"type":"Feature","properties":{"node_id":"10242538407","node_origin":"osm_node","degree":2,"is_intersection":false,"source":"OpenStreetMap"},"geometry":{"type":"Point","coordinates":[108.947626,34.3628699]}},{"type":"Feature","properties":{"node_id":"10242538408","node_origin":"osm_node","degree":2,"is_intersection":false,"source":"OpenStreetMap"},"geometry":{"type":"Point","coordinates":[108.9472478,34.3624625]}},{"type":"Feature","properties":{"node_id":"10242582809","node_origin":"osm_node","degree":2,"is_intersection":false,"source":"OpenStreetMap"},"geometry":{"type":"Point","coordinates":[108.9468723,34.3622145]}},{"type":"Feature","properties":{"node_id":"10242582810","node_origin":"osm_node","degree":2,"is_intersection":false,"source":"OpenStreetMap"},"geometry":{"type":"Point","coordinates":[108.9467703,34.3620883]}},{"type":"Feature","properties":{"node_id":"10242582811","node_origin":"osm_node","degree":2,"is_intersection":false,"source":"OpenStreetMap"},"geometry":{"type":"Point","coordinates":[108.9463573,34.3611938]}},{"type":"Feature","properties":{"node_id":"10242582812","node_origin":"osm_node","degree":2,"is_intersection":false,"source":"OpenStreetMap"},"geometry":{"type":"Point","coordinates":[108.9459925,34.3607177]}},{"type":"Feature","properties":{"node_id":"10242582813","node_origin":"osm_node","degree":2,"is_intersection":false,"source":"OpenStreetMap"},"geometry":{"type":"Point","coordinates":[108.9457377,34.3604609]}},{"type":"Feature","properties":{"node_id":"10242582814","node_origin":"osm_node","degree":2,"is_intersection":false,"source":"OpenStreetMap"},"geometry":{"type":"Point","coordinates":[108.9452415,34.3598121]}},{"type":"Feature","properties":{"node_id":"10776455326","node_origin":"osm_node","degree":2,"is_intersection":false,"source":"OpenStreetMap"},"geometry":{"type":"Point","coordinates":[108.9170971,34.3245566]}},{"type":"Feature","properties":{"node_id":"10776455327","node_origin":"osm_node","degree":2,"is_intersection":false,"source":"OpenStreetMap"},"geometry":{"type":"Point","coordinates":[108.9248721,34.3314088]}},{"type":"Feature","properties":{"node_id":"10776455328","node_origin":"osm_node","degree":2,"is_intersection":false,"source":"OpenStreetMap"},"geometry":{"type":"Point","coordinates":[108.9248748,34.3313353]}},{"type":"Feature","properties":{"node_id":"10776455329","node_origin":"osm_node","degree":2,"is_intersection":false,"source":"OpenStreetMap"},"geometry":{"type":"Point","coordinates":[108.9250265,34.3311593]}},{"type":"Feature","properties":{"node_id":"10776455330","node_origin":"osm_node","degree":2,"is_intersection":false,"source":"OpenStreetMap"},"geometry":{"type":"Point","coordinates":[108.9251372,34.3311593]}},{"type":"Feature","properties":{"node_id":"10776455331","node_origin":"osm_node","degree":2,"is_intersection":false,"source":"OpenStreetMap"},"geometry":{"type":"Point","coordinates":[108.9250177,34.3315603]}},{"type":"Feature","properties":{"node_id":"10776455332","node_origin":"osm_node","degree":2,"is_intersection":false,"source":"OpenStreetMap"},"geometry":{"type":"Point","coordinates":[108.9251416,34.3315603]}},{"type":"Feature","properties":{"node_id":"10776455333","node_origin":"osm_node","degree":2,"is_intersection":false,"source":"OpenStreetMap"},"geometry":{"type":"Point","coordinates":[108.925371,34.3314113]}},{"type":"Feature","properties":{"node_id":"10776455334","node_origin":"osm_node","degree":2,"is_intersection":false,"source":"OpenStreetMap"},"geometry":{"type":"Point","coordinates":[108.9253709,34.3313366]}},{"type":"Feature","properties":{"node_id":"1083745281","node_origin":"osm_node","degree":2,"is_intersection":false,"source":"OpenStreetMap"},"geometry":{"type":"Point","coordinates":[108.9443885,34.3423238]}},{"type":"Feature","properties":{"node_id":"1083745282","node_origin":"osm_node","degree":2,"is_intersection":false,"source":"OpenStreetMap"},"geometry":{"type":"Point","coordinates":[108.9315408,34.3566891]}},{"type":"Feature","properties":{"node_id":"1083745285","node_origin":"osm_node","degree":4,"is_intersection":true,"source":"OpenStreetMap"},"geometry":{"type":"Point","coordinates":[108.9329953,34.3425835]}},{"type":"Feature","properties":{"node_id":"1083745286","node_origin":"osm_node","degree":4,"is_intersection":true,"source":"OpenStreetMap"},"geometry":{"type":"Point","coordinates":[108.9524238,34.3452295]}},{"type":"Feature","properties":{"node_id":"1083745292","node_origin":"osm_node","degree":5,"is_intersection":true,"source":"OpenStreetMap"},"geometry":{"type":"Point","coordinates":[108.9490935,34.3425183]}},{"type":"Feature","properties":{"node_id":"1083745299","node_origin":"osm_node","degree":4,"is_intersection":true,"source":"OpenStreetMap"},"geometry":{"type":"Point","coordinates":[108.9607439,34.3424972]}},{"type":"Feature","properties":{"node_id":"1083745301","node_origin":"osm_node","degree":2,"is_intersection":false,"source":"OpenStreetMap"},"geometry":{"type":"Point","coordinates":[108.9207145,34.3532651]}},{"type":"Feature","properties":{"node_id":"1083745307","node_origin":"osm_node","degree":4,"is_intersection":true,"source":"OpenStreetMap"},"geometry":{"type":"Point","coordinates":[108.9524249,34.3425155]}},{"type":"Feature","properties":{"node_id":"1083745309","node_origin":"osm_node","degree":4,"is_intersection":true,"source":"OpenStreetMap"},"geometry":{"type":"Point","coordinates":[108.9251378,34.3596119]}},{"type":"Feature","properties":{"node_id":"1083745314","node_origin":"osm_node","degree":3,"is_intersection":true,"source":"OpenStreetMap"},"geometry":{"type":"Point","coordinates":[108.9637245,34.3383542]}},{"type":"Feature","properties":{"node_id":"1083745317","node_origin":"osm_node","degree":2,"is_intersection":false,"source":"OpenStreetMap"},"geometry":{"type":"Point","coordinates":[108.9461666,34.3388025]}},{"type":"Feature","properties":{"node_id":"1083745323","node_origin":"osm_node","degree":2,"is_intersection":false,"source":"OpenStreetMap"},"geometry":{"type":"Point","coordinates":[108.9524354,34.3406351]}},{"type":"Feature","properties":{"node_id":"1083745325","node_origin":"osm_node","degree":2,"is_intersection":false,"source":"OpenStreetMap"},"geometry":{"type":"Point","coordinates":[108.9387978,34.3659999]}},{"type":"Feature","properties":{"node_id":"1083745327","node_origin":"osm_node","degree":4,"is_intersection":true,"source":"OpenStreetMap"},"geometry":{"type":"Point","coordinates":[108.9337853,34.3567797]}},{"type":"Feature","properties":{"node_id":"1083745329","node_origin":"osm_node","degree":4,"is_intersection":true,"source":"OpenStreetMap"},"geometry":{"type":"Point","coordinates":[108.9329283,34.3390175]}},{"type":"Feature","properties":{"node_id":"1083745337","node_origin":"osm_node","degree":3,"is_intersection":true,"source":"OpenStreetMap"},"geometry":{"type":"Point","coordinates":[108.9608009,34.3553379]}},{"type":"Feature","properties":{"node_id":"1083745340","node_origin":"osm_node","degree":2,"is_intersection":false,"source":"OpenStreetMap"},"geometry":{"type":"Point","coordinates":[108.9497364,34.3425093]}},{"type":"Feature","properties":{"node_id":"1083745343","node_origin":"osm_node","degree":2,"is_intersection":false,"source":"OpenStreetMap"},"geometry":{"type":"Point","coordinates":[108.9342373,34.3629436]}},{"type":"Feature","properties":{"node_id":"1083745344","node_origin":"osm_node","degree":3,"is_intersection":true,"source":"OpenStreetMap"},"geometry":{"type":"Point","coordinates":[108.9409409,34.3570229]}},{"type":"Feature","properties":{"node_id":"1083745351","node_origin":"osm_node","degree":4,"is_intersection":true,"source":"OpenStreetMap"},"geometry":{"type":"Point","coordinates":[108.9339908,34.3598991]}},{"type":"Feature","properties":{"node_id":"1083745353","node_origin":"osm_node","degree":4,"is_intersection":true,"source":"OpenStreetMap"},"geometry":{"type":"Point","coordinates":[108.9491389,34.3452177]}},{"type":"Feature","properties":{"node_id":"1083745354","node_origin":"osm_node","degree":1,"is_intersection":false,"source":"OpenStreetMap"},"geometry":{"type":"Point","coordinates":[108.9312196,34.3653103]}},{"type":"Feature","properties":{"node_id":"1083745359","node_origin":"osm_node","degree":3,"is_intersection":true,"source":"OpenStreetMap"},"geometry":{"type":"Point","coordinates":[108.9433203,34.3452433]}},{"type":"Feature","properties":{"node_id":"1083745368","node_origin":"osm_node","degree":4,"is_intersection":true,"source":"OpenStreetMap"},"geometry":{"type":"Point","coordinates":[108.9251329,34.356477]}},{"type":"Feature","properties":{"node_id":"1083745378","node_origin":"osm_node","degree":2,"is_intersection":false,"source":"OpenStreetMap"},"geometry":{"type":"Point","coordinates":[108.9388453,34.365311]}},{"type":"Feature","properties":{"node_id":"1083745379","node_origin":"osm_node","degree":4,"is_intersection":true,"source":"OpenStreetMap"},"geometry":{"type":"Point","coordinates":[108.960746,34.3383575]}},{"type":"Feature","properties":{"node_id":"1083745381","node_origin":"osm_node","degree":4,"is_intersection":true,"source":"OpenStreetMap"},"geometry":{"type":"Point","coordinates":[108.9392226,34.3569728]}},{"type":"Feature","properties":{"node_id":"1083745383","node_origin":"osm_node","degree":4,"is_intersection":true,"source":"OpenStreetMap"},"geometry":{"type":"Point","coordinates":[108.9312319,34.3598146]}},{"type":"Feature","properties":{"node_id":"1083745384","node_origin":"osm_node","degree":4,"is_intersection":true,"source":"OpenStreetMap"},"geometry":{"type":"Point","coordinates":[108.9490586,34.3383927]}},{"type":"Feature","properties":{"node_id":"1083745388","node_origin":"osm_node","degree":2,"is_intersection":false,"source":"OpenStreetMap"},"geometry":{"type":"Point","coordinates":[108.9494306,34.3383949]}},{"type":"Feature","properties":{"node_id":"1083745395","node_origin":"osm_node","degree":4,"is_intersection":true,"source":"OpenStreetMap"},"geometry":{"type":"Point","coordinates":[108.9558196,34.3383762]}},{"type":"Feature","properties":{"node_id":"1083745397","node_origin":"osm_node","degree":2,"is_intersection":false,"source":"OpenStreetMap"},"geometry":{"type":"Point","coordinates":[108.9534369,34.3383859]}},{"type":"Feature","properties":{"node_id":"1083745398","node_origin":"osm_node","degree":4,"is_intersection":true,"source":"OpenStreetMap"},"geometry":{"type":"Point","coordinates":[108.9336158,34.3536623]}},{"type":"Feature","properties":{"node_id":"1083745399","node_origin":"osm_node","degree":4,"is_intersection":true,"source":"OpenStreetMap"},"geometry":{"type":"Point","coordinates":[108.9391135,34.3600683]}},{"type":"Feature","properties":{"node_id":"10929753452","node_origin":"osm_node","degree":2,"is_intersection":false,"source":"OpenStreetMap"},"geometry":{"type":"Point","coordinates":[108.9102043,34.3308112]}},{"type":"Feature","properties":{"node_id":"10929753482","node_origin":"osm_node","degree":2,"is_intersection":false,"source":"OpenStreetMap"},"geometry":{"type":"Point","coordinates":[108.9214021,34.346499]}},{"type":"Feature","properties":{"node_id":"10929753495","node_origin":"osm_node","degree":2,"is_intersection":false,"source":"OpenStreetMap"},"geometry":{"type":"Point","coordinates":[108.9213557,34.3464206]}},{"type":"Feature","properties":{"node_id":"10929766436","node_origin":"osm_node","degree":2,"is_intersection":false,"source":"OpenStreetMap"},"geometry":{"type":"Point","coordinates":[108.9582511,34.3236938]}},{"type":"Feature","properties":{"node_id":"11210649731","node_origin":"osm_node","degree":1,"is_intersection":false,"source":"OpenStreetMap"},"geometry":{"type":"Point","coordinates":[108.9166294,34.3320087]}},{"type":"Feature","properties":{"node_id":"11210649732","node_origin":"osm_node","degree":2,"is_intersection":false,"source":"OpenStreetMap"},"geometry":{"type":"Point","coordinates":[108.9168069,34.3318922]}},{"type":"Feature","properties":{"node_id":"11210649733","node_origin":"osm_node","degree":2,"is_intersection":false,"source":"OpenStreetMap"},"geometry":{"type":"Point","coordinates":[108.9170558,34.3317556]}},{"type":"Feature","properties":{"node_id":"11210649734","node_origin":"osm_node","degree":2,"is_intersection":false,"source":"OpenStreetMap"},"geometry":{"type":"Point","coordinates":[108.9173258,34.3316303]}},{"type":"Feature","properties":{"node_id":"11210649735","node_origin":"osm_node","degree":2,"is_intersection":false,"source":"OpenStreetMap"},"geometry":{"type":"Point","coordinates":[108.9176187,34.3315388]}},{"type":"Feature","properties":{"node_id":"11210649736","node_origin":"osm_node","degree":2,"is_intersection":false,"source":"OpenStreetMap"},"geometry":{"type":"Point","coordinates":[108.9179115,34.3314712]}},{"type":"Feature","properties":{"node_id":"11210656237","node_origin":"osm_node","degree":2,"is_intersection":false,"source":"OpenStreetMap"},"geometry":{"type":"Point","coordinates":[108.9181664,34.3314449]}},{"type":"Feature","properties":{"node_id":"11210656238","node_origin":"osm_node","degree":2,"is_intersection":false,"source":"OpenStreetMap"},"geometry":{"type":"Point","coordinates":[108.9184016,34.3314273]}},{"type":"Feature","properties":{"node_id":"11210656239","node_origin":"osm_node","degree":2,"is_intersection":false,"source":"OpenStreetMap"},"geometry":{"type":"Point","coordinates":[108.9189827,34.3314148]}},{"type":"Feature","properties":{"node_id":"11210656261","node_origin":"osm_node","degree":2,"is_intersection":false,"source":"OpenStreetMap"},"geometry":{"type":"Point","coordinates":[108.9161246,34.3261752]}},{"type":"Feature","properties":{"node_id":"11210656262","node_origin":"osm_node","degree":2,"is_intersection":false,"source":"OpenStreetMap"},"geometry":{"type":"Point","coordinates":[108.915233,34.3365745]}},{"type":"Feature","properties":{"node_id":"11210656283","node_origin":"osm_node","degree":1,"is_intersection":false,"source":"OpenStreetMap"},"geometry":{"type":"Point","coordinates":[108.9182134,34.3312947]}},{"type":"Feature","properties":{"node_id":"11210656311","node_origin":"osm_node","degree":2,"is_intersection":false,"source":"OpenStreetMap"},"geometry":{"type":"Point","coordinates":[108.9153348,34.3320134]}},{"type":"Feature","properties":{"node_id":"11210656314","node_origin":"osm_node","degree":2,"is_intersection":false,"source":"OpenStreetMap"},"geometry":{"type":"Point","coordinates":[108.9220467,34.3313166]}},{"type":"Feature","properties":{"node_id":"11210656320","node_origin":"osm_node","degree":2,"is_intersection":false,"source":"OpenStreetMap"},"geometry":{"type":"Point","coordinates":[108.9154123,34.3313753]}},{"type":"Feature","properties":{"node_id":"11210656324","node_origin":"osm_node","degree":2,"is_intersection":false,"source":"OpenStreetMap"},"geometry":{"type":"Point","coordinates":[108.9141588,34.3422098]}},{"type":"Feature","properties":{"node_id":"11210656329","node_origin":"osm_node","degree":2,"is_intersection":false,"source":"OpenStreetMap"},"geometry":{"type":"Point","coordinates":[108.9151127,34.3438216]}},{"type":"Feature","properties":{"node_id":"11210656333","node_origin":"osm_node","degree":2,"is_intersection":false,"source":"OpenStreetMap"},"geometry":{"type":"Point","coordinates":[108.9157858,34.3388614]}},{"type":"Feature","properties":{"node_id":"11210656334","node_origin":"osm_node","degree":3,"is_intersection":true,"source":"OpenStreetMap"},"geometry":{"type":"Point","coordinates":[108.9152149,34.338864]}},{"type":"Feature","properties":{"node_id":"11210656335","node_origin":"osm_node","degree":4,"is_intersection":true,"source":"OpenStreetMap"},"geometry":{"type":"Point","coordinates":[108.9155313,34.3388621]}},{"type":"Feature","properties":{"node_id":"11210656336","node_origin":"osm_node","degree":2,"is_intersection":false,"source":"OpenStreetMap"},"geometry":{"type":"Point","coordinates":[108.916987,34.3389658]}},{"type":"Feature","properties":{"node_id":"11210656337","node_origin":"osm_node","degree":2,"is_intersection":false,"source":"OpenStreetMap"},"geometry":{"type":"Point","coordinates":[108.9170071,34.3389027]}},{"type":"Feature","properties":{"node_id":"11210656338","node_origin":"osm_node","degree":4,"is_intersection":true,"source":"OpenStreetMap"},"geometry":{"type":"Point","coordinates":[108.9424837,34.3390346]}},{"type":"Feature","properties":{"node_id":"11210656339","node_origin":"osm_node","degree":2,"is_intersection":false,"source":"OpenStreetMap"},"geometry":{"type":"Point","coordinates":[108.9407938,34.3390087]}},{"type":"Feature","properties":{"node_id":"11210656340","node_origin":"osm_node","degree":2,"is_intersection":false,"source":"OpenStreetMap"},"geometry":{"type":"Point","coordinates":[108.9377546,34.3389729]}},{"type":"Feature","properties":{"node_id":"11210656341","node_origin":"osm_node","degree":2,"is_intersection":false,"source":"OpenStreetMap"},"geometry":{"type":"Point","coordinates":[108.9422268,34.3390146]}},{"type":"Feature","properties":{"node_id":"11210656342","node_origin":"osm_node","degree":2,"is_intersection":false,"source":"OpenStreetMap"},"geometry":{"type":"Point","coordinates":[108.9457377,34.3389622]}},{"type":"Feature","properties":{"node_id":"11210656343","node_origin":"osm_node","degree":2,"is_intersection":false,"source":"OpenStreetMap"},"geometry":{"type":"Point","coordinates":[108.9457412,34.3388558]}},{"type":"Feature","properties":{"node_id":"11210656354","node_origin":"osm_node","degree":2,"is_intersection":false,"source":"OpenStreetMap"},"geometry":{"type":"Point","coordinates":[108.940357,34.3423891]}},{"type":"Feature","properties":{"node_id":"11210656355","node_origin":"osm_node","degree":2,"is_intersection":false,"source":"OpenStreetMap"},"geometry":{"type":"Point","coordinates":[108.9399933,34.3425809]}},{"type":"Feature","properties":{"node_id":"11210656356","node_origin":"osm_node","degree":3,"is_intersection":true,"source":"OpenStreetMap"},"geometry":{"type":"Point","coordinates":[108.9151555,34.3424553]}},{"type":"Feature","properties":{"node_id":"11210656357","node_origin":"osm_node","degree":4,"is_intersection":true,"source":"OpenStreetMap"},"geometry":{"type":"Point","coordinates":[108.9153844,34.3424718]}},{"type":"Feature","properties":{"node_id":"11210656358","node_origin":"osm_node","degree":2,"is_intersection":false,"source":"OpenStreetMap"},"geometry":{"type":"Point","coordinates":[108.9155652,34.3424949]}},{"type":"Feature","properties":{"node_id":"11210656359","node_origin":"osm_node","degree":4,"is_intersection":true,"source":"OpenStreetMap"},"geometry":{"type":"Point","coordinates":[108.918832,34.3424895]}},{"type":"Feature","properties":{"node_id":"11210656360","node_origin":"osm_node","degree":4,"is_intersection":true,"source":"OpenStreetMap"},"geometry":{"type":"Point","coordinates":[108.9332286,34.3424729]}},{"type":"Feature","properties":{"node_id":"11210656361","node_origin":"osm_node","degree":4,"is_intersection":true,"source":"OpenStreetMap"},"geometry":{"type":"Point","coordinates":[108.9375834,34.3425023]}},{"type":"Feature","properties":{"node_id":"11210656362","node_origin":"osm_node","degree":2,"is_intersection":false,"source":"OpenStreetMap"},"geometry":{"type":"Point","coordinates":[108.9400881,34.3424813]}},{"type":"Feature","properties":{"node_id":"11210656363","node_origin":"osm_node","degree":2,"is_intersection":false,"source":"OpenStreetMap"},"geometry":{"type":"Point","coordinates":[108.9402157,34.3424602]}},{"type":"Feature","properties":{"node_id":"11210656364","node_origin":"osm_node","degree":2,"is_intersection":false,"source":"OpenStreetMap"},"geometry":{"type":"Point","coordinates":[108.9401106,34.3425863]}},{"type":"Feature","properties":{"node_id":"11210656365","node_origin":"osm_node","degree":2,"is_intersection":false,"source":"OpenStreetMap"},"geometry":{"type":"Point","coordinates":[108.9402434,34.3426126]}},{"type":"Feature","properties":{"node_id":"11210656366","node_origin":"osm_node","degree":2,"is_intersection":false,"source":"OpenStreetMap"},"geometry":{"type":"Point","coordinates":[108.9403116,34.3426476]}},{"type":"Feature","properties":{"node_id":"11210656367","node_origin":"osm_node","degree":4,"is_intersection":true,"source":"OpenStreetMap"},"geometry":{"type":"Point","coordinates":[108.9250282,34.3424823]}},{"type":"Feature","properties":{"node_id":"11210656368","node_origin":"osm_node","degree":4,"is_intersection":true,"source":"OpenStreetMap"},"geometry":{"type":"Point","coordinates":[108.9251712,34.3424822]}},{"type":"Feature","properties":{"node_id":"11210656369","node_origin":"osm_node","degree":4,"is_intersection":true,"source":"OpenStreetMap"},"geometry":{"type":"Point","coordinates":[108.9329933,34.3424731]}},{"type":"Feature","properties":{"node_id":"11210656370","node_origin":"osm_node","degree":2,"is_intersection":false,"source":"OpenStreetMap"},"geometry":{"type":"Point","coordinates":[108.9215848,34.3424863]}},{"type":"Feature","properties":{"node_id":"11210656371","node_origin":"osm_node","degree":2,"is_intersection":false,"source":"OpenStreetMap"},"geometry":{"type":"Point","coordinates":[108.91867,34.3424898]}},{"type":"Feature","properties":{"node_id":"11210656372","node_origin":"osm_node","degree":2,"is_intersection":false,"source":"OpenStreetMap"},"geometry":{"type":"Point","coordinates":[108.9189749,34.3424894]}},{"type":"Feature","properties":{"node_id":"11210656373","node_origin":"osm_node","degree":2,"is_intersection":false,"source":"OpenStreetMap"},"geometry":{"type":"Point","coordinates":[108.9248756,34.3426208]}},{"type":"Feature","properties":{"node_id":"11210656374","node_origin":"osm_node","degree":2,"is_intersection":false,"source":"OpenStreetMap"},"geometry":{"type":"Point","coordinates":[108.9248782,34.3424842]}},{"type":"Feature","properties":{"node_id":"11210656375","node_origin":"osm_node","degree":2,"is_intersection":false,"source":"OpenStreetMap"},"geometry":{"type":"Point","coordinates":[108.9250282,34.3423737]}},{"type":"Feature","properties":{"node_id":"11210656376","node_origin":"osm_node","degree":2,"is_intersection":false,"source":"OpenStreetMap"},"geometry":{"type":"Point","coordinates":[108.9251732,34.3423734]}},{"type":"Feature","properties":{"node_id":"11210656377","node_origin":"osm_node","degree":2,"is_intersection":false,"source":"OpenStreetMap"},"geometry":{"type":"Point","coordinates":[108.9253056,34.3424875]}},{"type":"Feature","properties":{"node_id":"11210656378","node_origin":"osm_node","degree":2,"is_intersection":false,"source":"OpenStreetMap"},"geometry":{"type":"Point","coordinates":[108.9252965,34.3426289]}},{"type":"Feature","properties":{"node_id":"11210656379","node_origin":"osm_node","degree":2,"is_intersection":false,"source":"OpenStreetMap"},"geometry":{"type":"Point","coordinates":[108.9251717,34.3427415]}},{"type":"Feature","properties":{"node_id":"11210656380","node_origin":"osm_node","degree":2,"is_intersection":false,"source":"OpenStreetMap"},"geometry":{"type":"Point","coordinates":[108.9250007,34.3427425]}},{"type":"Feature","properties":{"node_id":"11212761716","node_origin":"osm_node","degree":2,"is_intersection":false,"source":"OpenStreetMap"},"geometry":{"type":"Point","coordinates":[108.9239842,34.3577192]}},{"type":"Feature","properties":{"node_id":"11365519948","node_origin":"osm_node","degree":1,"is_intersection":false,"source":"OpenStreetMap"},"geometry":{"type":"Point","coordinates":[108.9198179,34.3656153]}},{"type":"Feature","properties":{"node_id":"11388022121","node_origin":"osm_node","degree":2,"is_intersection":false,"source":"OpenStreetMap"},"geometry":{"type":"Point","coordinates":[108.9414129,34.3490423]}},{"type":"Feature","properties":{"node_id":"11388022122","node_origin":"osm_node","degree":2,"is_intersection":false,"source":"OpenStreetMap"},"geometry":{"type":"Point","coordinates":[108.9407986,34.3489223]}},{"type":"Feature","properties":{"node_id":"11388022123","node_origin":"osm_node","degree":2,"is_intersection":false,"source":"OpenStreetMap"},"geometry":{"type":"Point","coordinates":[108.9401049,34.3489531]}},{"type":"Feature","properties":{"node_id":"11388022125","node_origin":"osm_node","degree":2,"is_intersection":false,"source":"OpenStreetMap"},"geometry":{"type":"Point","coordinates":[108.9418286,34.3468159]}},{"type":"Feature","properties":{"node_id":"11388022126","node_origin":"osm_node","degree":2,"is_intersection":false,"source":"OpenStreetMap"},"geometry":{"type":"Point","coordinates":[108.9418283,34.3469425]}},{"type":"Feature","properties":{"node_id":"11388022127","node_origin":"osm_node","degree":2,"is_intersection":false,"source":"OpenStreetMap"},"geometry":{"type":"Point","coordinates":[108.9389897,34.3470369]}},{"type":"Feature","properties":{"node_id":"11388022137","node_origin":"osm_node","degree":3,"is_intersection":true,"source":"OpenStreetMap"},"geometry":{"type":"Point","coordinates":[108.9390076,34.3490128]}},{"type":"Feature","properties":{"node_id":"11388022138","node_origin":"osm_node","degree":2,"is_intersection":false,"source":"OpenStreetMap"},"geometry":{"type":"Point","coordinates":[108.9354575,34.3489227]}},{"type":"Feature","properties":{"node_id":"11388022139","node_origin":"osm_node","degree":2,"is_intersection":false,"source":"OpenStreetMap"},"geometry":{"type":"Point","coordinates":[108.9273171,34.3489429]}},{"type":"Feature","properties":{"node_id":"11388022140","node_origin":"osm_node","degree":2,"is_intersection":false,"source":"OpenStreetMap"},"geometry":{"type":"Point","coordinates":[108.9268002,34.3489209]}},{"type":"Feature","properties":{"node_id":"11388022141","node_origin":"osm_node","degree":2,"is_intersection":false,"source":"OpenStreetMap"},"geometry":{"type":"Point","coordinates":[108.923572,34.3489283]}},{"type":"Feature","properties":{"node_id":"11388022142","node_origin":"osm_node","degree":2,"is_intersection":false,"source":"OpenStreetMap"},"geometry":{"type":"Point","coordinates":[108.9228847,34.3489472]}},{"type":"Feature","properties":{"node_id":"11388022143","node_origin":"osm_node","degree":2,"is_intersection":false,"source":"OpenStreetMap"},"geometry":{"type":"Point","coordinates":[108.9415095,34.3488935]}},{"type":"Feature","properties":{"node_id":"11388022144","node_origin":"osm_node","degree":2,"is_intersection":false,"source":"OpenStreetMap"},"geometry":{"type":"Point","coordinates":[108.9417118,34.3487885]}},{"type":"Feature","properties":{"node_id":"11388022145","node_origin":"osm_node","degree":2,"is_intersection":false,"source":"OpenStreetMap"},"geometry":{"type":"Point","coordinates":[108.9415821,34.3490758]}},{"type":"Feature","properties":{"node_id":"11388022146","node_origin":"osm_node","degree":2,"is_intersection":false,"source":"OpenStreetMap"},"geometry":{"type":"Point","coordinates":[108.9407268,34.349038]}},{"type":"Feature","properties":{"node_id":"11388022147","node_origin":"osm_node","degree":2,"is_intersection":false,"source":"OpenStreetMap"},"geometry":{"type":"Point","coordinates":[108.9403429,34.349013]}},{"type":"Feature","properties":{"node_id":"11388022148","node_origin":"osm_node","degree":4,"is_intersection":true,"source":"OpenStreetMap"},"geometry":{"type":"Point","coordinates":[108.9372573,34.3490202]}},{"type":"Feature","properties":{"node_id":"11388022149","node_origin":"osm_node","degree":2,"is_intersection":false,"source":"OpenStreetMap"},"geometry":{"type":"Point","coordinates":[108.9361832,34.3490192]}},{"type":"Feature","properties":{"node_id":"11388022150","node_origin":"osm_node","degree":2,"is_intersection":false,"source":"OpenStreetMap"},"geometry":{"type":"Point","coordinates":[108.935634,34.3490079]}},{"type":"Feature","properties":{"node_id":"11388022151","node_origin":"osm_node","degree":2,"is_intersection":false,"source":"OpenStreetMap"},"geometry":{"type":"Point","coordinates":[108.9316386,34.3490324]}},{"type":"Feature","properties":{"node_id":"11388022152","node_origin":"osm_node","degree":2,"is_intersection":false,"source":"OpenStreetMap"},"geometry":{"type":"Point","coordinates":[108.9312839,34.3490124]}},{"type":"Feature","properties":{"node_id":"11388022153","node_origin":"osm_node","degree":2,"is_intersection":false,"source":"OpenStreetMap"},"geometry":{"type":"Point","coordinates":[108.9274006,34.3490044]}},{"type":"Feature","properties":{"node_id":"11388022154","node_origin":"osm_node","degree":2,"is_intersection":false,"source":"OpenStreetMap"},"geometry":{"type":"Point","coordinates":[108.9269132,34.3490255]}},{"type":"Feature","properties":{"node_id":"11388022155","node_origin":"osm_node","degree":2,"is_intersection":false,"source":"OpenStreetMap"},"geometry":{"type":"Point","coordinates":[108.9246269,34.3490399]}},{"type":"Feature","properties":{"node_id":"11388022156","node_origin":"osm_node","degree":2,"is_intersection":false,"source":"OpenStreetMap"},"geometry":{"type":"Point","coordinates":[108.9235424,34.349023]}},{"type":"Feature","properties":{"node_id":"11388022157","node_origin":"osm_node","degree":2,"is_intersection":false,"source":"OpenStreetMap"},"geometry":{"type":"Point","coordinates":[108.9230576,34.3490199]}},{"type":"Feature","properties":{"node_id":"11388022158","node_origin":"osm_node","degree":2,"is_intersection":false,"source":"OpenStreetMap"},"geometry":{"type":"Point","coordinates":[108.9161964,34.3490152]}},{"type":"Feature","properties":{"node_id":"11388022159","node_origin":"osm_node","degree":2,"is_intersection":false,"source":"OpenStreetMap"},"geometry":{"type":"Point","coordinates":[108.9157886,34.3490286]}},{"type":"Feature","properties":{"node_id":"11388022160","node_origin":"osm_node","degree":3,"is_intersection":true,"source":"OpenStreetMap"},"geometry":{"type":"Point","coordinates":[108.9146422,34.3490187]}},{"type":"Feature","properties":{"node_id":"11388022161","node_origin":"osm_node","degree":4,"is_intersection":true,"source":"OpenStreetMap"},"geometry":{"type":"Point","coordinates":[108.9148503,34.3490205]}},{"type":"Feature","properties":{"node_id":"11388022162","node_origin":"osm_node","degree":4,"is_intersection":true,"source":"OpenStreetMap"},"geometry":{"type":"Point","coordinates":[108.9180899,34.3490165]}},{"type":"Feature","properties":{"node_id":"11388022163","node_origin":"osm_node","degree":4,"is_intersection":true,"source":"OpenStreetMap"},"geometry":{"type":"Point","coordinates":[108.9217,34.349019]}},{"type":"Feature","properties":{"node_id":"11388022164","node_origin":"osm_node","degree":4,"is_intersection":true,"source":"OpenStreetMap"},"geometry":{"type":"Point","coordinates":[108.9250083,34.3490375]}},{"type":"Feature","properties":{"node_id":"11388022165","node_origin":"osm_node","degree":4,"is_intersection":true,"source":"OpenStreetMap"},"geometry":{"type":"Point","coordinates":[108.925141,34.3490367]}},{"type":"Feature","properties":{"node_id":"11388022166","node_origin":"osm_node","degree":4,"is_intersection":true,"source":"OpenStreetMap"},"geometry":{"type":"Point","coordinates":[108.9333267,34.3490221]}},{"type":"Feature","properties":{"node_id":"11388022167","node_origin":"osm_node","degree":4,"is_intersection":true,"source":"OpenStreetMap"},"geometry":{"type":"Point","coordinates":[108.9335959,34.3490204]}},{"type":"Feature","properties":{"node_id":"11388022168","node_origin":"osm_node","degree":2,"is_intersection":false,"source":"OpenStreetMap"},"geometry":{"type":"Point","coordinates":[108.9151104,34.3490228]}},{"type":"Feature","properties":{"node_id":"11388087069","node_origin":"osm_node","degree":2,"is_intersection":false,"source":"OpenStreetMap"},"geometry":{"type":"Point","coordinates":[108.9179346,34.3490164]}},{"type":"Feature","properties":{"node_id":"11388087070","node_origin":"osm_node","degree":2,"is_intersection":false,"source":"OpenStreetMap"},"geometry":{"type":"Point","coordinates":[108.9182638,34.3490166]}},{"type":"Feature","properties":{"node_id":"11388087071","node_origin":"osm_node","degree":2,"is_intersection":false,"source":"OpenStreetMap"},"geometry":{"type":"Point","coordinates":[108.9204021,34.3490181]}},{"type":"Feature","properties":{"node_id":"11388087072","node_origin":"osm_node","degree":2,"is_intersection":false,"source":"OpenStreetMap"},"geometry":{"type":"Point","coordinates":[108.9218335,34.3490191]}},{"type":"Feature","properties":{"node_id":"11388087073","node_origin":"osm_node","degree":2,"is_intersection":false,"source":"OpenStreetMap"},"geometry":{"type":"Point","coordinates":[108.9247057,34.3489267]}},{"type":"Feature","properties":{"node_id":"11388087074","node_origin":"osm_node","degree":2,"is_intersection":false,"source":"OpenStreetMap"},"geometry":{"type":"Point","coordinates":[108.9247056,34.3490394]}},{"type":"Feature","properties":{"node_id":"11388087075","node_origin":"osm_node","degree":2,"is_intersection":false,"source":"OpenStreetMap"},"geometry":{"type":"Point","coordinates":[108.9250087,34.3492115]}},{"type":"Feature","properties":{"node_id":"11388087076","node_origin":"osm_node","degree":2,"is_intersection":false,"source":"OpenStreetMap"},"geometry":{"type":"Point","coordinates":[108.9251409,34.3492141]}},{"type":"Feature","properties":{"node_id":"11388087077","node_origin":"osm_node","degree":2,"is_intersection":false,"source":"OpenStreetMap"},"geometry":{"type":"Point","coordinates":[108.9253966,34.349035]}},{"type":"Feature","properties":{"node_id":"11388087078","node_origin":"osm_node","degree":2,"is_intersection":false,"source":"OpenStreetMap"},"geometry":{"type":"Point","coordinates":[108.9253987,34.3489199]}},{"type":"Feature","properties":{"node_id":"11388087079","node_origin":"osm_node","degree":2,"is_intersection":false,"source":"OpenStreetMap"},"geometry":{"type":"Point","coordinates":[108.9250082,34.3487438]}},{"type":"Feature","properties":{"node_id":"11388087080","node_origin":"osm_node","degree":2,"is_intersection":false,"source":"OpenStreetMap"},"geometry":{"type":"Point","coordinates":[108.9251418,34.3487447]}},{"type":"Feature","properties":{"node_id":"11388087081","node_origin":"osm_node","degree":2,"is_intersection":false,"source":"OpenStreetMap"},"geometry":{"type":"Point","coordinates":[108.929047,34.3489326]}},{"type":"Feature","properties":{"node_id":"11388087082","node_origin":"osm_node","degree":2,"is_intersection":false,"source":"OpenStreetMap"},"geometry":{"type":"Point","coordinates":[108.929047,34.3490078]}},{"type":"Feature","properties":{"node_id":"11388087083","node_origin":"osm_node","degree":2,"is_intersection":false,"source":"OpenStreetMap"},"geometry":{"type":"Point","coordinates":[108.9331541,34.3490231]}},{"type":"Feature","properties":{"node_id":"11388087084","node_origin":"osm_node","degree":2,"is_intersection":false,"source":"OpenStreetMap"},"geometry":{"type":"Point","coordinates":[108.9338034,34.3490192]}},{"type":"Feature","properties":{"node_id":"11388087085","node_origin":"osm_node","degree":2,"is_intersection":false,"source":"OpenStreetMap"},"geometry":{"type":"Point","coordinates":[108.9370536,34.34902]}},{"type":"Feature","properties":{"node_id":"11388087086","node_origin":"osm_node","degree":2,"is_intersection":false,"source":"OpenStreetMap"},"geometry":{"type":"Point","coordinates":[108.9374524,34.3490194]}},{"type":"Feature","properties":{"node_id":"11388087087","node_origin":"osm_node","degree":2,"is_intersection":false,"source":"OpenStreetMap"},"geometry":{"type":"Point","coordinates":[108.939605,34.3490129]}},{"type":"Feature","properties":{"node_id":"11388087088","node_origin":"osm_node","degree":2,"is_intersection":false,"source":"OpenStreetMap"},"geometry":{"type":"Point","coordinates":[108.9206379,34.3490182]}},{"type":"Feature","properties":{"node_id":"11388087089","node_origin":"osm_node","degree":2,"is_intersection":false,"source":"OpenStreetMap"},"geometry":{"type":"Point","coordinates":[108.9262741,34.3489205]}},{"type":"Feature","properties":{"node_id":"11388087090","node_origin":"osm_node","degree":2,"is_intersection":false,"source":"OpenStreetMap"},"geometry":{"type":"Point","coordinates":[108.9293987,34.3489319]}},{"type":"Feature","properties":{"node_id":"11388087091","node_origin":"osm_node","degree":2,"is_intersection":false,"source":"OpenStreetMap"},"geometry":{"type":"Point","coordinates":[108.9300907,34.34901]}},{"type":"Feature","properties":{"node_id":"11388087092","node_origin":"osm_node","degree":2,"is_intersection":false,"source":"OpenStreetMap"},"geometry":{"type":"Point","coordinates":[108.9325673,34.3489258]}},{"type":"Feature","properties":{"node_id":"11388087093","node_origin":"osm_node","degree":2,"is_intersection":false,"source":"OpenStreetMap"},"geometry":{"type":"Point","coordinates":[108.9410673,34.3490401]}},{"type":"Feature","properties":{"node_id":"11388087094","node_origin":"osm_node","degree":2,"is_intersection":false,"source":"OpenStreetMap"},"geometry":{"type":"Point","coordinates":[108.9250093,34.3475492]}},{"type":"Feature","properties":{"node_id":"11388087095","node_origin":"osm_node","degree":2,"is_intersection":false,"source":"OpenStreetMap"},"geometry":{"type":"Point","coordinates":[108.9251401,34.3503289]}},{"type":"Feature","properties":{"node_id":"11388087096","node_origin":"osm_node","degree":2,"is_intersection":false,"source":"OpenStreetMap"},"geometry":{"type":"Point","coordinates":[108.9250166,34.3525924]}},{"type":"Feature","properties":{"node_id":"11388087097","node_origin":"osm_node","degree":2,"is_intersection":false,"source":"OpenStreetMap"},"geometry":{"type":"Point","coordinates":[108.9241007,34.3534944]}},{"type":"Feature","properties":{"node_id":"11388087098","node_origin":"osm_node","degree":2,"is_intersection":false,"source":"OpenStreetMap"},"geometry":{"type":"Point","coordinates":[108.9239768,34.3533905]}},{"type":"Feature","properties":{"node_id":"11388087099","node_origin":"osm_node","degree":2,"is_intersection":false,"source":"OpenStreetMap"},"geometry":{"type":"Point","coordinates":[108.9251391,34.3542948]}},{"type":"Feature","properties":{"node_id":"11388087100","node_origin":"osm_node","degree":2,"is_intersection":false,"source":"OpenStreetMap"},"geometry":{"type":"Point","coordinates":[108.9251354,34.3586259]}},{"type":"Feature","properties":{"node_id":"11388087101","node_origin":"osm_node","degree":2,"is_intersection":false,"source":"OpenStreetMap"},"geometry":{"type":"Point","coordinates":[108.9250133,34.3583774]}},{"type":"Feature","properties":{"node_id":"11388087102","node_origin":"osm_node","degree":2,"is_intersection":false,"source":"OpenStreetMap"},"geometry":{"type":"Point","coordinates":[108.926279,34.3595745]}},{"type":"Feature","properties":{"node_id":"11388087103","node_origin":"osm_node","degree":2,"is_intersection":false,"source":"OpenStreetMap"},"geometry":{"type":"Point","coordinates":[108.925129,34.3606197]}},{"type":"Feature","properties":{"node_id":"11388087104","node_origin":"osm_node","degree":2,"is_intersection":false,"source":"OpenStreetMap"},"geometry":{"type":"Point","coordinates":[108.9250219,34.3639281]}},{"type":"Feature","properties":{"node_id":"11388087112","node_origin":"osm_node","degree":2,"is_intersection":false,"source":"OpenStreetMap"},"geometry":{"type":"Point","coordinates":[108.9250059,34.3431065]}},{"type":"Feature","properties":{"node_id":"11388087121","node_origin":"osm_node","degree":2,"is_intersection":false,"source":"OpenStreetMap"},"geometry":{"type":"Point","coordinates":[108.9244381,34.3426086]}},{"type":"Feature","properties":{"node_id":"11388087122","node_origin":"osm_node","degree":2,"is_intersection":false,"source":"OpenStreetMap"},"geometry":{"type":"Point","coordinates":[108.9251696,34.3431087]}},{"type":"Feature","properties":{"node_id":"11388087131","node_origin":"osm_node","degree":2,"is_intersection":false,"source":"OpenStreetMap"},"geometry":{"type":"Point","coordinates":[108.9258009,34.3426268]}},{"type":"Feature","properties":{"node_id":"11388087132","node_origin":"osm_node","degree":2,"is_intersection":false,"source":"OpenStreetMap"},"geometry":{"type":"Point","coordinates":[108.9251704,34.3420511]}},{"type":"Feature","properties":{"node_id":"11388087141","node_origin":"osm_node","degree":2,"is_intersection":false,"source":"OpenStreetMap"},"geometry":{"type":"Point","coordinates":[108.9258139,34.3424866]}},{"type":"Feature","properties":{"node_id":"11388087142","node_origin":"osm_node","degree":2,"is_intersection":false,"source":"OpenStreetMap"},"geometry":{"type":"Point","coordinates":[108.9238856,34.3425008]}},{"type":"Feature","properties":{"node_id":"11388087143","node_origin":"osm_node","degree":2,"is_intersection":false,"source":"OpenStreetMap"},"geometry":{"type":"Point","coordinates":[108.924436,34.3424916]}},{"type":"Feature","properties":{"node_id":"11388087150","node_origin":"osm_node","degree":2,"is_intersection":false,"source":"OpenStreetMap"},"geometry":{"type":"Point","coordinates":[108.9250282,34.3420476]}},{"type":"Feature","properties":{"node_id":"11388087151","node_origin":"osm_node","degree":2,"is_intersection":false,"source":"OpenStreetMap"},"geometry":{"type":"Point","coordinates":[108.9251683,34.3433287]}},{"type":"Feature","properties":{"node_id":"11388087152","node_origin":"osm_node","degree":2,"is_intersection":false,"source":"OpenStreetMap"},"geometry":{"type":"Point","coordinates":[108.9250282,34.3417489]}},{"type":"Feature","properties":{"node_id":"11389518823","node_origin":"osm_node","degree":3,"is_intersection":true,"source":"OpenStreetMap"},"geometry":{"type":"Point","coordinates":[108.9669038,34.3254574]}},{"type":"Feature","properties":{"node_id":"11389518824","node_origin":"osm_node","degree":2,"is_intersection":false,"source":"OpenStreetMap"},"geometry":{"type":"Point","coordinates":[108.9667238,34.3194378]}},{"type":"Feature","properties":{"node_id":"11389522261","node_origin":"osm_node","degree":2,"is_intersection":false,"source":"OpenStreetMap"},"geometry":{"type":"Point","coordinates":[108.9686303,34.3363004]}},{"type":"Feature","properties":{"node_id":"11389522262","node_origin":"osm_node","degree":2,"is_intersection":false,"source":"OpenStreetMap"},"geometry":{"type":"Point","coordinates":[108.9682246,34.336332]}},{"type":"Feature","properties":{"node_id":"11389522263","node_origin":"osm_node","degree":3,"is_intersection":true,"source":"OpenStreetMap"},"geometry":{"type":"Point","coordinates":[108.9667641,34.3363653]}},{"type":"Feature","properties":{"node_id":"11389522264","node_origin":"osm_node","degree":4,"is_intersection":true,"source":"OpenStreetMap"},"geometry":{"type":"Point","coordinates":[108.9669216,34.3363639]}},{"type":"Feature","properties":{"node_id":"11389522320","node_origin":"osm_node","degree":2,"is_intersection":false,"source":"OpenStreetMap"},"geometry":{"type":"Point","coordinates":[108.963747,34.3423191]}},{"type":"Feature","properties":{"node_id":"11389522321","node_origin":"osm_node","degree":2,"is_intersection":false,"source":"OpenStreetMap"},"geometry":{"type":"Point","coordinates":[108.9686524,34.3500232]}},{"type":"Feature","properties":{"node_id":"11389522322","node_origin":"osm_node","degree":3,"is_intersection":true,"source":"OpenStreetMap"},"geometry":{"type":"Point","coordinates":[108.9686552,34.3482433]}},{"type":"Feature","properties":{"node_id":"11389522323","node_origin":"osm_node","degree":3,"is_intersection":true,"source":"OpenStreetMap"},"geometry":{"type":"Point","coordinates":[108.960763,34.3483009]}},{"type":"Feature","properties":{"node_id":"11399329726","node_origin":"osm_node","degree":2,"is_intersection":false,"source":"OpenStreetMap"},"geometry":{"type":"Point","coordinates":[108.9153297,34.3447615]}},{"type":"Feature","properties":{"node_id":"11399329727","node_origin":"osm_node","degree":2,"is_intersection":false,"source":"OpenStreetMap"},"geometry":{"type":"Point","coordinates":[108.9154113,34.3428922]}},{"type":"Feature","properties":{"node_id":"11399329728","node_origin":"osm_node","degree":2,"is_intersection":false,"source":"OpenStreetMap"},"geometry":{"type":"Point","coordinates":[108.915366,34.3435952]}},{"type":"Feature","properties":{"node_id":"11399329736","node_origin":"osm_node","degree":2,"is_intersection":false,"source":"OpenStreetMap"},"geometry":{"type":"Point","coordinates":[108.915191,34.3360955]}},{"type":"Feature","properties":{"node_id":"11399329737","node_origin":"osm_node","degree":2,"is_intersection":false,"source":"OpenStreetMap"},"geometry":{"type":"Point","coordinates":[108.9151579,34.3356049]}},{"type":"Feature","properties":{"node_id":"11399329738","node_origin":"osm_node","degree":2,"is_intersection":false,"source":"OpenStreetMap"},"geometry":{"type":"Point","coordinates":[108.9157528,34.3356197]}},{"type":"Feature","properties":{"node_id":"11399329739","node_origin":"osm_node","degree":2,"is_intersection":false,"source":"OpenStreetMap"},"geometry":{"type":"Point","coordinates":[108.9157117,34.3361076]}},{"type":"Feature","properties":{"node_id":"11399329740","node_origin":"osm_node","degree":2,"is_intersection":false,"source":"OpenStreetMap"},"geometry":{"type":"Point","coordinates":[108.9156573,34.3364582]}},{"type":"Feature","properties":{"node_id":"11399329741","node_origin":"osm_node","degree":2,"is_intersection":false,"source":"OpenStreetMap"},"geometry":{"type":"Point","coordinates":[108.9156048,34.3377703]}},{"type":"Feature","properties":{"node_id":"11399329742","node_origin":"osm_node","degree":2,"is_intersection":false,"source":"OpenStreetMap"},"geometry":{"type":"Point","coordinates":[108.9156207,34.3380767]}},{"type":"Feature","properties":{"node_id":"11399329753","node_origin":"osm_node","degree":2,"is_intersection":false,"source":"OpenStreetMap"},"geometry":{"type":"Point","coordinates":[108.915077,34.3433741]}},{"type":"Feature","properties":{"node_id":"11399329755","node_origin":"osm_node","degree":2,"is_intersection":false,"source":"OpenStreetMap"},"geometry":{"type":"Point","coordinates":[108.9150759,34.3431233]}},{"type":"Feature","properties":{"node_id":"11399335819","node_origin":"osm_node","degree":2,"is_intersection":false,"source":"OpenStreetMap"},"geometry":{"type":"Point","coordinates":[108.9167466,34.3226537]}},{"type":"Feature","properties":{"node_id":"11399335827","node_origin":"osm_node","degree":2,"is_intersection":false,"source":"OpenStreetMap"},"geometry":{"type":"Point","coordinates":[108.9170388,34.3239613]}},{"type":"Feature","properties":{"node_id":"11399335828","node_origin":"osm_node","degree":2,"is_intersection":false,"source":"OpenStreetMap"},"geometry":{"type":"Point","coordinates":[108.9164957,34.3240493]}},{"type":"Feature","properties":{"node_id":"11399335829","node_origin":"osm_node","degree":2,"is_intersection":false,"source":"OpenStreetMap"},"geometry":{"type":"Point","coordinates":[108.916419,34.3244322]}},{"type":"Feature","properties":{"node_id":"11471017647","node_origin":"osm_node","degree":1,"is_intersection":false,"source":"OpenStreetMap"},"geometry":{"type":"Point","coordinates":[108.9643747,34.318381]}},{"type":"Feature","properties":{"node_id":"11471017648","node_origin":"osm_node","degree":3,"is_intersection":true,"source":"OpenStreetMap"},"geometry":{"type":"Point","coordinates":[108.9643509,34.3175092]}},{"type":"Feature","properties":{"node_id":"11471017649","node_origin":"osm_node","degree":3,"is_intersection":true,"source":"OpenStreetMap"},"geometry":{"type":"Point","coordinates":[108.9644013,34.3175089]}},{"type":"Feature","properties":{"node_id":"11471017656","node_origin":"osm_node","degree":1,"is_intersection":false,"source":"OpenStreetMap"},"geometry":{"type":"Point","coordinates":[108.9598546,34.318276]}},{"type":"Feature","properties":{"node_id":"11471017657","node_origin":"osm_node","degree":2,"is_intersection":false,"source":"OpenStreetMap"},"geometry":{"type":"Point","coordinates":[108.9598546,34.3170158]}},{"type":"Feature","properties":{"node_id":"11471017658","node_origin":"osm_node","degree":2,"is_intersection":false,"source":"OpenStreetMap"},"geometry":{"type":"Point","coordinates":[108.9598507,34.3167593]}},{"type":"Feature","properties":{"node_id":"11471017665","node_origin":"osm_node","degree":2,"is_intersection":false,"source":"OpenStreetMap"},"geometry":{"type":"Point","coordinates":[108.959198,34.3166465]}},{"type":"Feature","properties":{"node_id":"11471017666","node_origin":"osm_node","degree":2,"is_intersection":false,"source":"OpenStreetMap"},"geometry":{"type":"Point","coordinates":[108.9591806,34.3168673]}},{"type":"Feature","properties":{"node_id":"11471017667","node_origin":"osm_node","degree":2,"is_intersection":false,"source":"OpenStreetMap"},"geometry":{"type":"Point","coordinates":[108.9591546,34.3170256]}},{"type":"Feature","properties":{"node_id":"11471017668","node_origin":"osm_node","degree":1,"is_intersection":false,"source":"OpenStreetMap"},"geometry":{"type":"Point","coordinates":[108.9591311,34.3179707]}},{"type":"Feature","properties":{"node_id":"11471041969","node_origin":"osm_node","degree":1,"is_intersection":false,"source":"OpenStreetMap"},"geometry":{"type":"Point","coordinates":[108.9608561,34.3169946]}},{"type":"Feature","properties":{"node_id":"11471041970","node_origin":"osm_node","degree":4,"is_intersection":true,"source":"OpenStreetMap"},"geometry":{"type":"Point","coordinates":[108.9598541,34.3169849]}},{"type":"Feature","properties":{"node_id":"11471041971","node_origin":"osm_node","degree":4,"is_intersection":true,"source":"OpenStreetMap"},"geometry":{"type":"Point","coordinates":[108.9591631,34.3169741]}},{"type":"Feature","properties":{"node_id":"11471041972","node_origin":"osm_node","degree":3,"is_intersection":true,"source":"OpenStreetMap"},"geometry":{"type":"Point","coordinates":[108.9582739,34.3169775]}},{"type":"Feature","properties":{"node_id":"11703873321","node_origin":"osm_node","degree":2,"is_intersection":false,"source":"OpenStreetMap"},"geometry":{"type":"Point","coordinates":[108.9144504,34.3584883]}},{"type":"Feature","properties":{"node_id":"11703873322","node_origin":"osm_node","degree":2,"is_intersection":false,"source":"OpenStreetMap"},"geometry":{"type":"Point","coordinates":[108.9149075,34.3576013]}},{"type":"Feature","properties":{"node_id":"11703873323","node_origin":"osm_node","degree":2,"is_intersection":false,"source":"OpenStreetMap"},"geometry":{"type":"Point","coordinates":[108.9150127,34.3607333]}},{"type":"Feature","properties":{"node_id":"11703873324","node_origin":"osm_node","degree":2,"is_intersection":false,"source":"OpenStreetMap"},"geometry":{"type":"Point","coordinates":[108.9144758,34.3573053]}},{"type":"Feature","properties":{"node_id":"11703873325","node_origin":"osm_node","degree":2,"is_intersection":false,"source":"OpenStreetMap"},"geometry":{"type":"Point","coordinates":[108.914449,34.3582535]}},{"type":"Feature","properties":{"node_id":"11703873326","node_origin":"osm_node","degree":2,"is_intersection":false,"source":"OpenStreetMap"},"geometry":{"type":"Point","coordinates":[108.9149184,34.3581024]}},{"type":"Feature","properties":{"node_id":"11703873327","node_origin":"osm_node","degree":2,"is_intersection":false,"source":"OpenStreetMap"},"geometry":{"type":"Point","coordinates":[108.9149327,34.3584735]}},{"type":"Feature","properties":{"node_id":"11703873328","node_origin":"osm_node","degree":2,"is_intersection":false,"source":"OpenStreetMap"},"geometry":{"type":"Point","coordinates":[108.9149475,34.3589499]}},{"type":"Feature","properties":{"node_id":"11725011541","node_origin":"osm_node","degree":2,"is_intersection":false,"source":"OpenStreetMap"},"geometry":{"type":"Point","coordinates":[108.925127,34.3608532]}},{"type":"Feature","properties":{"node_id":"11725011543","node_origin":"osm_node","degree":2,"is_intersection":false,"source":"OpenStreetMap"},"geometry":{"type":"Point","coordinates":[108.9282358,34.359715]}},{"type":"Feature","properties":{"node_id":"11725127777","node_origin":"osm_node","degree":2,"is_intersection":false,"source":"OpenStreetMap"},"geometry":{"type":"Point","coordinates":[108.9217993,34.3570218]}},{"type":"Feature","properties":{"node_id":"11725127778","node_origin":"osm_node","degree":2,"is_intersection":false,"source":"OpenStreetMap"},"geometry":{"type":"Point","coordinates":[108.9175389,34.3577104]}},{"type":"Feature","properties":{"node_id":"11725127781","node_origin":"osm_node","degree":2,"is_intersection":false,"source":"OpenStreetMap"},"geometry":{"type":"Point","coordinates":[108.9217977,34.356356]}},{"type":"Feature","properties":{"node_id":"11725127782","node_origin":"osm_node","degree":2,"is_intersection":false,"source":"OpenStreetMap"},"geometry":{"type":"Point","coordinates":[108.9247228,34.3563493]}},{"type":"Feature","properties":{"node_id":"11725127783","node_origin":"osm_node","degree":2,"is_intersection":false,"source":"OpenStreetMap"},"geometry":{"type":"Point","coordinates":[108.9232033,34.3577161]}},{"type":"Feature","properties":{"node_id":"11725127784","node_origin":"osm_node","degree":2,"is_intersection":false,"source":"OpenStreetMap"},"geometry":{"type":"Point","coordinates":[108.9232002,34.3574618]}},{"type":"Feature","properties":{"node_id":"11725127786","node_origin":"osm_node","degree":2,"is_intersection":false,"source":"OpenStreetMap"},"geometry":{"type":"Point","coordinates":[108.921799,34.3569118]}},{"type":"Feature","properties":{"node_id":"11725127788","node_origin":"osm_node","degree":2,"is_intersection":false,"source":"OpenStreetMap"},"geometry":{"type":"Point","coordinates":[108.9247288,34.3569016]}},{"type":"Feature","properties":{"node_id":"11725127789","node_origin":"osm_node","degree":2,"is_intersection":false,"source":"OpenStreetMap"},"geometry":{"type":"Point","coordinates":[108.920326,34.3582433]}},{"type":"Feature","properties":{"node_id":"11725127790","node_origin":"osm_node","degree":2,"is_intersection":false,"source":"OpenStreetMap"},"geometry":{"type":"Point","coordinates":[108.9217883,34.3582433]}},{"type":"Feature","properties":{"node_id":"11725127792","node_origin":"osm_node","degree":2,"is_intersection":false,"source":"OpenStreetMap"},"geometry":{"type":"Point","coordinates":[108.923552,34.3577175]}},{"type":"Feature","properties":{"node_id":"11725127793","node_origin":"osm_node","degree":2,"is_intersection":false,"source":"OpenStreetMap"},"geometry":{"type":"Point","coordinates":[108.9203241,34.3587752]}},{"type":"Feature","properties":{"node_id":"11725127794","node_origin":"osm_node","degree":2,"is_intersection":false,"source":"OpenStreetMap"},"geometry":{"type":"Point","coordinates":[108.9217815,34.3587779]}},{"type":"Feature","properties":{"node_id":"11725127796","node_origin":"osm_node","degree":2,"is_intersection":false,"source":"OpenStreetMap"},"geometry":{"type":"Point","coordinates":[108.9192303,34.3593407]}},{"type":"Feature","properties":{"node_id":"11725127798","node_origin":"osm_node","degree":2,"is_intersection":false,"source":"OpenStreetMap"},"geometry":{"type":"Point","coordinates":[108.9203216,34.359906]}},{"type":"Feature","properties":{"node_id":"11725127800","node_origin":"osm_node","degree":2,"is_intersection":false,"source":"OpenStreetMap"},"geometry":{"type":"Point","coordinates":[108.9188885,34.3593298]}},{"type":"Feature","properties":{"node_id":"11725127801","node_origin":"osm_node","degree":2,"is_intersection":false,"source":"OpenStreetMap"},"geometry":{"type":"Point","coordinates":[108.9163747,34.3608188]}},{"type":"Feature","properties":{"node_id":"11725127803","node_origin":"osm_node","degree":2,"is_intersection":false,"source":"OpenStreetMap"},"geometry":{"type":"Point","coordinates":[108.9170304,34.3592705]}},{"type":"Feature","properties":{"node_id":"11725127805","node_origin":"osm_node","degree":2,"is_intersection":false,"source":"OpenStreetMap"},"geometry":{"type":"Point","coordinates":[108.9203311,34.3568733]}},{"type":"Feature","properties":{"node_id":"11725127806","node_origin":"osm_node","degree":2,"is_intersection":false,"source":"OpenStreetMap"},"geometry":{"type":"Point","coordinates":[108.9189536,34.3577075]}},{"type":"Feature","properties":{"node_id":"11725127811","node_origin":"osm_node","degree":2,"is_intersection":false,"source":"OpenStreetMap"},"geometry":{"type":"Point","coordinates":[108.9203385,34.3548662]}},{"type":"Feature","properties":{"node_id":"11725127814","node_origin":"osm_node","degree":2,"is_intersection":false,"source":"OpenStreetMap"},"geometry":{"type":"Point","coordinates":[108.9203407,34.3543977]}},{"type":"Feature","properties":{"node_id":"11725127817","node_origin":"osm_node","degree":2,"is_intersection":false,"source":"OpenStreetMap"},"geometry":{"type":"Point","coordinates":[108.9203353,34.3539534]}},{"type":"Feature","properties":{"node_id":"11725127818","node_origin":"osm_node","degree":2,"is_intersection":false,"source":"OpenStreetMap"},"geometry":{"type":"Point","coordinates":[108.9203316,34.3567365]}},{"type":"Feature","properties":{"node_id":"11725127821","node_origin":"osm_node","degree":2,"is_intersection":false,"source":"OpenStreetMap"},"geometry":{"type":"Point","coordinates":[108.9203361,34.3554977]}},{"type":"Feature","properties":{"node_id":"11725127823","node_origin":"osm_node","degree":2,"is_intersection":false,"source":"OpenStreetMap"},"geometry":{"type":"Point","coordinates":[108.9251365,34.3552043]}},{"type":"Feature","properties":{"node_id":"11725127827","node_origin":"osm_node","degree":3,"is_intersection":true,"source":"OpenStreetMap"},"geometry":{"type":"Point","coordinates":[108.9215718,34.3513808]}},{"type":"Feature","properties":{"node_id":"11725127828","node_origin":"osm_node","degree":3,"is_intersection":true,"source":"OpenStreetMap"},"geometry":{"type":"Point","coordinates":[108.9181004,34.3513837]}},{"type":"Feature","properties":{"node_id":"11725127829","node_origin":"osm_node","degree":2,"is_intersection":false,"source":"OpenStreetMap"},"geometry":{"type":"Point","coordinates":[108.9218357,34.3513843]}},{"type":"Feature","properties":{"node_id":"11725127832","node_origin":"osm_node","degree":2,"is_intersection":false,"source":"OpenStreetMap"},"geometry":{"type":"Point","coordinates":[108.925014,34.3514885]}},{"type":"Feature","properties":{"node_id":"11725127834","node_origin":"osm_node","degree":2,"is_intersection":false,"source":"OpenStreetMap"},"geometry":{"type":"Point","coordinates":[108.9250135,34.3512774]}},{"type":"Feature","properties":{"node_id":"11725127835","node_origin":"osm_node","degree":2,"is_intersection":false,"source":"OpenStreetMap"},"geometry":{"type":"Point","coordinates":[108.9217348,34.3525715]}},{"type":"Feature","properties":{"node_id":"11725127849","node_origin":"osm_node","degree":2,"is_intersection":false,"source":"OpenStreetMap"},"geometry":{"type":"Point","coordinates":[108.9188534,34.3513831]}},{"type":"Feature","properties":{"node_id":"11725127861","node_origin":"osm_node","degree":2,"is_intersection":false,"source":"OpenStreetMap"},"geometry":{"type":"Point","coordinates":[108.921711,34.3500443]}},{"type":"Feature","properties":{"node_id":"11725127866","node_origin":"osm_node","degree":2,"is_intersection":false,"source":"OpenStreetMap"},"geometry":{"type":"Point","coordinates":[108.9372616,34.3506878]}},{"type":"Feature","properties":{"node_id":"11725132169","node_origin":"osm_node","degree":2,"is_intersection":false,"source":"OpenStreetMap"},"geometry":{"type":"Point","coordinates":[108.9408615,34.3512018]}},{"type":"Feature","properties":{"node_id":"11725132171","node_origin":"osm_node","degree":2,"is_intersection":false,"source":"OpenStreetMap"},"geometry":{"type":"Point","coordinates":[108.9287265,34.3596602]}},{"type":"Feature","properties":{"node_id":"11725132180","node_origin":"osm_node","degree":2,"is_intersection":false,"source":"OpenStreetMap"},"geometry":{"type":"Point","coordinates":[108.9542578,34.3587217]}},{"type":"Feature","properties":{"node_id":"11725132181","node_origin":"osm_node","degree":2,"is_intersection":false,"source":"OpenStreetMap"},"geometry":{"type":"Point","coordinates":[108.9523924,34.3617854]}},{"type":"Feature","properties":{"node_id":"11725132184","node_origin":"osm_node","degree":2,"is_intersection":false,"source":"OpenStreetMap"},"geometry":{"type":"Point","coordinates":[108.9553982,34.3600346]}},{"type":"Feature","properties":{"node_id":"11725132185","node_origin":"osm_node","degree":2,"is_intersection":false,"source":"OpenStreetMap"},"geometry":{"type":"Point","coordinates":[108.955135,34.3623773]}},{"type":"Feature","properties":{"node_id":"11725132191","node_origin":"osm_node","degree":2,"is_intersection":false,"source":"OpenStreetMap"},"geometry":{"type":"Point","coordinates":[108.954913,34.3630248]}},{"type":"Feature","properties":{"node_id":"11725132192","node_origin":"osm_node","degree":2,"is_intersection":false,"source":"OpenStreetMap"},"geometry":{"type":"Point","coordinates":[108.9562931,34.3623713]}},{"type":"Feature","properties":{"node_id":"11725132193","node_origin":"osm_node","degree":2,"is_intersection":false,"source":"OpenStreetMap"},"geometry":{"type":"Point","coordinates":[108.9563219,34.3600343]}},{"type":"Feature","properties":{"node_id":"11725132201","node_origin":"osm_node","degree":2,"is_intersection":false,"source":"OpenStreetMap"},"geometry":{"type":"Point","coordinates":[108.9577397,34.3578497]}},{"type":"Feature","properties":{"node_id":"11725132202","node_origin":"osm_node","degree":2,"is_intersection":false,"source":"OpenStreetMap"},"geometry":{"type":"Point","coordinates":[108.9592451,34.3554131]}},{"type":"Feature","properties":{"node_id":"11725132203","node_origin":"osm_node","degree":2,"is_intersection":false,"source":"OpenStreetMap"},"geometry":{"type":"Point","coordinates":[108.9592472,34.3574909]}},{"type":"Feature","properties":{"node_id":"11725132204","node_origin":"osm_node","degree":2,"is_intersection":false,"source":"OpenStreetMap"},"geometry":{"type":"Point","coordinates":[108.9592325,34.3600344]}},{"type":"Feature","properties":{"node_id":"11725132205","node_origin":"osm_node","degree":2,"is_intersection":false,"source":"OpenStreetMap"},"geometry":{"type":"Point","coordinates":[108.9592556,34.3623701]}},{"type":"Feature","properties":{"node_id":"11725132207","node_origin":"osm_node","degree":2,"is_intersection":false,"source":"OpenStreetMap"},"geometry":{"type":"Point","coordinates":[108.9594358,34.3623708]}},{"type":"Feature","properties":{"node_id":"11725132211","node_origin":"osm_node","degree":2,"is_intersection":false,"source":"OpenStreetMap"},"geometry":{"type":"Point","coordinates":[108.9554697,34.3632961]}},{"type":"Feature","properties":{"node_id":"11725132213","node_origin":"osm_node","degree":2,"is_intersection":false,"source":"OpenStreetMap"},"geometry":{"type":"Point","coordinates":[108.9631302,34.3574259]}},{"type":"Feature","properties":{"node_id":"11725132215","node_origin":"osm_node","degree":2,"is_intersection":false,"source":"OpenStreetMap"},"geometry":{"type":"Point","coordinates":[108.9652682,34.3602497]}},{"type":"Feature","properties":{"node_id":"11725132216","node_origin":"osm_node","degree":2,"is_intersection":false,"source":"OpenStreetMap"},"geometry":{"type":"Point","coordinates":[108.9631268,34.3586128]}},{"type":"Feature","properties":{"node_id":"11817946545","node_origin":"osm_node","degree":2,"is_intersection":false,"source":"OpenStreetMap"},"geometry":{"type":"Point","coordinates":[108.9387382,34.359983]}},{"type":"Feature","properties":{"node_id":"11845181042","node_origin":"osm_node","degree":1,"is_intersection":false,"source":"OpenStreetMap"},"geometry":{"type":"Point","coordinates":[108.9645895,34.3451809]}},{"type":"Feature","properties":{"node_id":"11900221025","node_origin":"osm_node","degree":3,"is_intersection":true,"source":"OpenStreetMap"},"geometry":{"type":"Point","coordinates":[108.9619339,34.342285]}},{"type":"Feature","properties":{"node_id":"12254647710","node_origin":"osm_node","degree":2,"is_intersection":false,"source":"OpenStreetMap"},"geometry":{"type":"Point","coordinates":[108.9429516,34.3503993]}},{"type":"Feature","properties":{"node_id":"12254647759","node_origin":"osm_node","degree":2,"is_intersection":false,"source":"OpenStreetMap"},"geometry":{"type":"Point","coordinates":[108.9466863,34.3541979]}},{"type":"Feature","properties":{"node_id":"12254647804","node_origin":"osm_node","degree":2,"is_intersection":false,"source":"OpenStreetMap"},"geometry":{"type":"Point","coordinates":[108.9424082,34.3495486]}},{"type":"Feature","properties":{"node_id":"12254647805","node_origin":"osm_node","degree":2,"is_intersection":false,"source":"OpenStreetMap"},"geometry":{"type":"Point","coordinates":[108.942847,34.3495432]}},{"type":"Feature","properties":{"node_id":"12725224397","node_origin":"osm_node","degree":2,"is_intersection":false,"source":"OpenStreetMap"},"geometry":{"type":"Point","coordinates":[108.9688225,34.3457619]}},{"type":"Feature","properties":{"node_id":"12955358935","node_origin":"osm_node","degree":2,"is_intersection":false,"source":"OpenStreetMap"},"geometry":{"type":"Point","coordinates":[108.9583099,34.3273185]}},{"type":"Feature","properties":{"node_id":"12988111209","node_origin":"osm_node","degree":3,"is_intersection":true,"source":"OpenStreetMap"},"geometry":{"type":"Point","coordinates":[108.9115006,34.3420148]}},{"type":"Feature","properties":{"node_id":"12988111210","node_origin":"osm_node","degree":3,"is_intersection":true,"source":"OpenStreetMap"},"geometry":{"type":"Point","coordinates":[108.9109266,34.3456066]}},{"type":"Feature","properties":{"node_id":"12988111211","node_origin":"osm_node","degree":2,"is_intersection":false,"source":"OpenStreetMap"},"geometry":{"type":"Point","coordinates":[108.9109413,34.3455148]}},{"type":"Feature","properties":{"node_id":"12988111212","node_origin":"osm_node","degree":2,"is_intersection":false,"source":"OpenStreetMap"},"geometry":{"type":"Point","coordinates":[108.9109827,34.3452556]}},{"type":"Feature","properties":{"node_id":"12988111214","node_origin":"osm_node","degree":2,"is_intersection":false,"source":"OpenStreetMap"},"geometry":{"type":"Point","coordinates":[108.9110163,34.3450453]}},{"type":"Feature","properties":{"node_id":"12988111217","node_origin":"osm_node","degree":2,"is_intersection":false,"source":"OpenStreetMap"},"geometry":{"type":"Point","coordinates":[108.9111225,34.3443808]}},{"type":"Feature","properties":{"node_id":"12988111218","node_origin":"osm_node","degree":1,"is_intersection":false,"source":"OpenStreetMap"},"geometry":{"type":"Point","coordinates":[108.9102476,34.3442778]}},{"type":"Feature","properties":{"node_id":"12988111219","node_origin":"osm_node","degree":2,"is_intersection":false,"source":"OpenStreetMap"},"geometry":{"type":"Point","coordinates":[108.9104738,34.3421891]}},{"type":"Feature","properties":{"node_id":"12988111220","node_origin":"osm_node","degree":1,"is_intersection":false,"source":"OpenStreetMap"},"geometry":{"type":"Point","coordinates":[108.9109976,34.342232]}},{"type":"Feature","properties":{"node_id":"12988111221","node_origin":"osm_node","degree":3,"is_intersection":true,"source":"OpenStreetMap"},"geometry":{"type":"Point","coordinates":[108.9112181,34.3437826]}},{"type":"Feature","properties":{"node_id":"12988111222","node_origin":"osm_node","degree":3,"is_intersection":true,"source":"OpenStreetMap"},"geometry":{"type":"Point","coordinates":[108.9103095,34.3437061]}},{"type":"Feature","properties":{"node_id":"12988111223","node_origin":"osm_node","degree":3,"is_intersection":true,"source":"OpenStreetMap"},"geometry":{"type":"Point","coordinates":[108.91089,34.343755]}},{"type":"Feature","properties":{"node_id":"12988111224","node_origin":"osm_node","degree":2,"is_intersection":false,"source":"OpenStreetMap"},"geometry":{"type":"Point","coordinates":[108.9110636,34.3422417]}},{"type":"Feature","properties":{"node_id":"12988111225","node_origin":"osm_node","degree":3,"is_intersection":true,"source":"OpenStreetMap"},"geometry":{"type":"Point","coordinates":[108.9114599,34.3422693]}},{"type":"Feature","properties":{"node_id":"12988111235","node_origin":"osm_node","degree":1,"is_intersection":false,"source":"OpenStreetMap"},"geometry":{"type":"Point","coordinates":[108.9120255,34.3423187]}},{"type":"Feature","properties":{"node_id":"12988111236","node_origin":"osm_node","degree":1,"is_intersection":false,"source":"OpenStreetMap"},"geometry":{"type":"Point","coordinates":[108.9117114,34.344372]}},{"type":"Feature","properties":{"node_id":"12988111237","node_origin":"osm_node","degree":3,"is_intersection":true,"source":"OpenStreetMap"},"geometry":{"type":"Point","coordinates":[108.9112912,34.3433253]}},{"type":"Feature","properties":{"node_id":"12988111238","node_origin":"osm_node","degree":4,"is_intersection":true,"source":"OpenStreetMap"},"geometry":{"type":"Point","coordinates":[108.9118629,34.3433815]}},{"type":"Feature","properties":{"node_id":"12988111239","node_origin":"osm_node","degree":1,"is_intersection":false,"source":"OpenStreetMap"},"geometry":{"type":"Point","coordinates":[108.9122023,34.3434172]}},{"type":"Feature","properties":{"node_id":"12988111240","node_origin":"osm_node","degree":3,"is_intersection":true,"source":"OpenStreetMap"},"geometry":{"type":"Point","coordinates":[108.9143274,34.3422191]}},{"type":"Feature","properties":{"node_id":"12988111244","node_origin":"osm_node","degree":2,"is_intersection":false,"source":"OpenStreetMap"},"geometry":{"type":"Point","coordinates":[108.9145398,34.3426981]}},{"type":"Feature","properties":{"node_id":"12988111245","node_origin":"osm_node","degree":2,"is_intersection":false,"source":"OpenStreetMap"},"geometry":{"type":"Point","coordinates":[108.9146158,34.3436631]}},{"type":"Feature","properties":{"node_id":"12988111246","node_origin":"osm_node","degree":2,"is_intersection":false,"source":"OpenStreetMap"},"geometry":{"type":"Point","coordinates":[108.9146712,34.3443584]}},{"type":"Feature","properties":{"node_id":"12988111247","node_origin":"osm_node","degree":2,"is_intersection":false,"source":"OpenStreetMap"},"geometry":{"type":"Point","coordinates":[108.9146343,34.3446671]}},{"type":"Feature","properties":{"node_id":"12988111248","node_origin":"osm_node","degree":2,"is_intersection":false,"source":"OpenStreetMap"},"geometry":{"type":"Point","coordinates":[108.9145192,34.3453811]}},{"type":"Feature","properties":{"node_id":"12988111249","node_origin":"osm_node","degree":2,"is_intersection":false,"source":"OpenStreetMap"},"geometry":{"type":"Point","coordinates":[108.914472,34.3456592]}},{"type":"Feature","properties":{"node_id":"12988111250","node_origin":"osm_node","degree":2,"is_intersection":false,"source":"OpenStreetMap"},"geometry":{"type":"Point","coordinates":[108.9144588,34.3458909]}},{"type":"Feature","properties":{"node_id":"12988111254","node_origin":"osm_node","degree":1,"is_intersection":false,"source":"OpenStreetMap"},"geometry":{"type":"Point","coordinates":[108.9144515,34.3445704]}},{"type":"Feature","properties":{"node_id":"12988111255","node_origin":"osm_node","degree":4,"is_intersection":true,"source":"OpenStreetMap"},"geometry":{"type":"Point","coordinates":[108.9146451,34.3445769]}},{"type":"Feature","properties":{"node_id":"12988111256","node_origin":"osm_node","degree":1,"is_intersection":false,"source":"OpenStreetMap"},"geometry":{"type":"Point","coordinates":[108.9149953,34.3445959]}},{"type":"Feature","properties":{"node_id":"12988111257","node_origin":"osm_node","degree":2,"is_intersection":false,"source":"OpenStreetMap"},"geometry":{"type":"Point","coordinates":[108.9149249,34.3445921]}},{"type":"Feature","properties":{"node_id":"12988111258","node_origin":"osm_node","degree":2,"is_intersection":false,"source":"OpenStreetMap"},"geometry":{"type":"Point","coordinates":[108.914651,34.3445772]}},{"type":"Feature","properties":{"node_id":"12988111259","node_origin":"osm_node","degree":2,"is_intersection":false,"source":"OpenStreetMap"},"geometry":{"type":"Point","coordinates":[108.91432,34.3420926]}},{"type":"Feature","properties":{"node_id":"12988111260","node_origin":"osm_node","degree":3,"is_intersection":true,"source":"OpenStreetMap"},"geometry":{"type":"Point","coordinates":[108.9140694,34.3418196]}},{"type":"Feature","properties":{"node_id":"12988111261","node_origin":"osm_node","degree":2,"is_intersection":false,"source":"OpenStreetMap"},"geometry":{"type":"Point","coordinates":[108.9142378,34.3404306]}},{"type":"Feature","properties":{"node_id":"12988111262","node_origin":"osm_node","degree":2,"is_intersection":false,"source":"OpenStreetMap"},"geometry":{"type":"Point","coordinates":[108.9133279,34.3403644]}},{"type":"Feature","properties":{"node_id":"12988111263","node_origin":"osm_node","degree":2,"is_intersection":false,"source":"OpenStreetMap"},"geometry":{"type":"Point","coordinates":[108.9132088,34.3417568]}},{"type":"Feature","properties":{"node_id":"12988111264","node_origin":"osm_node","degree":2,"is_intersection":false,"source":"OpenStreetMap"},"geometry":{"type":"Point","coordinates":[108.9128888,34.339972]}},{"type":"Feature","properties":{"node_id":"12988111268","node_origin":"osm_node","degree":3,"is_intersection":true,"source":"OpenStreetMap"},"geometry":{"type":"Point","coordinates":[108.9119589,34.3399054]}},{"type":"Feature","properties":{"node_id":"12988111269","node_origin":"osm_node","degree":2,"is_intersection":false,"source":"OpenStreetMap"},"geometry":{"type":"Point","coordinates":[108.9118613,34.3410869]}},{"type":"Feature","properties":{"node_id":"12988111270","node_origin":"osm_node","degree":3,"is_intersection":true,"source":"OpenStreetMap"},"geometry":{"type":"Point","coordinates":[108.9113622,34.3410886]}},{"type":"Feature","properties":{"node_id":"12988111271","node_origin":"osm_node","degree":2,"is_intersection":false,"source":"OpenStreetMap"},"geometry":{"type":"Point","coordinates":[108.9113129,34.341494]}},{"type":"Feature","properties":{"node_id":"12988111275","node_origin":"osm_node","degree":3,"is_intersection":true,"source":"OpenStreetMap"},"geometry":{"type":"Point","coordinates":[108.9106012,34.3419489]}},{"type":"Feature","properties":{"node_id":"12988111276","node_origin":"osm_node","degree":4,"is_intersection":true,"source":"OpenStreetMap"},"geometry":{"type":"Point","coordinates":[108.9106552,34.3414559]}},{"type":"Feature","properties":{"node_id":"12988111277","node_origin":"osm_node","degree":4,"is_intersection":true,"source":"OpenStreetMap"},"geometry":{"type":"Point","coordinates":[108.9106918,34.3410381]}},{"type":"Feature","properties":{"node_id":"12988111278","node_origin":"osm_node","degree":1,"is_intersection":false,"source":"OpenStreetMap"},"geometry":{"type":"Point","coordinates":[108.9107562,34.3403322]}},{"type":"Feature","properties":{"node_id":"12988111279","node_origin":"osm_node","degree":2,"is_intersection":false,"source":"OpenStreetMap"},"geometry":{"type":"Point","coordinates":[108.9102103,34.3305809]}},{"type":"Feature","properties":{"node_id":"13021032642","node_origin":"osm_node","degree":2,"is_intersection":false,"source":"OpenStreetMap"},"geometry":{"type":"Point","coordinates":[108.943773,34.3194834]}},{"type":"Feature","properties":{"node_id":"13128872454","node_origin":"osm_node","degree":2,"is_intersection":false,"source":"OpenStreetMap"},"geometry":{"type":"Point","coordinates":[108.930816,34.3194649]}},{"type":"Feature","properties":{"node_id":"13128872455","node_origin":"osm_node","degree":1,"is_intersection":false,"source":"OpenStreetMap"},"geometry":{"type":"Point","coordinates":[108.9308254,34.3210707]}},{"type":"Feature","properties":{"node_id":"13128872456","node_origin":"osm_node","degree":2,"is_intersection":false,"source":"OpenStreetMap"},"geometry":{"type":"Point","coordinates":[108.9325337,34.3194659]}},{"type":"Feature","properties":{"node_id":"13128872457","node_origin":"osm_node","degree":2,"is_intersection":false,"source":"OpenStreetMap"},"geometry":{"type":"Point","coordinates":[108.9325266,34.3209694]}},{"type":"Feature","properties":{"node_id":"13128872458","node_origin":"osm_node","degree":2,"is_intersection":false,"source":"OpenStreetMap"},"geometry":{"type":"Point","coordinates":[108.9310142,34.3209927]}},{"type":"Feature","properties":{"node_id":"13128872459","node_origin":"osm_node","degree":2,"is_intersection":false,"source":"OpenStreetMap"},"geometry":{"type":"Point","coordinates":[108.9310118,34.3200652]}},{"type":"Feature","properties":{"node_id":"13128872460","node_origin":"osm_node","degree":3,"is_intersection":true,"source":"OpenStreetMap"},"geometry":{"type":"Point","coordinates":[108.9325309,34.3200515]}},{"type":"Feature","properties":{"node_id":"13128872461","node_origin":"osm_node","degree":3,"is_intersection":true,"source":"OpenStreetMap"},"geometry":{"type":"Point","coordinates":[108.9325337,34.3194615]}},{"type":"Feature","properties":{"node_id":"13128872462","node_origin":"osm_node","degree":4,"is_intersection":true,"source":"OpenStreetMap"},"geometry":{"type":"Point","coordinates":[108.9308155,34.3194519]}},{"type":"Feature","properties":{"node_id":"13128872463","node_origin":"osm_node","degree":3,"is_intersection":true,"source":"OpenStreetMap"},"geometry":{"type":"Point","coordinates":[108.9308142,34.3193749]}},{"type":"Feature","properties":{"node_id":"13259906615","node_origin":"osm_node","degree":2,"is_intersection":false,"source":"OpenStreetMap"},"geometry":{"type":"Point","coordinates":[108.933688,34.3553449]}},{"type":"Feature","properties":{"node_id":"13259906617","node_origin":"osm_node","degree":2,"is_intersection":false,"source":"OpenStreetMap"},"geometry":{"type":"Point","coordinates":[108.9327242,34.3567399]}},{"type":"Feature","properties":{"node_id":"13262032401","node_origin":"osm_node","degree":2,"is_intersection":false,"source":"OpenStreetMap"},"geometry":{"type":"Point","coordinates":[108.9423898,34.362277]}},{"type":"Feature","properties":{"node_id":"13262032402","node_origin":"osm_node","degree":2,"is_intersection":false,"source":"OpenStreetMap"},"geometry":{"type":"Point","coordinates":[108.9445729,34.3614244]}},{"type":"Feature","properties":{"node_id":"13262032403","node_origin":"osm_node","degree":2,"is_intersection":false,"source":"OpenStreetMap"},"geometry":{"type":"Point","coordinates":[108.9446483,34.3615334]}},{"type":"Feature","properties":{"node_id":"13262032404","node_origin":"osm_node","degree":2,"is_intersection":false,"source":"OpenStreetMap"},"geometry":{"type":"Point","coordinates":[108.9424492,34.3623629]}},{"type":"Feature","properties":{"node_id":"13288661777","node_origin":"osm_node","degree":2,"is_intersection":false,"source":"OpenStreetMap"},"geometry":{"type":"Point","coordinates":[108.9250418,34.3183761]}},{"type":"Feature","properties":{"node_id":"13288661783","node_origin":"osm_node","degree":2,"is_intersection":false,"source":"OpenStreetMap"},"geometry":{"type":"Point","coordinates":[108.9241321,34.3193856]}},{"type":"Feature","properties":{"node_id":"13288661784","node_origin":"osm_node","degree":2,"is_intersection":false,"source":"OpenStreetMap"},"geometry":{"type":"Point","coordinates":[108.924458,34.3193595]}},{"type":"Feature","properties":{"node_id":"13288661785","node_origin":"osm_node","degree":2,"is_intersection":false,"source":"OpenStreetMap"},"geometry":{"type":"Point","coordinates":[108.9247388,34.3193722]}},{"type":"Feature","properties":{"node_id":"13288661786","node_origin":"osm_node","degree":2,"is_intersection":false,"source":"OpenStreetMap"},"geometry":{"type":"Point","coordinates":[108.924753,34.3194637]}},{"type":"Feature","properties":{"node_id":"13288661787","node_origin":"osm_node","degree":2,"is_intersection":false,"source":"OpenStreetMap"},"geometry":{"type":"Point","coordinates":[108.9243801,34.3194837]}},{"type":"Feature","properties":{"node_id":"13288661788","node_origin":"osm_node","degree":2,"is_intersection":false,"source":"OpenStreetMap"},"geometry":{"type":"Point","coordinates":[108.9240777,34.3194643]}},{"type":"Feature","properties":{"node_id":"13288661789","node_origin":"osm_node","degree":2,"is_intersection":false,"source":"OpenStreetMap"},"geometry":{"type":"Point","coordinates":[108.9234848,34.3194669]}},{"type":"Feature","properties":{"node_id":"13288661790","node_origin":"osm_node","degree":2,"is_intersection":false,"source":"OpenStreetMap"},"geometry":{"type":"Point","coordinates":[108.9231535,34.3194463]}},{"type":"Feature","properties":{"node_id":"13288661791","node_origin":"osm_node","degree":2,"is_intersection":false,"source":"OpenStreetMap"},"geometry":{"type":"Point","coordinates":[108.9258998,34.3193526]}},{"type":"Feature","properties":{"node_id":"13288661792","node_origin":"osm_node","degree":2,"is_intersection":false,"source":"OpenStreetMap"},"geometry":{"type":"Point","coordinates":[108.9255042,34.3193646]}},{"type":"Feature","properties":{"node_id":"13288661793","node_origin":"osm_node","degree":2,"is_intersection":false,"source":"OpenStreetMap"},"geometry":{"type":"Point","coordinates":[108.9254608,34.3194573]}},{"type":"Feature","properties":{"node_id":"13288661794","node_origin":"osm_node","degree":2,"is_intersection":false,"source":"OpenStreetMap"},"geometry":{"type":"Point","coordinates":[108.9256551,34.3194731]}},{"type":"Feature","properties":{"node_id":"13288661795","node_origin":"osm_node","degree":2,"is_intersection":false,"source":"OpenStreetMap"},"geometry":{"type":"Point","coordinates":[108.9259298,34.3194705]}},{"type":"Feature","properties":{"node_id":"13288661796","node_origin":"osm_node","degree":2,"is_intersection":false,"source":"OpenStreetMap"},"geometry":{"type":"Point","coordinates":[108.9257147,34.3193506]}},{"type":"Feature","properties":{"node_id":"13288661797","node_origin":"osm_node","degree":2,"is_intersection":false,"source":"OpenStreetMap"},"geometry":{"type":"Point","coordinates":[108.9245696,34.3193595]}},{"type":"Feature","properties":{"node_id":"13288661798","node_origin":"osm_node","degree":2,"is_intersection":false,"source":"OpenStreetMap"},"geometry":{"type":"Point","coordinates":[108.9245192,34.3194817]}},{"type":"Feature","properties":{"node_id":"13288661799","node_origin":"osm_node","degree":2,"is_intersection":false,"source":"OpenStreetMap"},"geometry":{"type":"Point","coordinates":[108.9250429,34.3186241]}},{"type":"Feature","properties":{"node_id":"13288661800","node_origin":"osm_node","degree":2,"is_intersection":false,"source":"OpenStreetMap"},"geometry":{"type":"Point","coordinates":[108.9250327,34.3188342]}},{"type":"Feature","properties":{"node_id":"13288666507","node_origin":"osm_node","degree":2,"is_intersection":false,"source":"OpenStreetMap"},"geometry":{"type":"Point","coordinates":[108.9251965,34.3190377]}},{"type":"Feature","properties":{"node_id":"13288666508","node_origin":"osm_node","degree":2,"is_intersection":false,"source":"OpenStreetMap"},"geometry":{"type":"Point","coordinates":[108.9250306,34.319041]}},{"type":"Feature","properties":{"node_id":"13288666509","node_origin":"osm_node","degree":2,"is_intersection":false,"source":"OpenStreetMap"},"geometry":{"type":"Point","coordinates":[108.9251717,34.3204297]}},{"type":"Feature","properties":{"node_id":"13288666510","node_origin":"osm_node","degree":2,"is_intersection":false,"source":"OpenStreetMap"},"geometry":{"type":"Point","coordinates":[108.9251866,34.3201293]}},{"type":"Feature","properties":{"node_id":"13288666511","node_origin":"osm_node","degree":2,"is_intersection":false,"source":"OpenStreetMap"},"geometry":{"type":"Point","coordinates":[108.9250444,34.3201104]}},{"type":"Feature","properties":{"node_id":"13288666512","node_origin":"osm_node","degree":2,"is_intersection":false,"source":"OpenStreetMap"},"geometry":{"type":"Point","coordinates":[108.9250517,34.3219856]}},{"type":"Feature","properties":{"node_id":"13288666522","node_origin":"osm_node","degree":2,"is_intersection":false,"source":"OpenStreetMap"},"geometry":{"type":"Point","coordinates":[108.9250423,34.3199112]}},{"type":"Feature","properties":{"node_id":"13288666531","node_origin":"osm_node","degree":2,"is_intersection":false,"source":"OpenStreetMap"},"geometry":{"type":"Point","coordinates":[108.9251866,34.3199136]}},{"type":"Feature","properties":{"node_id":"13288666540","node_origin":"osm_node","degree":2,"is_intersection":false,"source":"OpenStreetMap"},"geometry":{"type":"Point","coordinates":[108.9250315,34.3189493]}},{"type":"Feature","properties":{"node_id":"13288666547","node_origin":"osm_node","degree":2,"is_intersection":false,"source":"OpenStreetMap"},"geometry":{"type":"Point","coordinates":[108.9251738,34.319152]}},{"type":"Feature","properties":{"node_id":"13288666548","node_origin":"osm_node","degree":2,"is_intersection":false,"source":"OpenStreetMap"},"geometry":{"type":"Point","coordinates":[108.9251733,34.3186592]}},{"type":"Feature","properties":{"node_id":"13288666549","node_origin":"osm_node","degree":2,"is_intersection":false,"source":"OpenStreetMap"},"geometry":{"type":"Point","coordinates":[108.9251942,34.3189044]}},{"type":"Feature","properties":{"node_id":"13288666566","node_origin":"osm_node","degree":2,"is_intersection":false,"source":"OpenStreetMap"},"geometry":{"type":"Point","coordinates":[108.9249005,34.3193712]}},{"type":"Feature","properties":{"node_id":"13288666567","node_origin":"osm_node","degree":2,"is_intersection":false,"source":"OpenStreetMap"},"geometry":{"type":"Point","coordinates":[108.924902,34.3194629]}},{"type":"Feature","properties":{"node_id":"13288666568","node_origin":"osm_node","degree":2,"is_intersection":false,"source":"OpenStreetMap"},"geometry":{"type":"Point","coordinates":[108.9250287,34.3192598]}},{"type":"Feature","properties":{"node_id":"13288666569","node_origin":"osm_node","degree":2,"is_intersection":false,"source":"OpenStreetMap"},"geometry":{"type":"Point","coordinates":[108.9250351,34.3195752]}},{"type":"Feature","properties":{"node_id":"13288666570","node_origin":"osm_node","degree":2,"is_intersection":false,"source":"OpenStreetMap"},"geometry":{"type":"Point","coordinates":[108.9251736,34.3192591]}},{"type":"Feature","properties":{"node_id":"13288666571","node_origin":"osm_node","degree":2,"is_intersection":false,"source":"OpenStreetMap"},"geometry":{"type":"Point","coordinates":[108.9251787,34.3195752]}},{"type":"Feature","properties":{"node_id":"13288666572","node_origin":"osm_node","degree":2,"is_intersection":false,"source":"OpenStreetMap"},"geometry":{"type":"Point","coordinates":[108.9253328,34.3193673]}},{"type":"Feature","properties":{"node_id":"13288666573","node_origin":"osm_node","degree":2,"is_intersection":false,"source":"OpenStreetMap"},"geometry":{"type":"Point","coordinates":[108.9253308,34.3194587]}},{"type":"Feature","properties":{"node_id":"13288666587","node_origin":"osm_node","degree":2,"is_intersection":false,"source":"OpenStreetMap"},"geometry":{"type":"Point","coordinates":[108.9270197,34.3193667]}},{"type":"Feature","properties":{"node_id":"13288666589","node_origin":"osm_node","degree":2,"is_intersection":false,"source":"OpenStreetMap"},"geometry":{"type":"Point","coordinates":[108.9235644,34.3194665]}},{"type":"Feature","properties":{"node_id":"13288666590","node_origin":"osm_node","degree":2,"is_intersection":false,"source":"OpenStreetMap"},"geometry":{"type":"Point","coordinates":[108.9423266,34.3194723]}},{"type":"Feature","properties":{"node_id":"13288666591","node_origin":"osm_node","degree":2,"is_intersection":false,"source":"OpenStreetMap"},"geometry":{"type":"Point","coordinates":[108.942336,34.3193553]}},{"type":"Feature","properties":{"node_id":"13288666592","node_origin":"osm_node","degree":2,"is_intersection":false,"source":"OpenStreetMap"},"geometry":{"type":"Point","coordinates":[108.9429704,34.3194759]}},{"type":"Feature","properties":{"node_id":"13288666593","node_origin":"osm_node","degree":2,"is_intersection":false,"source":"OpenStreetMap"},"geometry":{"type":"Point","coordinates":[108.9428776,34.3193504]}},{"type":"Feature","properties":{"node_id":"13288666594","node_origin":"osm_node","degree":2,"is_intersection":false,"source":"OpenStreetMap"},"geometry":{"type":"Point","coordinates":[108.942638,34.3191752]}},{"type":"Feature","properties":{"node_id":"13288666595","node_origin":"osm_node","degree":2,"is_intersection":false,"source":"OpenStreetMap"},"geometry":{"type":"Point","coordinates":[108.9424603,34.319082]}},{"type":"Feature","properties":{"node_id":"13288666596","node_origin":"osm_node","degree":2,"is_intersection":false,"source":"OpenStreetMap"},"geometry":{"type":"Point","coordinates":[108.9426355,34.3185053]}},{"type":"Feature","properties":{"node_id":"13288666597","node_origin":"osm_node","degree":2,"is_intersection":false,"source":"OpenStreetMap"},"geometry":{"type":"Point","coordinates":[108.9426634,34.31869]}},{"type":"Feature","properties":{"node_id":"13288666598","node_origin":"osm_node","degree":2,"is_intersection":false,"source":"OpenStreetMap"},"geometry":{"type":"Point","coordinates":[108.9426414,34.3189722]}},{"type":"Feature","properties":{"node_id":"13288666599","node_origin":"osm_node","degree":2,"is_intersection":false,"source":"OpenStreetMap"},"geometry":{"type":"Point","coordinates":[108.9426603,34.3188763]}},{"type":"Feature","properties":{"node_id":"13288666600","node_origin":"osm_node","degree":2,"is_intersection":false,"source":"OpenStreetMap"},"geometry":{"type":"Point","coordinates":[108.9424351,34.3187788]}},{"type":"Feature","properties":{"node_id":"13288666601","node_origin":"osm_node","degree":2,"is_intersection":false,"source":"OpenStreetMap"},"geometry":{"type":"Point","coordinates":[108.9424479,34.3184268]}},{"type":"Feature","properties":{"node_id":"13288666602","node_origin":"osm_node","degree":2,"is_intersection":false,"source":"OpenStreetMap"},"geometry":{"type":"Point","coordinates":[108.9424343,34.3185725]}},{"type":"Feature","properties":{"node_id":"13288666603","node_origin":"osm_node","degree":2,"is_intersection":false,"source":"OpenStreetMap"},"geometry":{"type":"Point","coordinates":[108.942487,34.3197099]}},{"type":"Feature","properties":{"node_id":"13288666604","node_origin":"osm_node","degree":2,"is_intersection":false,"source":"OpenStreetMap"},"geometry":{"type":"Point","coordinates":[108.9424551,34.3200505]}},{"type":"Feature","properties":{"node_id":"13288666605","node_origin":"osm_node","degree":2,"is_intersection":false,"source":"OpenStreetMap"},"geometry":{"type":"Point","coordinates":[108.9424542,34.3205671]}},{"type":"Feature","properties":{"node_id":"13288666606","node_origin":"osm_node","degree":2,"is_intersection":false,"source":"OpenStreetMap"},"geometry":{"type":"Point","coordinates":[108.9424771,34.3208573]}},{"type":"Feature","properties":{"node_id":"13288666607","node_origin":"osm_node","degree":2,"is_intersection":false,"source":"OpenStreetMap"},"geometry":{"type":"Point","coordinates":[108.9426487,34.3197241]}},{"type":"Feature","properties":{"node_id":"13288666608","node_origin":"osm_node","degree":2,"is_intersection":false,"source":"OpenStreetMap"},"geometry":{"type":"Point","coordinates":[108.9426647,34.3199815]}},{"type":"Feature","properties":{"node_id":"13288666609","node_origin":"osm_node","degree":2,"is_intersection":false,"source":"OpenStreetMap"},"geometry":{"type":"Point","coordinates":[108.9426678,34.3201416]}},{"type":"Feature","properties":{"node_id":"13288666610","node_origin":"osm_node","degree":2,"is_intersection":false,"source":"OpenStreetMap"},"geometry":{"type":"Point","coordinates":[108.9426537,34.3203355]}},{"type":"Feature","properties":{"node_id":"13288666620","node_origin":"osm_node","degree":2,"is_intersection":false,"source":"OpenStreetMap"},"geometry":{"type":"Point","coordinates":[108.9433673,34.3193611]}},{"type":"Feature","properties":{"node_id":"13288666621","node_origin":"osm_node","degree":2,"is_intersection":false,"source":"OpenStreetMap"},"geometry":{"type":"Point","coordinates":[108.9437424,34.3193692]}},{"type":"Feature","properties":{"node_id":"13288666622","node_origin":"osm_node","degree":2,"is_intersection":false,"source":"OpenStreetMap"},"geometry":{"type":"Point","coordinates":[108.9432073,34.3194838]}},{"type":"Feature","properties":{"node_id":"13288666640","node_origin":"osm_node","degree":2,"is_intersection":false,"source":"OpenStreetMap"},"geometry":{"type":"Point","coordinates":[108.9417488,34.3194676]}},{"type":"Feature","properties":{"node_id":"13288666642","node_origin":"osm_node","degree":2,"is_intersection":false,"source":"OpenStreetMap"},"geometry":{"type":"Point","coordinates":[108.9417743,34.3193433]}},{"type":"Feature","properties":{"node_id":"13288666660","node_origin":"osm_node","degree":2,"is_intersection":false,"source":"OpenStreetMap"},"geometry":{"type":"Point","coordinates":[108.9443294,34.3193672]}},{"type":"Feature","properties":{"node_id":"13288666665","node_origin":"osm_node","degree":2,"is_intersection":false,"source":"OpenStreetMap"},"geometry":{"type":"Point","coordinates":[108.9443206,34.3194611]}},{"type":"Feature","properties":{"node_id":"13288666666","node_origin":"osm_node","degree":2,"is_intersection":false,"source":"OpenStreetMap"},"geometry":{"type":"Point","coordinates":[108.9453454,34.3194529]}},{"type":"Feature","properties":{"node_id":"13288666667","node_origin":"osm_node","degree":2,"is_intersection":false,"source":"OpenStreetMap"},"geometry":{"type":"Point","coordinates":[108.9441871,34.3193677]}},{"type":"Feature","properties":{"node_id":"13288666668","node_origin":"osm_node","degree":2,"is_intersection":false,"source":"OpenStreetMap"},"geometry":{"type":"Point","coordinates":[108.9411787,34.319463]}},{"type":"Feature","properties":{"node_id":"13288666670","node_origin":"osm_node","degree":2,"is_intersection":false,"source":"OpenStreetMap"},"geometry":{"type":"Point","coordinates":[108.9426551,34.3205308]}},{"type":"Feature","properties":{"node_id":"13288666671","node_origin":"osm_node","degree":2,"is_intersection":false,"source":"OpenStreetMap"},"geometry":{"type":"Point","coordinates":[108.9426544,34.3204331]}},{"type":"Feature","properties":{"node_id":"13288666672","node_origin":"osm_node","degree":2,"is_intersection":false,"source":"OpenStreetMap"},"geometry":{"type":"Point","coordinates":[108.9424805,34.3225879]}},{"type":"Feature","properties":{"node_id":"13288666678","node_origin":"osm_node","degree":2,"is_intersection":false,"source":"OpenStreetMap"},"geometry":{"type":"Point","coordinates":[108.9411884,34.319358]}},{"type":"Feature","properties":{"node_id":"13288666679","node_origin":"osm_node","degree":2,"is_intersection":false,"source":"OpenStreetMap"},"geometry":{"type":"Point","coordinates":[108.9411399,34.319358]}},{"type":"Feature","properties":{"node_id":"13288666680","node_origin":"osm_node","degree":2,"is_intersection":false,"source":"OpenStreetMap"},"geometry":{"type":"Point","coordinates":[108.9413663,34.3193582]}},{"type":"Feature","properties":{"node_id":"13288666681","node_origin":"osm_node","degree":2,"is_intersection":false,"source":"OpenStreetMap"},"geometry":{"type":"Point","coordinates":[108.9415337,34.3193432]}},{"type":"Feature","properties":{"node_id":"13288666682","node_origin":"osm_node","degree":2,"is_intersection":false,"source":"OpenStreetMap"},"geometry":{"type":"Point","coordinates":[108.9420314,34.3193554]}},{"type":"Feature","properties":{"node_id":"13288666684","node_origin":"osm_node","degree":2,"is_intersection":false,"source":"OpenStreetMap"},"geometry":{"type":"Point","coordinates":[108.9411042,34.3194631]}},{"type":"Feature","properties":{"node_id":"13288666685","node_origin":"osm_node","degree":2,"is_intersection":false,"source":"OpenStreetMap"},"geometry":{"type":"Point","coordinates":[108.9441285,34.3194793]}},{"type":"Feature","properties":{"node_id":"13288666693","node_origin":"osm_node","degree":2,"is_intersection":false,"source":"OpenStreetMap"},"geometry":{"type":"Point","coordinates":[108.9426649,34.3246006]}},{"type":"Feature","properties":{"node_id":"13288666694","node_origin":"osm_node","degree":2,"is_intersection":false,"source":"OpenStreetMap"},"geometry":{"type":"Point","coordinates":[108.9426526,34.3228999]}},{"type":"Feature","properties":{"node_id":"13288666695","node_origin":"osm_node","degree":2,"is_intersection":false,"source":"OpenStreetMap"},"geometry":{"type":"Point","coordinates":[108.9426682,34.3231176]}},{"type":"Feature","properties":{"node_id":"13288666696","node_origin":"osm_node","degree":2,"is_intersection":false,"source":"OpenStreetMap"},"geometry":{"type":"Point","coordinates":[108.9435558,34.3236117]}},{"type":"Feature","properties":{"node_id":"13288666697","node_origin":"osm_node","degree":2,"is_intersection":false,"source":"OpenStreetMap"},"geometry":{"type":"Point","coordinates":[108.9438681,34.3236105]}},{"type":"Feature","properties":{"node_id":"13288666698","node_origin":"osm_node","degree":2,"is_intersection":false,"source":"OpenStreetMap"},"geometry":{"type":"Point","coordinates":[108.9440134,34.32361]}},{"type":"Feature","properties":{"node_id":"13288666699","node_origin":"osm_node","degree":2,"is_intersection":false,"source":"OpenStreetMap"},"geometry":{"type":"Point","coordinates":[108.9415683,34.3236393]}},{"type":"Feature","properties":{"node_id":"13288666700","node_origin":"osm_node","degree":2,"is_intersection":false,"source":"OpenStreetMap"},"geometry":{"type":"Point","coordinates":[108.9424811,34.3236931]}},{"type":"Feature","properties":{"node_id":"13288666701","node_origin":"osm_node","degree":2,"is_intersection":false,"source":"OpenStreetMap"},"geometry":{"type":"Point","coordinates":[108.954049,34.3193983]}},{"type":"Feature","properties":{"node_id":"13288666702","node_origin":"osm_node","degree":2,"is_intersection":false,"source":"OpenStreetMap"},"geometry":{"type":"Point","coordinates":[108.9552817,34.319394]}},{"type":"Feature","properties":{"node_id":"13288666703","node_origin":"osm_node","degree":2,"is_intersection":false,"source":"OpenStreetMap"},"geometry":{"type":"Point","coordinates":[108.9559549,34.3194744]}},{"type":"Feature","properties":{"node_id":"13288666704","node_origin":"osm_node","degree":2,"is_intersection":false,"source":"OpenStreetMap"},"geometry":{"type":"Point","coordinates":[108.9565604,34.3194379]}},{"type":"Feature","properties":{"node_id":"13288666705","node_origin":"osm_node","degree":2,"is_intersection":false,"source":"OpenStreetMap"},"geometry":{"type":"Point","coordinates":[108.9562638,34.3194612]}},{"type":"Feature","properties":{"node_id":"13288666706","node_origin":"osm_node","degree":2,"is_intersection":false,"source":"OpenStreetMap"},"geometry":{"type":"Point","coordinates":[108.9572352,34.3193561]}},{"type":"Feature","properties":{"node_id":"13288666707","node_origin":"osm_node","degree":2,"is_intersection":false,"source":"OpenStreetMap"},"geometry":{"type":"Point","coordinates":[108.9576518,34.3192601]}},{"type":"Feature","properties":{"node_id":"13288666708","node_origin":"osm_node","degree":2,"is_intersection":false,"source":"OpenStreetMap"},"geometry":{"type":"Point","coordinates":[108.9580502,34.319152]}},{"type":"Feature","properties":{"node_id":"13288666709","node_origin":"osm_node","degree":2,"is_intersection":false,"source":"OpenStreetMap"},"geometry":{"type":"Point","coordinates":[108.957904,34.3191265]}},{"type":"Feature","properties":{"node_id":"13288666710","node_origin":"osm_node","degree":2,"is_intersection":false,"source":"OpenStreetMap"},"geometry":{"type":"Point","coordinates":[108.9575773,34.3192106]}},{"type":"Feature","properties":{"node_id":"13288666711","node_origin":"osm_node","degree":2,"is_intersection":false,"source":"OpenStreetMap"},"geometry":{"type":"Point","coordinates":[108.9573657,34.319265]}},{"type":"Feature","properties":{"node_id":"13288666712","node_origin":"osm_node","degree":2,"is_intersection":false,"source":"OpenStreetMap"},"geometry":{"type":"Point","coordinates":[108.9571688,34.3193059]}},{"type":"Feature","properties":{"node_id":"13288666713","node_origin":"osm_node","degree":2,"is_intersection":false,"source":"OpenStreetMap"},"geometry":{"type":"Point","coordinates":[108.956988,34.3193323]}},{"type":"Feature","properties":{"node_id":"13288666714","node_origin":"osm_node","degree":2,"is_intersection":false,"source":"OpenStreetMap"},"geometry":{"type":"Point","coordinates":[108.9559563,34.3193836]}},{"type":"Feature","properties":{"node_id":"13288666715","node_origin":"osm_node","degree":2,"is_intersection":false,"source":"OpenStreetMap"},"geometry":{"type":"Point","coordinates":[108.9586737,34.3189192]}},{"type":"Feature","properties":{"node_id":"13288666716","node_origin":"osm_node","degree":2,"is_intersection":false,"source":"OpenStreetMap"},"geometry":{"type":"Point","coordinates":[108.9589354,34.3188451]}},{"type":"Feature","properties":{"node_id":"13288666717","node_origin":"osm_node","degree":2,"is_intersection":false,"source":"OpenStreetMap"},"geometry":{"type":"Point","coordinates":[108.9592933,34.3187442]}},{"type":"Feature","properties":{"node_id":"13288666718","node_origin":"osm_node","degree":2,"is_intersection":false,"source":"OpenStreetMap"},"geometry":{"type":"Point","coordinates":[108.9595168,34.318692]}},{"type":"Feature","properties":{"node_id":"13288666719","node_origin":"osm_node","degree":2,"is_intersection":false,"source":"OpenStreetMap"},"geometry":{"type":"Point","coordinates":[108.95972,34.3186501]}},{"type":"Feature","properties":{"node_id":"13288666720","node_origin":"osm_node","degree":2,"is_intersection":false,"source":"OpenStreetMap"},"geometry":{"type":"Point","coordinates":[108.9598613,34.3186286]}},{"type":"Feature","properties":{"node_id":"13288666721","node_origin":"osm_node","degree":2,"is_intersection":false,"source":"OpenStreetMap"},"geometry":{"type":"Point","coordinates":[108.9601952,34.3186052]}},{"type":"Feature","properties":{"node_id":"13288666722","node_origin":"osm_node","degree":2,"is_intersection":false,"source":"OpenStreetMap"},"geometry":{"type":"Point","coordinates":[108.9606113,34.3187035]}},{"type":"Feature","properties":{"node_id":"13288666723","node_origin":"osm_node","degree":2,"is_intersection":false,"source":"OpenStreetMap"},"geometry":{"type":"Point","coordinates":[108.9603333,34.3187124]}},{"type":"Feature","properties":{"node_id":"13288666724","node_origin":"osm_node","degree":2,"is_intersection":false,"source":"OpenStreetMap"},"geometry":{"type":"Point","coordinates":[108.9601395,34.3187216]}},{"type":"Feature","properties":{"node_id":"13288666725","node_origin":"osm_node","degree":2,"is_intersection":false,"source":"OpenStreetMap"},"geometry":{"type":"Point","coordinates":[108.9597469,34.31876]}},{"type":"Feature","properties":{"node_id":"13288666726","node_origin":"osm_node","degree":2,"is_intersection":false,"source":"OpenStreetMap"},"geometry":{"type":"Point","coordinates":[108.9595788,34.3187804]}},{"type":"Feature","properties":{"node_id":"13288666727","node_origin":"osm_node","degree":2,"is_intersection":false,"source":"OpenStreetMap"},"geometry":{"type":"Point","coordinates":[108.9593546,34.3188174]}},{"type":"Feature","properties":{"node_id":"13288666728","node_origin":"osm_node","degree":2,"is_intersection":false,"source":"OpenStreetMap"},"geometry":{"type":"Point","coordinates":[108.9621833,34.3187006]}},{"type":"Feature","properties":{"node_id":"13288666729","node_origin":"osm_node","degree":2,"is_intersection":false,"source":"OpenStreetMap"},"geometry":{"type":"Point","coordinates":[108.9626513,34.3186788]}},{"type":"Feature","properties":{"node_id":"13288666730","node_origin":"osm_node","degree":2,"is_intersection":false,"source":"OpenStreetMap"},"geometry":{"type":"Point","coordinates":[108.9622382,34.3185944]}},{"type":"Feature","properties":{"node_id":"13288666731","node_origin":"osm_node","degree":2,"is_intersection":false,"source":"OpenStreetMap"},"geometry":{"type":"Point","coordinates":[108.9625561,34.3186172]}},{"type":"Feature","properties":{"node_id":"13288666732","node_origin":"osm_node","degree":2,"is_intersection":false,"source":"OpenStreetMap"},"geometry":{"type":"Point","coordinates":[108.9651591,34.318616]}},{"type":"Feature","properties":{"node_id":"13288666733","node_origin":"osm_node","degree":2,"is_intersection":false,"source":"OpenStreetMap"},"geometry":{"type":"Point","coordinates":[108.9656419,34.3186031]}},{"type":"Feature","properties":{"node_id":"13288666734","node_origin":"osm_node","degree":2,"is_intersection":false,"source":"OpenStreetMap"},"geometry":{"type":"Point","coordinates":[108.9651645,34.3186808]}},{"type":"Feature","properties":{"node_id":"13288666735","node_origin":"osm_node","degree":2,"is_intersection":false,"source":"OpenStreetMap"},"geometry":{"type":"Point","coordinates":[108.9656741,34.3187069]}},{"type":"Feature","properties":{"node_id":"13288666736","node_origin":"osm_node","degree":2,"is_intersection":false,"source":"OpenStreetMap"},"geometry":{"type":"Point","coordinates":[108.9651671,34.3187483]}},{"type":"Feature","properties":{"node_id":"13288666737","node_origin":"osm_node","degree":2,"is_intersection":false,"source":"OpenStreetMap"},"geometry":{"type":"Point","coordinates":[108.965406,34.3187643]}},{"type":"Feature","properties":{"node_id":"13288666738","node_origin":"osm_node","degree":2,"is_intersection":false,"source":"OpenStreetMap"},"geometry":{"type":"Point","coordinates":[108.9544552,34.3194646]}},{"type":"Feature","properties":{"node_id":"13288666739","node_origin":"osm_node","degree":2,"is_intersection":false,"source":"OpenStreetMap"},"geometry":{"type":"Point","coordinates":[108.9568012,34.3193503]}},{"type":"Feature","properties":{"node_id":"13288666740","node_origin":"osm_node","degree":2,"is_intersection":false,"source":"OpenStreetMap"},"geometry":{"type":"Point","coordinates":[108.9562353,34.3193719]}},{"type":"Feature","properties":{"node_id":"13288666741","node_origin":"osm_node","degree":2,"is_intersection":false,"source":"OpenStreetMap"},"geometry":{"type":"Point","coordinates":[108.9556516,34.3207305]}},{"type":"Feature","properties":{"node_id":"13288666742","node_origin":"osm_node","degree":2,"is_intersection":false,"source":"OpenStreetMap"},"geometry":{"type":"Point","coordinates":[108.9555388,34.3209755]}},{"type":"Feature","properties":{"node_id":"13288666751","node_origin":"osm_node","degree":2,"is_intersection":false,"source":"OpenStreetMap"},"geometry":{"type":"Point","coordinates":[108.9582581,34.322371]}},{"type":"Feature","properties":{"node_id":"13288666753","node_origin":"osm_node","degree":2,"is_intersection":false,"source":"OpenStreetMap"},"geometry":{"type":"Point","coordinates":[108.9582626,34.3215692]}},{"type":"Feature","properties":{"node_id":"13288666758","node_origin":"osm_node","degree":2,"is_intersection":false,"source":"OpenStreetMap"},"geometry":{"type":"Point","coordinates":[108.9600354,34.3187305]}},{"type":"Feature","properties":{"node_id":"13288666759","node_origin":"osm_node","degree":2,"is_intersection":false,"source":"OpenStreetMap"},"geometry":{"type":"Point","coordinates":[108.9603102,34.3187972]}},{"type":"Feature","properties":{"node_id":"13288666760","node_origin":"osm_node","degree":2,"is_intersection":false,"source":"OpenStreetMap"},"geometry":{"type":"Point","coordinates":[108.9597875,34.3188351]}},{"type":"Feature","properties":{"node_id":"13288666762","node_origin":"osm_node","degree":2,"is_intersection":false,"source":"OpenStreetMap"},"geometry":{"type":"Point","coordinates":[108.9619099,34.3185959]}},{"type":"Feature","properties":{"node_id":"13288666763","node_origin":"osm_node","degree":2,"is_intersection":false,"source":"OpenStreetMap"},"geometry":{"type":"Point","coordinates":[108.9502654,34.3193778]}},{"type":"Feature","properties":{"node_id":"13288666764","node_origin":"osm_node","degree":2,"is_intersection":false,"source":"OpenStreetMap"},"geometry":{"type":"Point","coordinates":[108.9478866,34.3194539]}},{"type":"Feature","properties":{"node_id":"13288666765","node_origin":"osm_node","degree":2,"is_intersection":false,"source":"OpenStreetMap"},"geometry":{"type":"Point","coordinates":[108.9490697,34.3202328]}},{"type":"Feature","properties":{"node_id":"13288666766","node_origin":"osm_node","degree":2,"is_intersection":false,"source":"OpenStreetMap"},"geometry":{"type":"Point","coordinates":[108.9490827,34.3184568]}},{"type":"Feature","properties":{"node_id":"13288666767","node_origin":"osm_node","degree":2,"is_intersection":false,"source":"OpenStreetMap"},"geometry":{"type":"Point","coordinates":[108.9669096,34.3198264]}},{"type":"Feature","properties":{"node_id":"13288666769","node_origin":"osm_node","degree":2,"is_intersection":false,"source":"OpenStreetMap"},"geometry":{"type":"Point","coordinates":[108.9659149,34.3187045]}},{"type":"Feature","properties":{"node_id":"13288666772","node_origin":"osm_node","degree":2,"is_intersection":false,"source":"OpenStreetMap"},"geometry":{"type":"Point","coordinates":[108.9667499,34.3177395]}},{"type":"Feature","properties":{"node_id":"13288666774","node_origin":"osm_node","degree":2,"is_intersection":false,"source":"OpenStreetMap"},"geometry":{"type":"Point","coordinates":[108.9669102,34.3197182]}},{"type":"Feature","properties":{"node_id":"13288666776","node_origin":"osm_node","degree":2,"is_intersection":false,"source":"OpenStreetMap"},"geometry":{"type":"Point","coordinates":[108.9684843,34.3185635]}},{"type":"Feature","properties":{"node_id":"13288666958","node_origin":"osm_node","degree":2,"is_intersection":false,"source":"OpenStreetMap"},"geometry":{"type":"Point","coordinates":[108.966452,34.3187894]}},{"type":"Feature","properties":{"node_id":"13288666959","node_origin":"osm_node","degree":2,"is_intersection":false,"source":"OpenStreetMap"},"geometry":{"type":"Point","coordinates":[108.9667315,34.3187878]}},{"type":"Feature","properties":{"node_id":"13288666960","node_origin":"osm_node","degree":2,"is_intersection":false,"source":"OpenStreetMap"},"geometry":{"type":"Point","coordinates":[108.9329932,34.3183861]}},{"type":"Feature","properties":{"node_id":"13288666961","node_origin":"osm_node","degree":2,"is_intersection":false,"source":"OpenStreetMap"},"geometry":{"type":"Point","coordinates":[108.9320553,34.3193847]}},{"type":"Feature","properties":{"node_id":"13288666962","node_origin":"osm_node","degree":2,"is_intersection":false,"source":"OpenStreetMap"},"geometry":{"type":"Point","coordinates":[108.9320679,34.3194588]}},{"type":"Feature","properties":{"node_id":"13288666964","node_origin":"osm_node","degree":2,"is_intersection":false,"source":"OpenStreetMap"},"geometry":{"type":"Point","coordinates":[108.9332208,34.3206839]}},{"type":"Feature","properties":{"node_id":"13288666965","node_origin":"osm_node","degree":2,"is_intersection":false,"source":"OpenStreetMap"},"geometry":{"type":"Point","coordinates":[108.9329748,34.3221769]}},{"type":"Feature","properties":{"node_id":"13288666966","node_origin":"osm_node","degree":2,"is_intersection":false,"source":"OpenStreetMap"},"geometry":{"type":"Point","coordinates":[108.9228179,34.3194465]}},{"type":"Feature","properties":{"node_id":"13288666967","node_origin":"osm_node","degree":2,"is_intersection":false,"source":"OpenStreetMap"},"geometry":{"type":"Point","coordinates":[108.9228173,34.3193847]}},{"type":"Feature","properties":{"node_id":"13288666968","node_origin":"osm_node","degree":2,"is_intersection":false,"source":"OpenStreetMap"},"geometry":{"type":"Point","coordinates":[108.9192008,34.3193854]}},{"type":"Feature","properties":{"node_id":"13288666969","node_origin":"osm_node","degree":2,"is_intersection":false,"source":"OpenStreetMap"},"geometry":{"type":"Point","coordinates":[108.9186379,34.3193827]}},{"type":"Feature","properties":{"node_id":"13288666971","node_origin":"osm_node","degree":2,"is_intersection":false,"source":"OpenStreetMap"},"geometry":{"type":"Point","coordinates":[108.9176757,34.3202654]}},{"type":"Feature","properties":{"node_id":"13288666972","node_origin":"osm_node","degree":2,"is_intersection":false,"source":"OpenStreetMap"},"geometry":{"type":"Point","coordinates":[108.9175155,34.3179634]}},{"type":"Feature","properties":{"node_id":"13288666993","node_origin":"osm_node","degree":2,"is_intersection":false,"source":"OpenStreetMap"},"geometry":{"type":"Point","coordinates":[108.9422949,34.3193553]}},{"type":"Feature","properties":{"node_id":"13288666994","node_origin":"osm_node","degree":2,"is_intersection":false,"source":"OpenStreetMap"},"geometry":{"type":"Point","coordinates":[108.9422946,34.319472]}},{"type":"Feature","properties":{"node_id":"13288666995","node_origin":"osm_node","degree":2,"is_intersection":false,"source":"OpenStreetMap"},"geometry":{"type":"Point","coordinates":[108.9424594,34.3192234]}},{"type":"Feature","properties":{"node_id":"13288666996","node_origin":"osm_node","degree":2,"is_intersection":false,"source":"OpenStreetMap"},"geometry":{"type":"Point","coordinates":[108.9424853,34.3195928]}},{"type":"Feature","properties":{"node_id":"13288666997","node_origin":"osm_node","degree":2,"is_intersection":false,"source":"OpenStreetMap"},"geometry":{"type":"Point","coordinates":[108.9426421,34.3192244]}},{"type":"Feature","properties":{"node_id":"13288666998","node_origin":"osm_node","degree":2,"is_intersection":false,"source":"OpenStreetMap"},"geometry":{"type":"Point","coordinates":[108.9426476,34.3195949]}},{"type":"Feature","properties":{"node_id":"13288666999","node_origin":"osm_node","degree":2,"is_intersection":false,"source":"OpenStreetMap"},"geometry":{"type":"Point","coordinates":[108.9428194,34.3193519]}},{"type":"Feature","properties":{"node_id":"13288667000","node_origin":"osm_node","degree":2,"is_intersection":false,"source":"OpenStreetMap"},"geometry":{"type":"Point","coordinates":[108.9428229,34.3194761]}},{"type":"Feature","properties":{"node_id":"14098875337","node_origin":"osm_node","degree":3,"is_intersection":true,"source":"OpenStreetMap"},"geometry":{"type":"Point","coordinates":[108.9286785,34.3485816]}},{"type":"Feature","properties":{"node_id":"14098875338","node_origin":"osm_node","degree":2,"is_intersection":false,"source":"OpenStreetMap"},"geometry":{"type":"Point","coordinates":[108.928617,34.3485805]}},{"type":"Feature","properties":{"node_id":"14098875339","node_origin":"osm_node","degree":3,"is_intersection":true,"source":"OpenStreetMap"},"geometry":{"type":"Point","coordinates":[108.9286157,34.3489336]}},{"type":"Feature","properties":{"node_id":"14098875340","node_origin":"osm_node","degree":2,"is_intersection":false,"source":"OpenStreetMap"},"geometry":{"type":"Point","coordinates":[108.9287372,34.3485828]}},{"type":"Feature","properties":{"node_id":"1493186248","node_origin":"osm_node","degree":2,"is_intersection":false,"source":"OpenStreetMap"},"geometry":{"type":"Point","coordinates":[108.9251736,34.3192181]}},{"type":"Feature","properties":{"node_id":"1493186253","node_origin":"osm_node","degree":4,"is_intersection":true,"source":"OpenStreetMap"},"geometry":{"type":"Point","coordinates":[108.942653,34.3193561]}},{"type":"Feature","properties":{"node_id":"1615506999","node_origin":"osm_node","degree":3,"is_intersection":true,"source":"OpenStreetMap"},"geometry":{"type":"Point","coordinates":[108.9184468,34.3459179]}},{"type":"Feature","properties":{"node_id":"1615521388","node_origin":"osm_node","degree":2,"is_intersection":false,"source":"OpenStreetMap"},"geometry":{"type":"Point","coordinates":[108.9668919,34.3409628]}},{"type":"Feature","properties":{"node_id":"1616443850","node_origin":"osm_node","degree":2,"is_intersection":false,"source":"OpenStreetMap"},"geometry":{"type":"Point","coordinates":[108.9343513,34.364968]}},{"type":"Feature","properties":{"node_id":"1616446994","node_origin":"osm_node","degree":2,"is_intersection":false,"source":"OpenStreetMap"},"geometry":{"type":"Point","coordinates":[108.9151721,34.3606591]}},{"type":"Feature","properties":{"node_id":"1616446995","node_origin":"osm_node","degree":2,"is_intersection":false,"source":"OpenStreetMap"},"geometry":{"type":"Point","coordinates":[108.9144472,34.3618662]}},{"type":"Feature","properties":{"node_id":"1616446999","node_origin":"osm_node","degree":2,"is_intersection":false,"source":"OpenStreetMap"},"geometry":{"type":"Point","coordinates":[108.9141572,34.3657945]}},{"type":"Feature","properties":{"node_id":"1616447002","node_origin":"osm_node","degree":2,"is_intersection":false,"source":"OpenStreetMap"},"geometry":{"type":"Point","coordinates":[108.9143529,34.3653376]}},{"type":"Feature","properties":{"node_id":"1616447005","node_origin":"osm_node","degree":2,"is_intersection":false,"source":"OpenStreetMap"},"geometry":{"type":"Point","coordinates":[108.9152377,34.3611453]}},{"type":"Feature","properties":{"node_id":"1616447009","node_origin":"osm_node","degree":2,"is_intersection":false,"source":"OpenStreetMap"},"geometry":{"type":"Point","coordinates":[108.915418,34.364887]}},{"type":"Feature","properties":{"node_id":"1616447014","node_origin":"osm_node","degree":2,"is_intersection":false,"source":"OpenStreetMap"},"geometry":{"type":"Point","coordinates":[108.9159281,34.3662953]}},{"type":"Feature","properties":{"node_id":"1616447020","node_origin":"osm_node","degree":2,"is_intersection":false,"source":"OpenStreetMap"},"geometry":{"type":"Point","coordinates":[108.9151884,34.3602819]}},{"type":"Feature","properties":{"node_id":"1616447031","node_origin":"osm_node","degree":2,"is_intersection":false,"source":"OpenStreetMap"},"geometry":{"type":"Point","coordinates":[108.9153044,34.3623016]}},{"type":"Feature","properties":{"node_id":"1621638586","node_origin":"osm_node","degree":2,"is_intersection":false,"source":"OpenStreetMap"},"geometry":{"type":"Point","coordinates":[108.925148,34.3358879]}},{"type":"Feature","properties":{"node_id":"1621638591","node_origin":"osm_node","degree":2,"is_intersection":false,"source":"OpenStreetMap"},"geometry":{"type":"Point","coordinates":[108.9251753,34.3264072]}},{"type":"Feature","properties":{"node_id":"1623797517","node_origin":"osm_node","degree":4,"is_intersection":true,"source":"OpenStreetMap"},"geometry":{"type":"Point","coordinates":[108.9515623,34.3549775]}},{"type":"Feature","properties":{"node_id":"1623797610","node_origin":"osm_node","degree":3,"is_intersection":true,"source":"OpenStreetMap"},"geometry":{"type":"Point","coordinates":[108.9544343,34.3553369]}},{"type":"Feature","properties":{"node_id":"1927901814","node_origin":"osm_node","degree":3,"is_intersection":true,"source":"OpenStreetMap"},"geometry":{"type":"Point","coordinates":[108.9149532,34.3591345]}},{"type":"Feature","properties":{"node_id":"1927901817","node_origin":"osm_node","degree":3,"is_intersection":true,"source":"OpenStreetMap"},"geometry":{"type":"Point","coordinates":[108.9144545,34.3591724]}},{"type":"Feature","properties":{"node_id":"1927901818","node_origin":"osm_node","degree":2,"is_intersection":false,"source":"OpenStreetMap"},"geometry":{"type":"Point","coordinates":[108.9145289,34.3592441]}},{"type":"Feature","properties":{"node_id":"1927901824","node_origin":"osm_node","degree":2,"is_intersection":false,"source":"OpenStreetMap"},"geometry":{"type":"Point","coordinates":[108.9144787,34.3595441]}},{"type":"Feature","properties":{"node_id":"1927901836","node_origin":"osm_node","degree":2,"is_intersection":false,"source":"OpenStreetMap"},"geometry":{"type":"Point","coordinates":[108.9151215,34.359483]}},{"type":"Feature","properties":{"node_id":"1927901840","node_origin":"osm_node","degree":2,"is_intersection":false,"source":"OpenStreetMap"},"geometry":{"type":"Point","coordinates":[108.9144771,34.3601851]}},{"type":"Feature","properties":{"node_id":"1927901850","node_origin":"osm_node","degree":2,"is_intersection":false,"source":"OpenStreetMap"},"geometry":{"type":"Point","coordinates":[108.9144568,34.3612219]}},{"type":"Feature","properties":{"node_id":"1927901854","node_origin":"osm_node","degree":2,"is_intersection":false,"source":"OpenStreetMap"},"geometry":{"type":"Point","coordinates":[108.915275,34.3614605]}},{"type":"Feature","properties":{"node_id":"1927901856","node_origin":"osm_node","degree":2,"is_intersection":false,"source":"OpenStreetMap"},"geometry":{"type":"Point","coordinates":[108.9152934,34.3617958]}},{"type":"Feature","properties":{"node_id":"1927901875","node_origin":"osm_node","degree":2,"is_intersection":false,"source":"OpenStreetMap"},"geometry":{"type":"Point","coordinates":[108.9143859,34.3627071]}},{"type":"Feature","properties":{"node_id":"1927901880","node_origin":"osm_node","degree":2,"is_intersection":false,"source":"OpenStreetMap"},"geometry":{"type":"Point","coordinates":[108.9144198,34.3643542]}},{"type":"Feature","properties":{"node_id":"1927901885","node_origin":"osm_node","degree":2,"is_intersection":false,"source":"OpenStreetMap"},"geometry":{"type":"Point","coordinates":[108.9144198,34.3650161]}},{"type":"Feature","properties":{"node_id":"1927956102","node_origin":"osm_node","degree":2,"is_intersection":false,"source":"OpenStreetMap"},"geometry":{"type":"Point","coordinates":[108.9342917,34.3641155]}},{"type":"Feature","properties":{"node_id":"1927976555","node_origin":"osm_node","degree":2,"is_intersection":false,"source":"OpenStreetMap"},"geometry":{"type":"Point","coordinates":[108.9149611,34.3595083]}},{"type":"Feature","properties":{"node_id":"1927976575","node_origin":"osm_node","degree":2,"is_intersection":false,"source":"OpenStreetMap"},"geometry":{"type":"Point","coordinates":[108.9149974,34.3603287]}},{"type":"Feature","properties":{"node_id":"1927976579","node_origin":"osm_node","degree":2,"is_intersection":false,"source":"OpenStreetMap"},"geometry":{"type":"Point","coordinates":[108.9150432,34.3611029]}},{"type":"Feature","properties":{"node_id":"1927976583","node_origin":"osm_node","degree":2,"is_intersection":false,"source":"OpenStreetMap"},"geometry":{"type":"Point","coordinates":[108.9150783,34.3615066]}},{"type":"Feature","properties":{"node_id":"1927976587","node_origin":"osm_node","degree":2,"is_intersection":false,"source":"OpenStreetMap"},"geometry":{"type":"Point","coordinates":[108.9150865,34.3618739]}},{"type":"Feature","properties":{"node_id":"1927976591","node_origin":"osm_node","degree":2,"is_intersection":false,"source":"OpenStreetMap"},"geometry":{"type":"Point","coordinates":[108.9151162,34.3621797]}},{"type":"Feature","properties":{"node_id":"1927976595","node_origin":"osm_node","degree":2,"is_intersection":false,"source":"OpenStreetMap"},"geometry":{"type":"Point","coordinates":[108.9151926,34.3627219]}},{"type":"Feature","properties":{"node_id":"1927976599","node_origin":"osm_node","degree":2,"is_intersection":false,"source":"OpenStreetMap"},"geometry":{"type":"Point","coordinates":[108.915235,34.3635328]}},{"type":"Feature","properties":{"node_id":"1927976602","node_origin":"osm_node","degree":2,"is_intersection":false,"source":"OpenStreetMap"},"geometry":{"type":"Point","coordinates":[108.9152178,34.3643655]}},{"type":"Feature","properties":{"node_id":"1927976605","node_origin":"osm_node","degree":2,"is_intersection":false,"source":"OpenStreetMap"},"geometry":{"type":"Point","coordinates":[108.915235,34.3647871]}},{"type":"Feature","properties":{"node_id":"1927976613","node_origin":"osm_node","degree":2,"is_intersection":false,"source":"OpenStreetMap"},"geometry":{"type":"Point","coordinates":[108.9152715,34.3652062]}},{"type":"Feature","properties":{"node_id":"1927976625","node_origin":"osm_node","degree":2,"is_intersection":false,"source":"OpenStreetMap"},"geometry":{"type":"Point","coordinates":[108.915531,34.3654638]}},{"type":"Feature","properties":{"node_id":"1927976628","node_origin":"osm_node","degree":2,"is_intersection":false,"source":"OpenStreetMap"},"geometry":{"type":"Point","coordinates":[108.9153774,34.3655016]}},{"type":"Feature","properties":{"node_id":"1927976630","node_origin":"osm_node","degree":2,"is_intersection":false,"source":"OpenStreetMap"},"geometry":{"type":"Point","coordinates":[108.9154244,34.3656084]}},{"type":"Feature","properties":{"node_id":"1927976647","node_origin":"osm_node","degree":2,"is_intersection":false,"source":"OpenStreetMap"},"geometry":{"type":"Point","coordinates":[108.9156712,34.3661942]}},{"type":"Feature","properties":{"node_id":"1928057400","node_origin":"osm_node","degree":2,"is_intersection":false,"source":"OpenStreetMap"},"geometry":{"type":"Point","coordinates":[108.9288343,34.3313237]}},{"type":"Feature","properties":{"node_id":"1928057402","node_origin":"osm_node","degree":2,"is_intersection":false,"source":"OpenStreetMap"},"geometry":{"type":"Point","coordinates":[108.9213876,34.3313122]}},{"type":"Feature","properties":{"node_id":"1928057409","node_origin":"osm_node","degree":4,"is_intersection":true,"source":"OpenStreetMap"},"geometry":{"type":"Point","coordinates":[108.9251353,34.3313375]}},{"type":"Feature","properties":{"node_id":"1928057412","node_origin":"osm_node","degree":2,"is_intersection":false,"source":"OpenStreetMap"},"geometry":{"type":"Point","coordinates":[108.9191254,34.3329226]}},{"type":"Feature","properties":{"node_id":"1928057416","node_origin":"osm_node","degree":2,"is_intersection":false,"source":"OpenStreetMap"},"geometry":{"type":"Point","coordinates":[108.9191419,34.3367063]}},{"type":"Feature","properties":{"node_id":"1928057418","node_origin":"osm_node","degree":4,"is_intersection":true,"source":"OpenStreetMap"},"geometry":{"type":"Point","coordinates":[108.9191087,34.3389484]}},{"type":"Feature","properties":{"node_id":"1928057420","node_origin":"osm_node","degree":3,"is_intersection":true,"source":"OpenStreetMap"},"geometry":{"type":"Point","coordinates":[108.9230012,34.3425899]}},{"type":"Feature","properties":{"node_id":"1928057421","node_origin":"osm_node","degree":4,"is_intersection":true,"source":"OpenStreetMap"},"geometry":{"type":"Point","coordinates":[108.9251723,34.3426293]}},{"type":"Feature","properties":{"node_id":"1928057423","node_origin":"osm_node","degree":4,"is_intersection":true,"source":"OpenStreetMap"},"geometry":{"type":"Point","coordinates":[108.9188214,34.3425991]}},{"type":"Feature","properties":{"node_id":"1928057425","node_origin":"osm_node","degree":2,"is_intersection":false,"source":"OpenStreetMap"},"geometry":{"type":"Point","coordinates":[108.9431215,34.3439733]}},{"type":"Feature","properties":{"node_id":"1928057427","node_origin":"osm_node","degree":2,"is_intersection":false,"source":"OpenStreetMap"},"geometry":{"type":"Point","coordinates":[108.9421396,34.3440085]}},{"type":"Feature","properties":{"node_id":"1928057429","node_origin":"osm_node","degree":2,"is_intersection":false,"source":"OpenStreetMap"},"geometry":{"type":"Point","coordinates":[108.9424931,34.3440834]}},{"type":"Feature","properties":{"node_id":"1928057431","node_origin":"osm_node","degree":2,"is_intersection":false,"source":"OpenStreetMap"},"geometry":{"type":"Point","coordinates":[108.9428313,34.3440687]}},{"type":"Feature","properties":{"node_id":"1928057433","node_origin":"osm_node","degree":3,"is_intersection":true,"source":"OpenStreetMap"},"geometry":{"type":"Point","coordinates":[108.9139352,34.3459153]}},{"type":"Feature","properties":{"node_id":"1928057435","node_origin":"osm_node","degree":2,"is_intersection":false,"source":"OpenStreetMap"},"geometry":{"type":"Point","coordinates":[108.9137982,34.3473]}},{"type":"Feature","properties":{"node_id":"1928057437","node_origin":"osm_node","degree":3,"is_intersection":true,"source":"OpenStreetMap"},"geometry":{"type":"Point","coordinates":[108.9433186,34.3486511]}},{"type":"Feature","properties":{"node_id":"1928057438","node_origin":"osm_node","degree":3,"is_intersection":true,"source":"OpenStreetMap"},"geometry":{"type":"Point","coordinates":[108.9418111,34.3486787]}},{"type":"Feature","properties":{"node_id":"1928057440","node_origin":"osm_node","degree":2,"is_intersection":false,"source":"OpenStreetMap"},"geometry":{"type":"Point","coordinates":[108.9360936,34.3489551]}},{"type":"Feature","properties":{"node_id":"1928057442","node_origin":"osm_node","degree":2,"is_intersection":false,"source":"OpenStreetMap"},"geometry":{"type":"Point","coordinates":[108.9414065,34.3489275]}},{"type":"Feature","properties":{"node_id":"1928057446","node_origin":"osm_node","degree":2,"is_intersection":false,"source":"OpenStreetMap"},"geometry":{"type":"Point","coordinates":[108.9433223,34.3490845]}},{"type":"Feature","properties":{"node_id":"1928057447","node_origin":"osm_node","degree":2,"is_intersection":false,"source":"OpenStreetMap"},"geometry":{"type":"Point","coordinates":[108.9417391,34.3491419]}},{"type":"Feature","properties":{"node_id":"1928057448","node_origin":"osm_node","degree":3,"is_intersection":true,"source":"OpenStreetMap"},"geometry":{"type":"Point","coordinates":[108.9418865,34.3492299]}},{"type":"Feature","properties":{"node_id":"1928057450","node_origin":"osm_node","degree":3,"is_intersection":true,"source":"OpenStreetMap"},"geometry":{"type":"Point","coordinates":[108.9422025,34.3494856]}},{"type":"Feature","properties":{"node_id":"1928057452","node_origin":"osm_node","degree":2,"is_intersection":false,"source":"OpenStreetMap"},"geometry":{"type":"Point","coordinates":[108.9135621,34.3495013]}},{"type":"Feature","properties":{"node_id":"1928057454","node_origin":"osm_node","degree":3,"is_intersection":true,"source":"OpenStreetMap"},"geometry":{"type":"Point","coordinates":[108.9429725,34.3495124]}},{"type":"Feature","properties":{"node_id":"1928057456","node_origin":"osm_node","degree":2,"is_intersection":false,"source":"OpenStreetMap"},"geometry":{"type":"Point","coordinates":[108.9426969,34.3495741]}},{"type":"Feature","properties":{"node_id":"1928057457","node_origin":"osm_node","degree":2,"is_intersection":false,"source":"OpenStreetMap"},"geometry":{"type":"Point","coordinates":[108.9425472,34.3495754]}},{"type":"Feature","properties":{"node_id":"1928057459","node_origin":"osm_node","degree":2,"is_intersection":false,"source":"OpenStreetMap"},"geometry":{"type":"Point","coordinates":[108.942835,34.3496718]}},{"type":"Feature","properties":{"node_id":"1928057461","node_origin":"osm_node","degree":2,"is_intersection":false,"source":"OpenStreetMap"},"geometry":{"type":"Point","coordinates":[108.9133488,34.3515893]}},{"type":"Feature","properties":{"node_id":"1928057463","node_origin":"osm_node","degree":2,"is_intersection":false,"source":"OpenStreetMap"},"geometry":{"type":"Point","coordinates":[108.9132931,34.3528566]}},{"type":"Feature","properties":{"node_id":"1928057465","node_origin":"osm_node","degree":2,"is_intersection":false,"source":"OpenStreetMap"},"geometry":{"type":"Point","coordinates":[108.9131583,34.3537874]}},{"type":"Feature","properties":{"node_id":"1928057467","node_origin":"osm_node","degree":2,"is_intersection":false,"source":"OpenStreetMap"},"geometry":{"type":"Point","coordinates":[108.9437993,34.3539758]}},{"type":"Feature","properties":{"node_id":"1928057469","node_origin":"osm_node","degree":4,"is_intersection":true,"source":"OpenStreetMap"},"geometry":{"type":"Point","coordinates":[108.9429004,34.3539531]}},{"type":"Feature","properties":{"node_id":"1928057471","node_origin":"osm_node","degree":2,"is_intersection":false,"source":"OpenStreetMap"},"geometry":{"type":"Point","coordinates":[108.9481757,34.3545233]}},{"type":"Feature","properties":{"node_id":"1928057473","node_origin":"osm_node","degree":2,"is_intersection":false,"source":"OpenStreetMap"},"geometry":{"type":"Point","coordinates":[108.912827,34.3556458]}},{"type":"Feature","properties":{"node_id":"1928057475","node_origin":"osm_node","degree":3,"is_intersection":true,"source":"OpenStreetMap"},"geometry":{"type":"Point","coordinates":[108.9144531,34.3589424]}},{"type":"Feature","properties":{"node_id":"1928057477","node_origin":"osm_node","degree":2,"is_intersection":false,"source":"OpenStreetMap"},"geometry":{"type":"Point","coordinates":[108.9144562,34.3577273]}},{"type":"Feature","properties":{"node_id":"1928057479","node_origin":"osm_node","degree":2,"is_intersection":false,"source":"OpenStreetMap"},"geometry":{"type":"Point","coordinates":[108.9124804,34.357938]}},{"type":"Feature","properties":{"node_id":"1928057481","node_origin":"osm_node","degree":2,"is_intersection":false,"source":"OpenStreetMap"},"geometry":{"type":"Point","coordinates":[108.9144483,34.3581438]}},{"type":"Feature","properties":{"node_id":"1928057486","node_origin":"osm_node","degree":3,"is_intersection":true,"source":"OpenStreetMap"},"geometry":{"type":"Point","coordinates":[108.912328,34.3591423]}},{"type":"Feature","properties":{"node_id":"1928057488","node_origin":"osm_node","degree":2,"is_intersection":false,"source":"OpenStreetMap"},"geometry":{"type":"Point","coordinates":[108.9143429,34.3597366]}},{"type":"Feature","properties":{"node_id":"1928057489","node_origin":"osm_node","degree":2,"is_intersection":false,"source":"OpenStreetMap"},"geometry":{"type":"Point","coordinates":[108.912229,34.3597901]}},{"type":"Feature","properties":{"node_id":"1928057490","node_origin":"osm_node","degree":2,"is_intersection":false,"source":"OpenStreetMap"},"geometry":{"type":"Point","coordinates":[108.9143418,34.3601446]}},{"type":"Feature","properties":{"node_id":"1928057492","node_origin":"osm_node","degree":2,"is_intersection":false,"source":"OpenStreetMap"},"geometry":{"type":"Point","coordinates":[108.9142912,34.3610729]}},{"type":"Feature","properties":{"node_id":"1928057494","node_origin":"osm_node","degree":2,"is_intersection":false,"source":"OpenStreetMap"},"geometry":{"type":"Point","coordinates":[108.9119776,34.3612867]}},{"type":"Feature","properties":{"node_id":"1928057496","node_origin":"osm_node","degree":2,"is_intersection":false,"source":"OpenStreetMap"},"geometry":{"type":"Point","coordinates":[108.9142489,34.3618213]}},{"type":"Feature","properties":{"node_id":"1928057498","node_origin":"osm_node","degree":2,"is_intersection":false,"source":"OpenStreetMap"},"geometry":{"type":"Point","coordinates":[108.9142142,34.3626817]}},{"type":"Feature","properties":{"node_id":"1928057500","node_origin":"osm_node","degree":2,"is_intersection":false,"source":"OpenStreetMap"},"geometry":{"type":"Point","coordinates":[108.9142108,34.3643728]}},{"type":"Feature","properties":{"node_id":"1928057502","node_origin":"osm_node","degree":2,"is_intersection":false,"source":"OpenStreetMap"},"geometry":{"type":"Point","coordinates":[108.9142094,34.3649369]}},{"type":"Feature","properties":{"node_id":"1928057504","node_origin":"osm_node","degree":2,"is_intersection":false,"source":"OpenStreetMap"},"geometry":{"type":"Point","coordinates":[108.9141887,34.3652145]}},{"type":"Feature","properties":{"node_id":"1928057507","node_origin":"osm_node","degree":2,"is_intersection":false,"source":"OpenStreetMap"},"geometry":{"type":"Point","coordinates":[108.9140403,34.3656705]}},{"type":"Feature","properties":{"node_id":"1928057509","node_origin":"osm_node","degree":2,"is_intersection":false,"source":"OpenStreetMap"},"geometry":{"type":"Point","coordinates":[108.9142244,34.3656325]}},{"type":"Feature","properties":{"node_id":"1928057511","node_origin":"osm_node","degree":2,"is_intersection":false,"source":"OpenStreetMap"},"geometry":{"type":"Point","coordinates":[108.9138665,34.3660986]}},{"type":"Feature","properties":{"node_id":"1928080304","node_origin":"osm_node","degree":4,"is_intersection":true,"source":"OpenStreetMap"},"geometry":{"type":"Point","coordinates":[108.9445515,34.3279643]}},{"type":"Feature","properties":{"node_id":"1928080310","node_origin":"osm_node","degree":4,"is_intersection":true,"source":"OpenStreetMap"},"geometry":{"type":"Point","coordinates":[108.9329374,34.3282615]}},{"type":"Feature","properties":{"node_id":"1928080312","node_origin":"osm_node","degree":2,"is_intersection":false,"source":"OpenStreetMap"},"geometry":{"type":"Point","coordinates":[108.9312641,34.3283345]}},{"type":"Feature","properties":{"node_id":"1928080316","node_origin":"osm_node","degree":2,"is_intersection":false,"source":"OpenStreetMap"},"geometry":{"type":"Point","coordinates":[108.9168024,34.328508]}},{"type":"Feature","properties":{"node_id":"1928080318","node_origin":"osm_node","degree":2,"is_intersection":false,"source":"OpenStreetMap"},"geometry":{"type":"Point","coordinates":[108.9255144,34.328615]}},{"type":"Feature","properties":{"node_id":"1928080320","node_origin":"osm_node","degree":4,"is_intersection":true,"source":"OpenStreetMap"},"geometry":{"type":"Point","coordinates":[108.925163,34.3286206]}},{"type":"Feature","properties":{"node_id":"1928080322","node_origin":"osm_node","degree":2,"is_intersection":false,"source":"OpenStreetMap"},"geometry":{"type":"Point","coordinates":[108.9249001,34.3286302]}},{"type":"Feature","properties":{"node_id":"1928080324","node_origin":"osm_node","degree":2,"is_intersection":false,"source":"OpenStreetMap"},"geometry":{"type":"Point","coordinates":[108.9206648,34.3287356]}},{"type":"Feature","properties":{"node_id":"1928080326","node_origin":"osm_node","degree":2,"is_intersection":false,"source":"OpenStreetMap"},"geometry":{"type":"Point","coordinates":[108.9226548,34.3287434]}},{"type":"Feature","properties":{"node_id":"1928080330","node_origin":"osm_node","degree":4,"is_intersection":true,"source":"OpenStreetMap"},"geometry":{"type":"Point","coordinates":[108.949095,34.3313329]}},{"type":"Feature","properties":{"node_id":"1928080332","node_origin":"osm_node","degree":4,"is_intersection":true,"source":"OpenStreetMap"},"geometry":{"type":"Point","coordinates":[108.9329356,34.3313407]}},{"type":"Feature","properties":{"node_id":"1928080334","node_origin":"osm_node","degree":4,"is_intersection":true,"source":"OpenStreetMap"},"geometry":{"type":"Point","coordinates":[108.9424726,34.3313402]}},{"type":"Feature","properties":{"node_id":"1928080340","node_origin":"osm_node","degree":4,"is_intersection":true,"source":"OpenStreetMap"},"geometry":{"type":"Point","coordinates":[108.9251535,34.3349389]}},{"type":"Feature","properties":{"node_id":"1928080341","node_origin":"osm_node","degree":4,"is_intersection":true,"source":"OpenStreetMap"},"geometry":{"type":"Point","coordinates":[108.9426319,34.3349773]}},{"type":"Feature","properties":{"node_id":"1928080343","node_origin":"osm_node","degree":2,"is_intersection":false,"source":"OpenStreetMap"},"geometry":{"type":"Point","coordinates":[108.9460505,34.3349738]}},{"type":"Feature","properties":{"node_id":"1928080345","node_origin":"osm_node","degree":4,"is_intersection":true,"source":"OpenStreetMap"},"geometry":{"type":"Point","coordinates":[108.9329502,34.3349767]}},{"type":"Feature","properties":{"node_id":"1928080347","node_origin":"osm_node","degree":3,"is_intersection":true,"source":"OpenStreetMap"},"geometry":{"type":"Point","coordinates":[108.9157803,34.3349597]}},{"type":"Feature","properties":{"node_id":"1928080349","node_origin":"osm_node","degree":4,"is_intersection":true,"source":"OpenStreetMap"},"geometry":{"type":"Point","coordinates":[108.9190989,34.3349753]}},{"type":"Feature","properties":{"node_id":"1928080360","node_origin":"osm_node","degree":2,"is_intersection":false,"source":"OpenStreetMap"},"geometry":{"type":"Point","coordinates":[108.9116661,34.3362929]}},{"type":"Feature","properties":{"node_id":"1928080362","node_origin":"osm_node","degree":1,"is_intersection":false,"source":"OpenStreetMap"},"geometry":{"type":"Point","coordinates":[108.9125918,34.336325]}},{"type":"Feature","properties":{"node_id":"1928080380","node_origin":"osm_node","degree":2,"is_intersection":false,"source":"OpenStreetMap"},"geometry":{"type":"Point","coordinates":[108.9118762,34.3398995]}},{"type":"Feature","properties":{"node_id":"1928080381","node_origin":"osm_node","degree":2,"is_intersection":false,"source":"OpenStreetMap"},"geometry":{"type":"Point","coordinates":[108.9143782,34.3400786]}},{"type":"Feature","properties":{"node_id":"1928080383","node_origin":"osm_node","degree":3,"is_intersection":true,"source":"OpenStreetMap"},"geometry":{"type":"Point","coordinates":[108.9152208,34.3401077]}},{"type":"Feature","properties":{"node_id":"1928080412","node_origin":"osm_node","degree":2,"is_intersection":false,"source":"OpenStreetMap"},"geometry":{"type":"Point","coordinates":[108.9146647,34.3487176]}},{"type":"Feature","properties":{"node_id":"1928080414","node_origin":"osm_node","degree":2,"is_intersection":false,"source":"OpenStreetMap"},"geometry":{"type":"Point","coordinates":[108.9162831,34.3489478]}},{"type":"Feature","properties":{"node_id":"1928080417","node_origin":"osm_node","degree":3,"is_intersection":true,"source":"OpenStreetMap"},"geometry":{"type":"Point","coordinates":[108.9146577,34.3489174]}},{"type":"Feature","properties":{"node_id":"1928080424","node_origin":"osm_node","degree":2,"is_intersection":false,"source":"OpenStreetMap"},"geometry":{"type":"Point","coordinates":[108.9146001,34.3493544]}},{"type":"Feature","properties":{"node_id":"1928080428","node_origin":"osm_node","degree":2,"is_intersection":false,"source":"OpenStreetMap"},"geometry":{"type":"Point","coordinates":[108.9145562,34.3503135]}},{"type":"Feature","properties":{"node_id":"1928080436","node_origin":"osm_node","degree":2,"is_intersection":false,"source":"OpenStreetMap"},"geometry":{"type":"Point","coordinates":[108.9145269,34.351329]}},{"type":"Feature","properties":{"node_id":"1928080446","node_origin":"osm_node","degree":2,"is_intersection":false,"source":"OpenStreetMap"},"geometry":{"type":"Point","coordinates":[108.9145167,34.3522426]}},{"type":"Feature","properties":{"node_id":"1928080455","node_origin":"osm_node","degree":3,"is_intersection":true,"source":"OpenStreetMap"},"geometry":{"type":"Point","coordinates":[108.9139669,34.3529858]}},{"type":"Feature","properties":{"node_id":"1928080457","node_origin":"osm_node","degree":4,"is_intersection":true,"source":"OpenStreetMap"},"geometry":{"type":"Point","coordinates":[108.914516,34.3529781]}},{"type":"Feature","properties":{"node_id":"1928080458","node_origin":"osm_node","degree":4,"is_intersection":true,"source":"OpenStreetMap"},"geometry":{"type":"Point","coordinates":[108.9147567,34.3529795]}},{"type":"Feature","properties":{"node_id":"1928080460","node_origin":"osm_node","degree":2,"is_intersection":false,"source":"OpenStreetMap"},"geometry":{"type":"Point","coordinates":[108.9157369,34.3532648]}},{"type":"Feature","properties":{"node_id":"1928080462","node_origin":"osm_node","degree":2,"is_intersection":false,"source":"OpenStreetMap"},"geometry":{"type":"Point","coordinates":[108.9156709,34.353283]}},{"type":"Feature","properties":{"node_id":"1928080464","node_origin":"osm_node","degree":2,"is_intersection":false,"source":"OpenStreetMap"},"geometry":{"type":"Point","coordinates":[108.9156291,34.3533316]}},{"type":"Feature","properties":{"node_id":"1928080468","node_origin":"osm_node","degree":2,"is_intersection":false,"source":"OpenStreetMap"},"geometry":{"type":"Point","coordinates":[108.9177529,34.3533534]}},{"type":"Feature","properties":{"node_id":"1928080470","node_origin":"osm_node","degree":2,"is_intersection":false,"source":"OpenStreetMap"},"geometry":{"type":"Point","coordinates":[108.9156126,34.3534179]}},{"type":"Feature","properties":{"node_id":"1928080472","node_origin":"osm_node","degree":3,"is_intersection":true,"source":"OpenStreetMap"},"geometry":{"type":"Point","coordinates":[108.9203283,34.3534583]}},{"type":"Feature","properties":{"node_id":"1928080474","node_origin":"osm_node","degree":3,"is_intersection":true,"source":"OpenStreetMap"},"geometry":{"type":"Point","coordinates":[108.9217785,34.353523]}},{"type":"Feature","properties":{"node_id":"1928080476","node_origin":"osm_node","degree":2,"is_intersection":false,"source":"OpenStreetMap"},"geometry":{"type":"Point","coordinates":[108.9235232,34.3536009]}},{"type":"Feature","properties":{"node_id":"1928080478","node_origin":"osm_node","degree":2,"is_intersection":false,"source":"OpenStreetMap"},"geometry":{"type":"Point","coordinates":[108.9245794,34.3536599]}},{"type":"Feature","properties":{"node_id":"1928080480","node_origin":"osm_node","degree":2,"is_intersection":false,"source":"OpenStreetMap"},"geometry":{"type":"Point","coordinates":[108.9144948,34.3536963]}},{"type":"Feature","properties":{"node_id":"1928080482","node_origin":"osm_node","degree":2,"is_intersection":false,"source":"OpenStreetMap"},"geometry":{"type":"Point","coordinates":[108.9140282,34.3550554]}},{"type":"Feature","properties":{"node_id":"1928080486","node_origin":"osm_node","degree":2,"is_intersection":false,"source":"OpenStreetMap"},"geometry":{"type":"Point","coordinates":[108.9246949,34.3537916]}},{"type":"Feature","properties":{"node_id":"1928080488","node_origin":"osm_node","degree":2,"is_intersection":false,"source":"OpenStreetMap"},"geometry":{"type":"Point","coordinates":[108.9247004,34.3540618]}},{"type":"Feature","properties":{"node_id":"1928080490","node_origin":"osm_node","degree":2,"is_intersection":false,"source":"OpenStreetMap"},"geometry":{"type":"Point","coordinates":[108.9147636,34.3541355]}},{"type":"Feature","properties":{"node_id":"1928080492","node_origin":"osm_node","degree":2,"is_intersection":false,"source":"OpenStreetMap"},"geometry":{"type":"Point","coordinates":[108.9217926,34.3542812]}},{"type":"Feature","properties":{"node_id":"1928080495","node_origin":"osm_node","degree":2,"is_intersection":false,"source":"OpenStreetMap"},"geometry":{"type":"Point","coordinates":[108.9145045,34.3543564]}},{"type":"Feature","properties":{"node_id":"1928080497","node_origin":"osm_node","degree":2,"is_intersection":false,"source":"OpenStreetMap"},"geometry":{"type":"Point","coordinates":[108.9203399,34.3544762]}},{"type":"Feature","properties":{"node_id":"1928080499","node_origin":"osm_node","degree":3,"is_intersection":true,"source":"OpenStreetMap"},"geometry":{"type":"Point","coordinates":[108.9129501,34.3549552]}},{"type":"Feature","properties":{"node_id":"1928080501","node_origin":"osm_node","degree":3,"is_intersection":true,"source":"OpenStreetMap"},"geometry":{"type":"Point","coordinates":[108.9138651,34.3550563]}},{"type":"Feature","properties":{"node_id":"1928080503","node_origin":"osm_node","degree":3,"is_intersection":true,"source":"OpenStreetMap"},"geometry":{"type":"Point","coordinates":[108.914534,34.3550635]}},{"type":"Feature","properties":{"node_id":"1928080505","node_origin":"osm_node","degree":2,"is_intersection":false,"source":"OpenStreetMap"},"geometry":{"type":"Point","coordinates":[108.9157117,34.3552344]}},{"type":"Feature","properties":{"node_id":"1928080510","node_origin":"osm_node","degree":2,"is_intersection":false,"source":"OpenStreetMap"},"geometry":{"type":"Point","coordinates":[108.9247176,34.3558707]}},{"type":"Feature","properties":{"node_id":"1928080512","node_origin":"osm_node","degree":2,"is_intersection":false,"source":"OpenStreetMap"},"geometry":{"type":"Point","coordinates":[108.9148212,34.3560675]}},{"type":"Feature","properties":{"node_id":"1928080516","node_origin":"osm_node","degree":2,"is_intersection":false,"source":"OpenStreetMap"},"geometry":{"type":"Point","coordinates":[108.9145622,34.3567487]}},{"type":"Feature","properties":{"node_id":"1928080518","node_origin":"osm_node","degree":2,"is_intersection":false,"source":"OpenStreetMap"},"geometry":{"type":"Point","coordinates":[108.9247332,34.3573124]}},{"type":"Feature","properties":{"node_id":"1928080520","node_origin":"osm_node","degree":2,"is_intersection":false,"source":"OpenStreetMap"},"geometry":{"type":"Point","coordinates":[108.9247098,34.3574216]}},{"type":"Feature","properties":{"node_id":"1928080522","node_origin":"osm_node","degree":2,"is_intersection":false,"source":"OpenStreetMap"},"geometry":{"type":"Point","coordinates":[108.9246009,34.3574601]}},{"type":"Feature","properties":{"node_id":"1928080525","node_origin":"osm_node","degree":3,"is_intersection":true,"source":"OpenStreetMap"},"geometry":{"type":"Point","coordinates":[108.9218004,34.3574634]}},{"type":"Feature","properties":{"node_id":"1928080529","node_origin":"osm_node","degree":4,"is_intersection":true,"source":"OpenStreetMap"},"geometry":{"type":"Point","coordinates":[108.920328,34.3577048]}},{"type":"Feature","properties":{"node_id":"1928080531","node_origin":"osm_node","degree":4,"is_intersection":true,"source":"OpenStreetMap"},"geometry":{"type":"Point","coordinates":[108.9217952,34.3577104]}},{"type":"Feature","properties":{"node_id":"1928080533","node_origin":"osm_node","degree":3,"is_intersection":true,"source":"OpenStreetMap"},"geometry":{"type":"Point","coordinates":[108.9158217,34.3577138]}},{"type":"Feature","properties":{"node_id":"1928080535","node_origin":"osm_node","degree":3,"is_intersection":true,"source":"OpenStreetMap"},"geometry":{"type":"Point","coordinates":[108.9251308,34.357726]}},{"type":"Feature","properties":{"node_id":"1928080538","node_origin":"osm_node","degree":2,"is_intersection":false,"source":"OpenStreetMap"},"geometry":{"type":"Point","coordinates":[108.9149286,34.3583407]}},{"type":"Feature","properties":{"node_id":"1928080545","node_origin":"osm_node","degree":3,"is_intersection":true,"source":"OpenStreetMap"},"geometry":{"type":"Point","coordinates":[108.9159158,34.3592349]}},{"type":"Feature","properties":{"node_id":"1928080548","node_origin":"osm_node","degree":4,"is_intersection":true,"source":"OpenStreetMap"},"geometry":{"type":"Point","coordinates":[108.9203219,34.3593756]}},{"type":"Feature","properties":{"node_id":"1928080550","node_origin":"osm_node","degree":3,"is_intersection":true,"source":"OpenStreetMap"},"geometry":{"type":"Point","coordinates":[108.921773,34.3594345]}},{"type":"Feature","properties":{"node_id":"1928080553","node_origin":"osm_node","degree":3,"is_intersection":true,"source":"OpenStreetMap"},"geometry":{"type":"Point","coordinates":[108.9227819,34.3594476]}},{"type":"Feature","properties":{"node_id":"1928080556","node_origin":"osm_node","degree":2,"is_intersection":false,"source":"OpenStreetMap"},"geometry":{"type":"Point","coordinates":[108.9159291,34.3599157]}},{"type":"Feature","properties":{"node_id":"1928080559","node_origin":"osm_node","degree":2,"is_intersection":false,"source":"OpenStreetMap"},"geometry":{"type":"Point","coordinates":[108.9159019,34.3603395]}},{"type":"Feature","properties":{"node_id":"1928080565","node_origin":"osm_node","degree":2,"is_intersection":false,"source":"OpenStreetMap"},"geometry":{"type":"Point","coordinates":[108.9159174,34.3604326]}},{"type":"Feature","properties":{"node_id":"1928080580","node_origin":"osm_node","degree":2,"is_intersection":false,"source":"OpenStreetMap"},"geometry":{"type":"Point","coordinates":[108.9160147,34.3605418]}},{"type":"Feature","properties":{"node_id":"1928080605","node_origin":"osm_node","degree":2,"is_intersection":false,"source":"OpenStreetMap"},"geometry":{"type":"Point","coordinates":[108.9143065,34.3608545]}},{"type":"Feature","properties":{"node_id":"1928080622","node_origin":"osm_node","degree":2,"is_intersection":false,"source":"OpenStreetMap"},"geometry":{"type":"Point","coordinates":[108.9166448,34.3610267]}},{"type":"Feature","properties":{"node_id":"1928080660","node_origin":"osm_node","degree":2,"is_intersection":false,"source":"OpenStreetMap"},"geometry":{"type":"Point","coordinates":[108.9152921,34.3616643]}},{"type":"Feature","properties":{"node_id":"1928080682","node_origin":"osm_node","degree":2,"is_intersection":false,"source":"OpenStreetMap"},"geometry":{"type":"Point","coordinates":[108.9171777,34.3618101]}},{"type":"Feature","properties":{"node_id":"1928080700","node_origin":"osm_node","degree":3,"is_intersection":true,"source":"OpenStreetMap"},"geometry":{"type":"Point","coordinates":[108.9203205,34.3621248]}},{"type":"Feature","properties":{"node_id":"1928080703","node_origin":"osm_node","degree":3,"is_intersection":true,"source":"OpenStreetMap"},"geometry":{"type":"Point","coordinates":[108.922771,34.3621473]}},{"type":"Feature","properties":{"node_id":"1928080706","node_origin":"osm_node","degree":3,"is_intersection":true,"source":"OpenStreetMap"},"geometry":{"type":"Point","coordinates":[108.9172671,34.3621505]}},{"type":"Feature","properties":{"node_id":"1928080721","node_origin":"osm_node","degree":2,"is_intersection":false,"source":"OpenStreetMap"},"geometry":{"type":"Point","coordinates":[108.9173177,34.3624298]}},{"type":"Feature","properties":{"node_id":"1928080723","node_origin":"osm_node","degree":2,"is_intersection":false,"source":"OpenStreetMap"},"geometry":{"type":"Point","coordinates":[108.9177767,34.362889]}},{"type":"Feature","properties":{"node_id":"1928080726","node_origin":"osm_node","degree":2,"is_intersection":false,"source":"OpenStreetMap"},"geometry":{"type":"Point","coordinates":[108.9190058,34.3633353]}},{"type":"Feature","properties":{"node_id":"1928080765","node_origin":"osm_node","degree":2,"is_intersection":false,"source":"OpenStreetMap"},"geometry":{"type":"Point","coordinates":[108.9144061,34.3638607]}},{"type":"Feature","properties":{"node_id":"1928080769","node_origin":"osm_node","degree":2,"is_intersection":false,"source":"OpenStreetMap"},"geometry":{"type":"Point","coordinates":[108.9215146,34.3641123]}},{"type":"Feature","properties":{"node_id":"1928080771","node_origin":"osm_node","degree":2,"is_intersection":false,"source":"OpenStreetMap"},"geometry":{"type":"Point","coordinates":[108.9227749,34.3642728]}},{"type":"Feature","properties":{"node_id":"1928080773","node_origin":"osm_node","degree":2,"is_intersection":false,"source":"OpenStreetMap"},"geometry":{"type":"Point","coordinates":[108.9222886,34.3643113]}},{"type":"Feature","properties":{"node_id":"1928080779","node_origin":"osm_node","degree":2,"is_intersection":false,"source":"OpenStreetMap"},"geometry":{"type":"Point","coordinates":[108.9227476,34.3643916]}},{"type":"Feature","properties":{"node_id":"1928080794","node_origin":"osm_node","degree":2,"is_intersection":false,"source":"OpenStreetMap"},"geometry":{"type":"Point","coordinates":[108.9154155,34.3646386]}},{"type":"Feature","properties":{"node_id":"1928084878","node_origin":"osm_node","degree":2,"is_intersection":false,"source":"OpenStreetMap"},"geometry":{"type":"Point","coordinates":[108.9317454,34.3536283]}},{"type":"Feature","properties":{"node_id":"1928084880","node_origin":"osm_node","degree":2,"is_intersection":false,"source":"OpenStreetMap"},"geometry":{"type":"Point","coordinates":[108.942464,34.3539415]}},{"type":"Feature","properties":{"node_id":"1928084886","node_origin":"osm_node","degree":2,"is_intersection":false,"source":"OpenStreetMap"},"geometry":{"type":"Point","coordinates":[108.9109192,34.3641187]}},{"type":"Feature","properties":{"node_id":"1928098229","node_origin":"osm_node","degree":2,"is_intersection":false,"source":"OpenStreetMap"},"geometry":{"type":"Point","coordinates":[108.9138903,34.3664156]}},{"type":"Feature","properties":{"node_id":"1928098231","node_origin":"osm_node","degree":2,"is_intersection":false,"source":"OpenStreetMap"},"geometry":{"type":"Point","coordinates":[108.9136865,34.3665075]}},{"type":"Feature","properties":{"node_id":"1934927473","node_origin":"osm_node","degree":3,"is_intersection":true,"source":"OpenStreetMap"},"geometry":{"type":"Point","coordinates":[108.9420424,34.3600601]}},{"type":"Feature","properties":{"node_id":"1934931649","node_origin":"osm_node","degree":2,"is_intersection":false,"source":"OpenStreetMap"},"geometry":{"type":"Point","coordinates":[108.9577352,34.3540966]}},{"type":"Feature","properties":{"node_id":"1934931651","node_origin":"osm_node","degree":4,"is_intersection":true,"source":"OpenStreetMap"},"geometry":{"type":"Point","coordinates":[108.9577261,34.3600339]}},{"type":"Feature","properties":{"node_id":"1934931652","node_origin":"osm_node","degree":3,"is_intersection":true,"source":"OpenStreetMap"},"geometry":{"type":"Point","coordinates":[108.9577118,34.3623639]}},{"type":"Feature","properties":{"node_id":"1934931655","node_origin":"osm_node","degree":3,"is_intersection":true,"source":"OpenStreetMap"},"geometry":{"type":"Point","coordinates":[108.9579158,34.3525191]}},{"type":"Feature","properties":{"node_id":"1934931660","node_origin":"osm_node","degree":2,"is_intersection":false,"source":"OpenStreetMap"},"geometry":{"type":"Point","coordinates":[108.9514764,34.3577238]}},{"type":"Feature","properties":{"node_id":"1934931661","node_origin":"osm_node","degree":4,"is_intersection":true,"source":"OpenStreetMap"},"geometry":{"type":"Point","coordinates":[108.9578889,34.3539403]}},{"type":"Feature","properties":{"node_id":"1934931676","node_origin":"osm_node","degree":2,"is_intersection":false,"source":"OpenStreetMap"},"geometry":{"type":"Point","coordinates":[108.960968,34.3576804]}},{"type":"Feature","properties":{"node_id":"1934931685","node_origin":"osm_node","degree":4,"is_intersection":true,"source":"OpenStreetMap"},"geometry":{"type":"Point","coordinates":[108.9556443,34.3525331]}},{"type":"Feature","properties":{"node_id":"1934931686","node_origin":"osm_node","degree":2,"is_intersection":false,"source":"OpenStreetMap"},"geometry":{"type":"Point","coordinates":[108.9510912,34.3627663]}},{"type":"Feature","properties":{"node_id":"1934931687","node_origin":"osm_node","degree":2,"is_intersection":false,"source":"OpenStreetMap"},"geometry":{"type":"Point","coordinates":[108.9608355,34.3576262]}},{"type":"Feature","properties":{"node_id":"1934931691","node_origin":"osm_node","degree":2,"is_intersection":false,"source":"OpenStreetMap"},"geometry":{"type":"Point","coordinates":[108.9535938,34.3654507]}},{"type":"Feature","properties":{"node_id":"1934931692","node_origin":"osm_node","degree":2,"is_intersection":false,"source":"OpenStreetMap"},"geometry":{"type":"Point","coordinates":[108.9608355,34.358069]}},{"type":"Feature","properties":{"node_id":"1934931693","node_origin":"osm_node","degree":3,"is_intersection":true,"source":"OpenStreetMap"},"geometry":{"type":"Point","coordinates":[108.9612309,34.3553375]}},{"type":"Feature","properties":{"node_id":"1934931698","node_origin":"osm_node","degree":2,"is_intersection":false,"source":"OpenStreetMap"},"geometry":{"type":"Point","coordinates":[108.9631349,34.362389]}},{"type":"Feature","properties":{"node_id":"1934931700","node_origin":"osm_node","degree":2,"is_intersection":false,"source":"OpenStreetMap"},"geometry":{"type":"Point","coordinates":[108.9533557,34.3658038]}},{"type":"Feature","properties":{"node_id":"1934931716","node_origin":"osm_node","degree":2,"is_intersection":false,"source":"OpenStreetMap"},"geometry":{"type":"Point","coordinates":[108.960978,34.3580627]}},{"type":"Feature","properties":{"node_id":"1934931723","node_origin":"osm_node","degree":2,"is_intersection":false,"source":"OpenStreetMap"},"geometry":{"type":"Point","coordinates":[108.9512019,34.363101]}},{"type":"Feature","properties":{"node_id":"1934931724","node_origin":"osm_node","degree":2,"is_intersection":false,"source":"OpenStreetMap"},"geometry":{"type":"Point","coordinates":[108.9513461,34.3593218]}},{"type":"Feature","properties":{"node_id":"1934931727","node_origin":"osm_node","degree":2,"is_intersection":false,"source":"OpenStreetMap"},"geometry":{"type":"Point","coordinates":[108.9529595,34.3663451]}},{"type":"Feature","properties":{"node_id":"1934931729","node_origin":"osm_node","degree":2,"is_intersection":false,"source":"OpenStreetMap"},"geometry":{"type":"Point","coordinates":[108.9537725,34.3651044]}},{"type":"Feature","properties":{"node_id":"1934931731","node_origin":"osm_node","degree":2,"is_intersection":false,"source":"OpenStreetMap"},"geometry":{"type":"Point","coordinates":[108.9536857,34.3648637]}},{"type":"Feature","properties":{"node_id":"1934931733","node_origin":"osm_node","degree":2,"is_intersection":false,"source":"OpenStreetMap"},"geometry":{"type":"Point","coordinates":[108.9511423,34.3616737]}},{"type":"Feature","properties":{"node_id":"1934931735","node_origin":"osm_node","degree":3,"is_intersection":true,"source":"OpenStreetMap"},"geometry":{"type":"Point","coordinates":[108.9607825,34.3525015]}},{"type":"Feature","properties":{"node_id":"1934931737","node_origin":"osm_node","degree":4,"is_intersection":true,"source":"OpenStreetMap"},"geometry":{"type":"Point","coordinates":[108.9631407,34.3553355]}},{"type":"Feature","properties":{"node_id":"1934931741","node_origin":"osm_node","degree":2,"is_intersection":false,"source":"OpenStreetMap"},"geometry":{"type":"Point","coordinates":[108.9521873,34.3640734]}},{"type":"Feature","properties":{"node_id":"1934931743","node_origin":"osm_node","degree":2,"is_intersection":false,"source":"OpenStreetMap"},"geometry":{"type":"Point","coordinates":[108.9532187,34.3644343]}},{"type":"Feature","properties":{"node_id":"1934931760","node_origin":"osm_node","degree":4,"is_intersection":true,"source":"OpenStreetMap"},"geometry":{"type":"Point","coordinates":[108.9608667,34.3623765]}},{"type":"Feature","properties":{"node_id":"1934931761","node_origin":"osm_node","degree":2,"is_intersection":false,"source":"OpenStreetMap"},"geometry":{"type":"Point","coordinates":[108.9517655,34.363802]}},{"type":"Feature","properties":{"node_id":"1934931762","node_origin":"osm_node","degree":4,"is_intersection":true,"source":"OpenStreetMap"},"geometry":{"type":"Point","coordinates":[108.9577226,34.3553405]}},{"type":"Feature","properties":{"node_id":"1934931764","node_origin":"osm_node","degree":2,"is_intersection":false,"source":"OpenStreetMap"},"geometry":{"type":"Point","coordinates":[108.9514453,34.358319]}},{"type":"Feature","properties":{"node_id":"1934931766","node_origin":"osm_node","degree":2,"is_intersection":false,"source":"OpenStreetMap"},"geometry":{"type":"Point","coordinates":[108.9535142,34.3646284]}},{"type":"Feature","properties":{"node_id":"1934931767","node_origin":"osm_node","degree":2,"is_intersection":false,"source":"OpenStreetMap"},"geometry":{"type":"Point","coordinates":[108.9612255,34.3570624]}},{"type":"Feature","properties":{"node_id":"1934931769","node_origin":"osm_node","degree":2,"is_intersection":false,"source":"OpenStreetMap"},"geometry":{"type":"Point","coordinates":[108.9514799,34.3635285]}},{"type":"Feature","properties":{"node_id":"1934931770","node_origin":"osm_node","degree":3,"is_intersection":true,"source":"OpenStreetMap"},"geometry":{"type":"Point","coordinates":[108.9608371,34.357319]}},{"type":"Feature","properties":{"node_id":"1934931771","node_origin":"osm_node","degree":2,"is_intersection":false,"source":"OpenStreetMap"},"geometry":{"type":"Point","coordinates":[108.9608677,34.3622583]}},{"type":"Feature","properties":{"node_id":"1934931774","node_origin":"osm_node","degree":2,"is_intersection":false,"source":"OpenStreetMap"},"geometry":{"type":"Point","coordinates":[108.9510589,34.3623158]}},{"type":"Feature","properties":{"node_id":"1934931778","node_origin":"osm_node","degree":1,"is_intersection":false,"source":"OpenStreetMap"},"geometry":{"type":"Point","coordinates":[108.9608554,34.3636961]}},{"type":"Feature","properties":{"node_id":"1934931780","node_origin":"osm_node","degree":2,"is_intersection":false,"source":"OpenStreetMap"},"geometry":{"type":"Point","coordinates":[108.95494,34.3623783]}},{"type":"Feature","properties":{"node_id":"2298244311","node_origin":"osm_node","degree":2,"is_intersection":false,"source":"OpenStreetMap"},"geometry":{"type":"Point","coordinates":[108.9136715,34.3283371]}},{"type":"Feature","properties":{"node_id":"2298244312","node_origin":"osm_node","degree":2,"is_intersection":false,"source":"OpenStreetMap"},"geometry":{"type":"Point","coordinates":[108.9139297,34.3283502]}},{"type":"Feature","properties":{"node_id":"2298244350","node_origin":"osm_node","degree":4,"is_intersection":true,"source":"OpenStreetMap"},"geometry":{"type":"Point","coordinates":[108.9424834,34.3388567]}},{"type":"Feature","properties":{"node_id":"2298244365","node_origin":"osm_node","degree":2,"is_intersection":false,"source":"OpenStreetMap"},"geometry":{"type":"Point","coordinates":[108.9145386,34.3400893]}},{"type":"Feature","properties":{"node_id":"2298244367","node_origin":"osm_node","degree":2,"is_intersection":false,"source":"OpenStreetMap"},"geometry":{"type":"Point","coordinates":[108.9424544,34.3405917]}},{"type":"Feature","properties":{"node_id":"2298244404","node_origin":"osm_node","degree":4,"is_intersection":true,"source":"OpenStreetMap"},"geometry":{"type":"Point","coordinates":[108.914455,34.3459582]}},{"type":"Feature","properties":{"node_id":"2298244405","node_origin":"osm_node","degree":2,"is_intersection":false,"source":"OpenStreetMap"},"geometry":{"type":"Point","coordinates":[108.9146623,34.3459755]}},{"type":"Feature","properties":{"node_id":"2298244418","node_origin":"osm_node","degree":2,"is_intersection":false,"source":"OpenStreetMap"},"geometry":{"type":"Point","coordinates":[108.91415,34.3529902]}},{"type":"Feature","properties":{"node_id":"2298244420","node_origin":"osm_node","degree":2,"is_intersection":false,"source":"OpenStreetMap"},"geometry":{"type":"Point","coordinates":[108.9141727,34.3550589]}},{"type":"Feature","properties":{"node_id":"2298244424","node_origin":"osm_node","degree":2,"is_intersection":false,"source":"OpenStreetMap"},"geometry":{"type":"Point","coordinates":[108.9137696,34.3591626]}},{"type":"Feature","properties":{"node_id":"2298244425","node_origin":"osm_node","degree":2,"is_intersection":false,"source":"OpenStreetMap"},"geometry":{"type":"Point","coordinates":[108.9140337,34.3591646]}},{"type":"Feature","properties":{"node_id":"2299187106","node_origin":"osm_node","degree":2,"is_intersection":false,"source":"OpenStreetMap"},"geometry":{"type":"Point","coordinates":[108.9672936,34.3418547]}},{"type":"Feature","properties":{"node_id":"2299187110","node_origin":"osm_node","degree":2,"is_intersection":false,"source":"OpenStreetMap"},"geometry":{"type":"Point","coordinates":[108.9675815,34.3422576]}},{"type":"Feature","properties":{"node_id":"2299187114","node_origin":"osm_node","degree":4,"is_intersection":true,"source":"OpenStreetMap"},"geometry":{"type":"Point","coordinates":[108.9557531,34.3425171]}},{"type":"Feature","properties":{"node_id":"2299187115","node_origin":"osm_node","degree":2,"is_intersection":false,"source":"OpenStreetMap"},"geometry":{"type":"Point","coordinates":[108.9452023,34.342509]}},{"type":"Feature","properties":{"node_id":"2299187116","node_origin":"osm_node","degree":2,"is_intersection":false,"source":"OpenStreetMap"},"geometry":{"type":"Point","coordinates":[108.9275233,34.3425865]}},{"type":"Feature","properties":{"node_id":"2299187118","node_origin":"osm_node","degree":2,"is_intersection":false,"source":"OpenStreetMap"},"geometry":{"type":"Point","coordinates":[108.9269582,34.3426204]}},{"type":"Feature","properties":{"node_id":"2299187150","node_origin":"osm_node","degree":2,"is_intersection":false,"source":"OpenStreetMap"},"geometry":{"type":"Point","coordinates":[108.9251539,34.3457718]}},{"type":"Feature","properties":{"node_id":"2402915261","node_origin":"osm_node","degree":4,"is_intersection":true,"source":"OpenStreetMap"},"geometry":{"type":"Point","coordinates":[108.9556638,34.3279659]}},{"type":"Feature","properties":{"node_id":"2402915265","node_origin":"osm_node","degree":3,"is_intersection":true,"source":"OpenStreetMap"},"geometry":{"type":"Point","coordinates":[108.9169353,34.3245619]}},{"type":"Feature","properties":{"node_id":"2402915266","node_origin":"osm_node","degree":4,"is_intersection":true,"source":"OpenStreetMap"},"geometry":{"type":"Point","coordinates":[108.9607991,34.3313065]}},{"type":"Feature","properties":{"node_id":"2402915267","node_origin":"osm_node","degree":4,"is_intersection":true,"source":"OpenStreetMap"},"geometry":{"type":"Point","coordinates":[108.9424797,34.3236133]}},{"type":"Feature","properties":{"node_id":"2402915274","node_origin":"osm_node","degree":4,"is_intersection":true,"source":"OpenStreetMap"},"geometry":{"type":"Point","coordinates":[108.9582513,34.3235915]}},{"type":"Feature","properties":{"node_id":"2402915285","node_origin":"osm_node","degree":4,"is_intersection":true,"source":"OpenStreetMap"},"geometry":{"type":"Point","coordinates":[108.9426702,34.3236106]}},{"type":"Feature","properties":{"node_id":"2402915290","node_origin":"osm_node","degree":3,"is_intersection":true,"source":"OpenStreetMap"},"geometry":{"type":"Point","coordinates":[108.9636971,34.331275]}},{"type":"Feature","properties":{"node_id":"2402915294","node_origin":"osm_node","degree":4,"is_intersection":true,"source":"OpenStreetMap"},"geometry":{"type":"Point","coordinates":[108.9329655,34.3239817]}},{"type":"Feature","properties":{"node_id":"2402915300","node_origin":"osm_node","degree":2,"is_intersection":false,"source":"OpenStreetMap"},"geometry":{"type":"Point","coordinates":[108.9408226,34.3236612]}},{"type":"Feature","properties":{"node_id":"2402915301","node_origin":"osm_node","degree":4,"is_intersection":true,"source":"OpenStreetMap"},"geometry":{"type":"Point","coordinates":[108.9556632,34.3313273]}},{"type":"Feature","properties":{"node_id":"2402915303","node_origin":"osm_node","degree":2,"is_intersection":false,"source":"OpenStreetMap"},"geometry":{"type":"Point","coordinates":[108.9285854,34.3241222]}},{"type":"Feature","properties":{"node_id":"2402915304","node_origin":"osm_node","degree":2,"is_intersection":false,"source":"OpenStreetMap"},"geometry":{"type":"Point","coordinates":[108.9646329,34.3236103]}},{"type":"Feature","properties":{"node_id":"2402915307","node_origin":"osm_node","degree":4,"is_intersection":true,"source":"OpenStreetMap"},"geometry":{"type":"Point","coordinates":[108.9523413,34.3279844]}},{"type":"Feature","properties":{"node_id":"2402915318","node_origin":"osm_node","degree":4,"is_intersection":true,"source":"OpenStreetMap"},"geometry":{"type":"Point","coordinates":[108.9424757,34.3279817]}},{"type":"Feature","properties":{"node_id":"2402915322","node_origin":"osm_node","degree":4,"is_intersection":true,"source":"OpenStreetMap"},"geometry":{"type":"Point","coordinates":[108.966764,34.3310681]}},{"type":"Feature","properties":{"node_id":"2402915332","node_origin":"osm_node","degree":4,"is_intersection":true,"source":"OpenStreetMap"},"geometry":{"type":"Point","coordinates":[108.952335,34.3235989]}},{"type":"Feature","properties":{"node_id":"2402915335","node_origin":"osm_node","degree":2,"is_intersection":false,"source":"OpenStreetMap"},"geometry":{"type":"Point","coordinates":[108.9219657,34.3243865]}},{"type":"Feature","properties":{"node_id":"2402915337","node_origin":"osm_node","degree":4,"is_intersection":true,"source":"OpenStreetMap"},"geometry":{"type":"Point","coordinates":[108.9490635,34.3235974]}},{"type":"Feature","properties":{"node_id":"2402915338","node_origin":"osm_node","degree":4,"is_intersection":true,"source":"OpenStreetMap"},"geometry":{"type":"Point","coordinates":[108.966773,34.3236073]}},{"type":"Feature","properties":{"node_id":"2402915339","node_origin":"osm_node","degree":4,"is_intersection":true,"source":"OpenStreetMap"},"geometry":{"type":"Point","coordinates":[108.9251786,34.3242622]}},{"type":"Feature","properties":{"node_id":"2402915341","node_origin":"osm_node","degree":3,"is_intersection":true,"source":"OpenStreetMap"},"geometry":{"type":"Point","coordinates":[108.937619,34.3237908]}},{"type":"Feature","properties":{"node_id":"2407565798","node_origin":"osm_node","degree":2,"is_intersection":false,"source":"OpenStreetMap"},"geometry":{"type":"Point","coordinates":[108.9556921,34.3178048]}},{"type":"Feature","properties":{"node_id":"2407573731","node_origin":"osm_node","degree":2,"is_intersection":false,"source":"OpenStreetMap"},"geometry":{"type":"Point","coordinates":[108.9507292,34.3285393]}},{"type":"Feature","properties":{"node_id":"2407573734","node_origin":"osm_node","degree":4,"is_intersection":true,"source":"OpenStreetMap"},"geometry":{"type":"Point","coordinates":[108.9460506,34.3250176]}},{"type":"Feature","properties":{"node_id":"2407573736","node_origin":"osm_node","degree":2,"is_intersection":false,"source":"OpenStreetMap"},"geometry":{"type":"Point","coordinates":[108.9441632,34.3251414]}},{"type":"Feature","properties":{"node_id":"2407573738","node_origin":"osm_node","degree":1,"is_intersection":false,"source":"OpenStreetMap"},"geometry":{"type":"Point","coordinates":[108.94603,34.3241978]}},{"type":"Feature","properties":{"node_id":"2407573739","node_origin":"osm_node","degree":2,"is_intersection":false,"source":"OpenStreetMap"},"geometry":{"type":"Point","coordinates":[108.9503036,34.3290414]}},{"type":"Feature","properties":{"node_id":"2407573741","node_origin":"osm_node","degree":3,"is_intersection":true,"source":"OpenStreetMap"},"geometry":{"type":"Point","coordinates":[108.9582785,34.3191867]}},{"type":"Feature","properties":{"node_id":"2407573743","node_origin":"osm_node","degree":2,"is_intersection":false,"source":"OpenStreetMap"},"geometry":{"type":"Point","coordinates":[108.9495544,34.3293678]}},{"type":"Feature","properties":{"node_id":"2407573745","node_origin":"osm_node","degree":2,"is_intersection":false,"source":"OpenStreetMap"},"geometry":{"type":"Point","coordinates":[108.9508794,34.326187]}},{"type":"Feature","properties":{"node_id":"2407573747","node_origin":"osm_node","degree":2,"is_intersection":false,"source":"OpenStreetMap"},"geometry":{"type":"Point","coordinates":[108.9440827,34.3252965]}},{"type":"Feature","properties":{"node_id":"2407573749","node_origin":"osm_node","degree":3,"is_intersection":true,"source":"OpenStreetMap"},"geometry":{"type":"Point","coordinates":[108.9456441,34.3279662]}},{"type":"Feature","properties":{"node_id":"2407573751","node_origin":"osm_node","degree":2,"is_intersection":false,"source":"OpenStreetMap"},"geometry":{"type":"Point","coordinates":[108.9508258,34.3277508]}},{"type":"Feature","properties":{"node_id":"2407573753","node_origin":"osm_node","degree":3,"is_intersection":true,"source":"OpenStreetMap"},"geometry":{"type":"Point","coordinates":[108.9474784,34.3265635]}},{"type":"Feature","properties":{"node_id":"2407573755","node_origin":"osm_node","degree":2,"is_intersection":false,"source":"OpenStreetMap"},"geometry":{"type":"Point","coordinates":[108.9493935,34.3265591]}},{"type":"Feature","properties":{"node_id":"2407573757","node_origin":"osm_node","degree":2,"is_intersection":false,"source":"OpenStreetMap"},"geometry":{"type":"Point","coordinates":[108.9504985,34.327135]}},{"type":"Feature","properties":{"node_id":"2407573759","node_origin":"osm_node","degree":1,"is_intersection":false,"source":"OpenStreetMap"},"geometry":{"type":"Point","coordinates":[108.9440666,34.3254028]}},{"type":"Feature","properties":{"node_id":"2407573761","node_origin":"osm_node","degree":2,"is_intersection":false,"source":"OpenStreetMap"},"geometry":{"type":"Point","coordinates":[108.9445387,34.3250174]}},{"type":"Feature","properties":{"node_id":"2407573763","node_origin":"osm_node","degree":2,"is_intersection":false,"source":"OpenStreetMap"},"geometry":{"type":"Point","coordinates":[108.9462446,34.3294431]}},{"type":"Feature","properties":{"node_id":"2407573765","node_origin":"osm_node","degree":2,"is_intersection":false,"source":"OpenStreetMap"},"geometry":{"type":"Point","coordinates":[108.9507399,34.3274894]}},{"type":"Feature","properties":{"node_id":"2407573767","node_origin":"osm_node","degree":3,"is_intersection":true,"source":"OpenStreetMap"},"geometry":{"type":"Point","coordinates":[108.947482,34.3235974]}},{"type":"Feature","properties":{"node_id":"2407573769","node_origin":"osm_node","degree":1,"is_intersection":false,"source":"OpenStreetMap"},"geometry":{"type":"Point","coordinates":[108.9488892,34.3250218]}},{"type":"Feature","properties":{"node_id":"2407573770","node_origin":"osm_node","degree":4,"is_intersection":true,"source":"OpenStreetMap"},"geometry":{"type":"Point","coordinates":[108.9490713,34.3265545]}},{"type":"Feature","properties":{"node_id":"2407573771","node_origin":"osm_node","degree":4,"is_intersection":true,"source":"OpenStreetMap"},"geometry":{"type":"Point","coordinates":[108.9490733,34.3279937]}},{"type":"Feature","properties":{"node_id":"2407573772","node_origin":"osm_node","degree":1,"is_intersection":false,"source":"OpenStreetMap"},"geometry":{"type":"Point","coordinates":[108.9445551,34.3257189]}},{"type":"Feature","properties":{"node_id":"2407573774","node_origin":"osm_node","degree":3,"is_intersection":true,"source":"OpenStreetMap"},"geometry":{"type":"Point","coordinates":[108.9456258,34.3294643]}},{"type":"Feature","properties":{"node_id":"2407573775","node_origin":"osm_node","degree":3,"is_intersection":true,"source":"OpenStreetMap"},"geometry":{"type":"Point","coordinates":[108.95047,34.3289055]}},{"type":"Feature","properties":{"node_id":"2407573776","node_origin":"osm_node","degree":4,"is_intersection":true,"source":"OpenStreetMap"},"geometry":{"type":"Point","coordinates":[108.9508446,34.3279782]}},{"type":"Feature","properties":{"node_id":"2407573777","node_origin":"osm_node","degree":3,"is_intersection":true,"source":"OpenStreetMap"},"geometry":{"type":"Point","coordinates":[108.9501767,34.3268249]}},{"type":"Feature","properties":{"node_id":"2407573778","node_origin":"osm_node","degree":2,"is_intersection":false,"source":"OpenStreetMap"},"geometry":{"type":"Point","coordinates":[108.9498629,34.3292714]}},{"type":"Feature","properties":{"node_id":"2407573779","node_origin":"osm_node","degree":4,"is_intersection":true,"source":"OpenStreetMap"},"geometry":{"type":"Point","coordinates":[108.9490734,34.3294678]}},{"type":"Feature","properties":{"node_id":"2407573780","node_origin":"osm_node","degree":3,"is_intersection":true,"source":"OpenStreetMap"},"geometry":{"type":"Point","coordinates":[108.9490604,34.3204491]}},{"type":"Feature","properties":{"node_id":"2407573781","node_origin":"osm_node","degree":2,"is_intersection":false,"source":"OpenStreetMap"},"geometry":{"type":"Point","coordinates":[108.950815,34.3282691]}},{"type":"Feature","properties":{"node_id":"2407573782","node_origin":"osm_node","degree":3,"is_intersection":true,"source":"OpenStreetMap"},"geometry":{"type":"Point","coordinates":[108.9456348,34.3313369]}},{"type":"Feature","properties":{"node_id":"2407573783","node_origin":"osm_node","degree":4,"is_intersection":true,"source":"OpenStreetMap"},"geometry":{"type":"Point","coordinates":[108.9474859,34.3250192]}},{"type":"Feature","properties":{"node_id":"2407573784","node_origin":"osm_node","degree":2,"is_intersection":false,"source":"OpenStreetMap"},"geometry":{"type":"Point","coordinates":[108.9496617,34.3266078]}},{"type":"Feature","properties":{"node_id":"2407573785","node_origin":"osm_node","degree":2,"is_intersection":false,"source":"OpenStreetMap"},"geometry":{"type":"Point","coordinates":[108.9460729,34.3265591]}},{"type":"Feature","properties":{"node_id":"2407573786","node_origin":"osm_node","degree":2,"is_intersection":false,"source":"OpenStreetMap"},"geometry":{"type":"Point","coordinates":[108.9443241,34.3250484]}},{"type":"Feature","properties":{"node_id":"2407573787","node_origin":"osm_node","degree":3,"is_intersection":true,"source":"OpenStreetMap"},"geometry":{"type":"Point","coordinates":[108.9523277,34.3262148]}},{"type":"Feature","properties":{"node_id":"2407584877","node_origin":"osm_node","degree":2,"is_intersection":false,"source":"OpenStreetMap"},"geometry":{"type":"Point","coordinates":[108.9369343,34.3218453]}},{"type":"Feature","properties":{"node_id":"2407584878","node_origin":"osm_node","degree":3,"is_intersection":true,"source":"OpenStreetMap"},"geometry":{"type":"Point","coordinates":[108.936954,34.3218453]}},{"type":"Feature","properties":{"node_id":"2407584880","node_origin":"osm_node","degree":3,"is_intersection":true,"source":"OpenStreetMap"},"geometry":{"type":"Point","coordinates":[108.9369367,34.323817]}},{"type":"Feature","properties":{"node_id":"2407584882","node_origin":"osm_node","degree":2,"is_intersection":false,"source":"OpenStreetMap"},"geometry":{"type":"Point","coordinates":[108.9329765,34.321844]}},{"type":"Feature","properties":{"node_id":"2407584884","node_origin":"osm_node","degree":3,"is_intersection":true,"source":"OpenStreetMap"},"geometry":{"type":"Point","coordinates":[108.9369522,34.3193842]}},{"type":"Feature","properties":{"node_id":"2407585180","node_origin":"osm_node","degree":1,"is_intersection":false,"source":"OpenStreetMap"},"geometry":{"type":"Point","coordinates":[108.9376347,34.3252389]}},{"type":"Feature","properties":{"node_id":"2407605213","node_origin":"osm_node","degree":3,"is_intersection":true,"source":"OpenStreetMap"},"geometry":{"type":"Point","coordinates":[108.9457805,34.3425082]}},{"type":"Feature","properties":{"node_id":"2407605215","node_origin":"osm_node","degree":4,"is_intersection":true,"source":"OpenStreetMap"},"geometry":{"type":"Point","coordinates":[108.9524226,34.3473359]}},{"type":"Feature","properties":{"node_id":"2407605217","node_origin":"osm_node","degree":4,"is_intersection":true,"source":"OpenStreetMap"},"geometry":{"type":"Point","coordinates":[108.9555995,34.3489574]}},{"type":"Feature","properties":{"node_id":"2407605218","node_origin":"osm_node","degree":4,"is_intersection":true,"source":"OpenStreetMap"},"geometry":{"type":"Point","coordinates":[108.9556616,34.3235837]}},{"type":"Feature","properties":{"node_id":"2407605220","node_origin":"osm_node","degree":2,"is_intersection":false,"source":"OpenStreetMap"},"geometry":{"type":"Point","coordinates":[108.9440314,34.3489704]}},{"type":"Feature","properties":{"node_id":"2407605223","node_origin":"osm_node","degree":3,"is_intersection":true,"source":"OpenStreetMap"},"geometry":{"type":"Point","coordinates":[108.9437553,34.3489639]}},{"type":"Feature","properties":{"node_id":"2407605225","node_origin":"osm_node","degree":4,"is_intersection":true,"source":"OpenStreetMap"},"geometry":{"type":"Point","coordinates":[108.9491281,34.347325]}},{"type":"Feature","properties":{"node_id":"2407605229","node_origin":"osm_node","degree":2,"is_intersection":false,"source":"OpenStreetMap"},"geometry":{"type":"Point","coordinates":[108.9435987,34.3488995]}},{"type":"Feature","properties":{"node_id":"2407605233","node_origin":"osm_node","degree":4,"is_intersection":true,"source":"OpenStreetMap"},"geometry":{"type":"Point","coordinates":[108.9556934,34.3452347]}},{"type":"Feature","properties":{"node_id":"2407605236","node_origin":"osm_node","degree":3,"is_intersection":true,"source":"OpenStreetMap"},"geometry":{"type":"Point","coordinates":[108.9607492,34.3451869]}},{"type":"Feature","properties":{"node_id":"2407605238","node_origin":"osm_node","degree":3,"is_intersection":true,"source":"OpenStreetMap"},"geometry":{"type":"Point","coordinates":[108.9667577,34.338348]}},{"type":"Feature","properties":{"node_id":"2407605239","node_origin":"osm_node","degree":4,"is_intersection":true,"source":"OpenStreetMap"},"geometry":{"type":"Point","coordinates":[108.9637216,34.3414476]}},{"type":"Feature","properties":{"node_id":"2407605241","node_origin":"osm_node","degree":3,"is_intersection":true,"source":"OpenStreetMap"},"geometry":{"type":"Point","coordinates":[108.9457698,34.345216]}},{"type":"Feature","properties":{"node_id":"2407605243","node_origin":"osm_node","degree":4,"is_intersection":true,"source":"OpenStreetMap"},"geometry":{"type":"Point","coordinates":[108.9491214,34.3489521]}},{"type":"Feature","properties":{"node_id":"2407605244","node_origin":"osm_node","degree":2,"is_intersection":false,"source":"OpenStreetMap"},"geometry":{"type":"Point","coordinates":[108.9434072,34.3487939]}},{"type":"Feature","properties":{"node_id":"2407606010","node_origin":"osm_node","degree":2,"is_intersection":false,"source":"OpenStreetMap"},"geometry":{"type":"Point","coordinates":[108.9483602,34.348975]}},{"type":"Feature","properties":{"node_id":"2407606013","node_origin":"osm_node","degree":2,"is_intersection":false,"source":"OpenStreetMap"},"geometry":{"type":"Point","coordinates":[108.9516559,34.3532774]}},{"type":"Feature","properties":{"node_id":"2407606014","node_origin":"osm_node","degree":3,"is_intersection":true,"source":"OpenStreetMap"},"geometry":{"type":"Point","coordinates":[108.9517248,34.3525286]}},{"type":"Feature","properties":{"node_id":"2407606015","node_origin":"osm_node","degree":5,"is_intersection":true,"source":"OpenStreetMap"},"geometry":{"type":"Point","coordinates":[108.9514996,34.356984]}},{"type":"Feature","properties":{"node_id":"2407608494","node_origin":"osm_node","degree":2,"is_intersection":false,"source":"OpenStreetMap"},"geometry":{"type":"Point","coordinates":[108.9477101,34.3204612]}},{"type":"Feature","properties":{"node_id":"2407608496","node_origin":"osm_node","degree":1,"is_intersection":false,"source":"OpenStreetMap"},"geometry":{"type":"Point","coordinates":[108.9526553,34.3186798]}},{"type":"Feature","properties":{"node_id":"2407608498","node_origin":"osm_node","degree":2,"is_intersection":false,"source":"OpenStreetMap"},"geometry":{"type":"Point","coordinates":[108.9556756,34.3201687]}},{"type":"Feature","properties":{"node_id":"2407608500","node_origin":"osm_node","degree":1,"is_intersection":false,"source":"OpenStreetMap"},"geometry":{"type":"Point","coordinates":[108.954561,34.320209]}},{"type":"Feature","properties":{"node_id":"2407608510","node_origin":"osm_node","degree":2,"is_intersection":false,"source":"OpenStreetMap"},"geometry":{"type":"Point","coordinates":[108.9544226,34.3186733]}},{"type":"Feature","properties":{"node_id":"2407608520","node_origin":"osm_node","degree":2,"is_intersection":false,"source":"OpenStreetMap"},"geometry":{"type":"Point","coordinates":[108.9439973,34.3204678]}},{"type":"Feature","properties":{"node_id":"2407611256","node_origin":"osm_node","degree":2,"is_intersection":false,"source":"OpenStreetMap"},"geometry":{"type":"Point","coordinates":[108.9667547,34.3173414]}},{"type":"Feature","properties":{"node_id":"2407611272","node_origin":"osm_node","degree":2,"is_intersection":false,"source":"OpenStreetMap"},"geometry":{"type":"Point","coordinates":[108.9627778,34.3171002]}},{"type":"Feature","properties":{"node_id":"2407611288","node_origin":"osm_node","degree":2,"is_intersection":false,"source":"OpenStreetMap"},"geometry":{"type":"Point","coordinates":[108.9629288,34.3173326]}},{"type":"Feature","properties":{"node_id":"2407611297","node_origin":"osm_node","degree":3,"is_intersection":true,"source":"OpenStreetMap"},"geometry":{"type":"Point","coordinates":[108.9667552,34.3174965]}},{"type":"Feature","properties":{"node_id":"2407611320","node_origin":"osm_node","degree":2,"is_intersection":false,"source":"OpenStreetMap"},"geometry":{"type":"Point","coordinates":[108.9628153,34.3167058]}},{"type":"Feature","properties":{"node_id":"2407611323","node_origin":"osm_node","degree":2,"is_intersection":false,"source":"OpenStreetMap"},"geometry":{"type":"Point","coordinates":[108.9634062,34.3175142]}},{"type":"Feature","properties":{"node_id":"2407611324","node_origin":"osm_node","degree":2,"is_intersection":false,"source":"OpenStreetMap"},"geometry":{"type":"Point","coordinates":[108.9667538,34.3198211]}},{"type":"Feature","properties":{"node_id":"2407611327","node_origin":"osm_node","degree":2,"is_intersection":false,"source":"OpenStreetMap"},"geometry":{"type":"Point","coordinates":[108.9631265,34.3174369]}},{"type":"Feature","properties":{"node_id":"2407611329","node_origin":"osm_node","degree":2,"is_intersection":false,"source":"OpenStreetMap"},"geometry":{"type":"Point","coordinates":[108.9627456,34.3169097]}},{"type":"Feature","properties":{"node_id":"2407612262","node_origin":"osm_node","degree":3,"is_intersection":true,"source":"OpenStreetMap"},"geometry":{"type":"Point","coordinates":[108.9424742,34.3287602]}},{"type":"Feature","properties":{"node_id":"2407612263","node_origin":"osm_node","degree":1,"is_intersection":false,"source":"OpenStreetMap"},"geometry":{"type":"Point","coordinates":[108.9359774,34.3368056]}},{"type":"Feature","properties":{"node_id":"2407612264","node_origin":"osm_node","degree":2,"is_intersection":false,"source":"OpenStreetMap"},"geometry":{"type":"Point","coordinates":[108.9424879,34.3378428]}},{"type":"Feature","properties":{"node_id":"2407612265","node_origin":"osm_node","degree":2,"is_intersection":false,"source":"OpenStreetMap"},"geometry":{"type":"Point","coordinates":[108.9403172,34.3304085]}},{"type":"Feature","properties":{"node_id":"2407612267","node_origin":"osm_node","degree":2,"is_intersection":false,"source":"OpenStreetMap"},"geometry":{"type":"Point","coordinates":[108.9329446,34.3368]}},{"type":"Feature","properties":{"node_id":"2407612268","node_origin":"osm_node","degree":3,"is_intersection":true,"source":"OpenStreetMap"},"geometry":{"type":"Point","coordinates":[108.9523534,34.3313338]}},{"type":"Feature","properties":{"node_id":"2407612271","node_origin":"osm_node","degree":4,"is_intersection":true,"source":"OpenStreetMap"},"geometry":{"type":"Point","coordinates":[108.9523981,34.3383913]}},{"type":"Feature","properties":{"node_id":"2407612274","node_origin":"osm_node","degree":2,"is_intersection":false,"source":"OpenStreetMap"},"geometry":{"type":"Point","coordinates":[108.935523,34.334955]}},{"type":"Feature","properties":{"node_id":"2407612276","node_origin":"osm_node","degree":2,"is_intersection":false,"source":"OpenStreetMap"},"geometry":{"type":"Point","coordinates":[108.9395825,34.3310114]}},{"type":"Feature","properties":{"node_id":"2407612277","node_origin":"osm_node","degree":3,"is_intersection":true,"source":"OpenStreetMap"},"geometry":{"type":"Point","coordinates":[108.93942,34.3313417]}},{"type":"Feature","properties":{"node_id":"2408711288","node_origin":"osm_node","degree":2,"is_intersection":false,"source":"OpenStreetMap"},"geometry":{"type":"Point","coordinates":[108.9407289,34.3425204]}},{"type":"Feature","properties":{"node_id":"2408711291","node_origin":"osm_node","degree":3,"is_intersection":true,"source":"OpenStreetMap"},"geometry":{"type":"Point","coordinates":[108.9390371,34.3470358]}},{"type":"Feature","properties":{"node_id":"2408711293","node_origin":"osm_node","degree":3,"is_intersection":true,"source":"OpenStreetMap"},"geometry":{"type":"Point","coordinates":[108.9372568,34.3489534]}},{"type":"Feature","properties":{"node_id":"2408711295","node_origin":"osm_node","degree":4,"is_intersection":true,"source":"OpenStreetMap"},"geometry":{"type":"Point","coordinates":[108.9390075,34.3489535]}},{"type":"Feature","properties":{"node_id":"2408711296","node_origin":"osm_node","degree":4,"is_intersection":true,"source":"OpenStreetMap"},"geometry":{"type":"Point","coordinates":[108.9373033,34.3537867]}},{"type":"Feature","properties":{"node_id":"2408711298","node_origin":"osm_node","degree":2,"is_intersection":false,"source":"OpenStreetMap"},"geometry":{"type":"Point","coordinates":[108.9372654,34.3524891]}},{"type":"Feature","properties":{"node_id":"2408711300","node_origin":"osm_node","degree":3,"is_intersection":true,"source":"OpenStreetMap"},"geometry":{"type":"Point","coordinates":[108.9425414,34.3512038]}},{"type":"Feature","properties":{"node_id":"2408711302","node_origin":"osm_node","degree":1,"is_intersection":false,"source":"OpenStreetMap"},"geometry":{"type":"Point","coordinates":[108.9383329,34.3512052]}},{"type":"Feature","properties":{"node_id":"2408711304","node_origin":"osm_node","degree":2,"is_intersection":false,"source":"OpenStreetMap"},"geometry":{"type":"Point","coordinates":[108.9403822,34.3426937]}},{"type":"Feature","properties":{"node_id":"2408713745","node_origin":"osm_node","degree":2,"is_intersection":false,"source":"OpenStreetMap"},"geometry":{"type":"Point","coordinates":[108.9296436,34.3389489]}},{"type":"Feature","properties":{"node_id":"2408713746","node_origin":"osm_node","degree":2,"is_intersection":false,"source":"OpenStreetMap"},"geometry":{"type":"Point","coordinates":[108.9270563,34.3389514]}},{"type":"Feature","properties":{"node_id":"2408714915","node_origin":"osm_node","degree":4,"is_intersection":true,"source":"OpenStreetMap"},"geometry":{"type":"Point","coordinates":[108.9191124,34.3286572]}},{"type":"Feature","properties":{"node_id":"2408714920","node_origin":"osm_node","degree":3,"is_intersection":true,"source":"OpenStreetMap"},"geometry":{"type":"Point","coordinates":[108.9291574,34.3221069]}},{"type":"Feature","properties":{"node_id":"2408714928","node_origin":"osm_node","degree":3,"is_intersection":true,"source":"OpenStreetMap"},"geometry":{"type":"Point","coordinates":[108.9191073,34.3244914]}},{"type":"Feature","properties":{"node_id":"2408714932","node_origin":"osm_node","degree":3,"is_intersection":true,"source":"OpenStreetMap"},"geometry":{"type":"Point","coordinates":[108.9329794,34.3212926]}},{"type":"Feature","properties":{"node_id":"2408714935","node_origin":"osm_node","degree":2,"is_intersection":false,"source":"OpenStreetMap"},"geometry":{"type":"Point","coordinates":[108.9306316,34.3213377]}},{"type":"Feature","properties":{"node_id":"2408714945","node_origin":"osm_node","degree":4,"is_intersection":true,"source":"OpenStreetMap"},"geometry":{"type":"Point","coordinates":[108.9251641,34.3220748]}},{"type":"Feature","properties":{"node_id":"2408720815","node_origin":"osm_node","degree":2,"is_intersection":false,"source":"OpenStreetMap"},"geometry":{"type":"Point","coordinates":[108.9472584,34.3303157]}},{"type":"Feature","properties":{"node_id":"2408720817","node_origin":"osm_node","degree":2,"is_intersection":false,"source":"OpenStreetMap"},"geometry":{"type":"Point","coordinates":[108.9268361,34.3449997]}},{"type":"Feature","properties":{"node_id":"2408720821","node_origin":"osm_node","degree":2,"is_intersection":false,"source":"OpenStreetMap"},"geometry":{"type":"Point","coordinates":[108.9299957,34.3469529]}},{"type":"Feature","properties":{"node_id":"2408720823","node_origin":"osm_node","degree":2,"is_intersection":false,"source":"OpenStreetMap"},"geometry":{"type":"Point","coordinates":[108.9535241,34.3302227]}},{"type":"Feature","properties":{"node_id":"2408720825","node_origin":"osm_node","degree":2,"is_intersection":false,"source":"OpenStreetMap"},"geometry":{"type":"Point","coordinates":[108.954023,34.3295892]}},{"type":"Feature","properties":{"node_id":"2408720828","node_origin":"osm_node","degree":2,"is_intersection":false,"source":"OpenStreetMap"},"geometry":{"type":"Point","coordinates":[108.9292501,34.347077]}},{"type":"Feature","properties":{"node_id":"2408720830","node_origin":"osm_node","degree":2,"is_intersection":false,"source":"OpenStreetMap"},"geometry":{"type":"Point","coordinates":[108.9524067,34.3304714]}},{"type":"Feature","properties":{"node_id":"2408720832","node_origin":"osm_node","degree":2,"is_intersection":false,"source":"OpenStreetMap"},"geometry":{"type":"Point","coordinates":[108.9262017,34.3442119]}},{"type":"Feature","properties":{"node_id":"2408720834","node_origin":"osm_node","degree":2,"is_intersection":false,"source":"OpenStreetMap"},"geometry":{"type":"Point","coordinates":[108.9530931,34.3304117]}},{"type":"Feature","properties":{"node_id":"2408720836","node_origin":"osm_node","degree":2,"is_intersection":false,"source":"OpenStreetMap"},"geometry":{"type":"Point","coordinates":[108.9269488,34.3466739]}},{"type":"Feature","properties":{"node_id":"2408720839","node_origin":"osm_node","degree":3,"is_intersection":true,"source":"OpenStreetMap"},"geometry":{"type":"Point","coordinates":[108.9301871,34.3447888]}},{"type":"Feature","properties":{"node_id":"2408720841","node_origin":"osm_node","degree":1,"is_intersection":false,"source":"OpenStreetMap"},"geometry":{"type":"Point","coordinates":[108.9526427,34.3170373]}},{"type":"Feature","properties":{"node_id":"2408720843","node_origin":"osm_node","degree":3,"is_intersection":true,"source":"OpenStreetMap"},"geometry":{"type":"Point","coordinates":[108.9331332,34.3446718]}},{"type":"Feature","properties":{"node_id":"2408720845","node_origin":"osm_node","degree":2,"is_intersection":false,"source":"OpenStreetMap"},"geometry":{"type":"Point","coordinates":[108.9317429,34.3471292]}},{"type":"Feature","properties":{"node_id":"2408720846","node_origin":"osm_node","degree":3,"is_intersection":true,"source":"OpenStreetMap"},"geometry":{"type":"Point","coordinates":[108.9490863,34.3304516]}},{"type":"Feature","properties":{"node_id":"2408720847","node_origin":"osm_node","degree":2,"is_intersection":false,"source":"OpenStreetMap"},"geometry":{"type":"Point","coordinates":[108.9264338,34.3446852]}},{"type":"Feature","properties":{"node_id":"2408720848","node_origin":"osm_node","degree":2,"is_intersection":false,"source":"OpenStreetMap"},"geometry":{"type":"Point","coordinates":[108.9303391,34.3457881]}},{"type":"Feature","properties":{"node_id":"2408720849","node_origin":"osm_node","degree":1,"is_intersection":false,"source":"OpenStreetMap"},"geometry":{"type":"Point","coordinates":[108.9411962,34.3563629]}},{"type":"Feature","properties":{"node_id":"2408720850","node_origin":"osm_node","degree":2,"is_intersection":false,"source":"OpenStreetMap"},"geometry":{"type":"Point","coordinates":[108.9268307,34.345859]}},{"type":"Feature","properties":{"node_id":"2408720851","node_origin":"osm_node","degree":2,"is_intersection":false,"source":"OpenStreetMap"},"geometry":{"type":"Point","coordinates":[108.9268093,34.3463373]}},{"type":"Feature","properties":{"node_id":"2408720852","node_origin":"osm_node","degree":2,"is_intersection":false,"source":"OpenStreetMap"},"geometry":{"type":"Point","coordinates":[108.9301658,34.346735]}},{"type":"Feature","properties":{"node_id":"2408720853","node_origin":"osm_node","degree":2,"is_intersection":false,"source":"OpenStreetMap"},"geometry":{"type":"Point","coordinates":[108.9280914,34.3469751]}},{"type":"Feature","properties":{"node_id":"2408720854","node_origin":"osm_node","degree":3,"is_intersection":true,"source":"OpenStreetMap"},"geometry":{"type":"Point","coordinates":[108.9287404,34.3489331]}},{"type":"Feature","properties":{"node_id":"2408720855","node_origin":"osm_node","degree":3,"is_intersection":true,"source":"OpenStreetMap"},"geometry":{"type":"Point","coordinates":[108.954023,34.3293929]}},{"type":"Feature","properties":{"node_id":"2408720856","node_origin":"osm_node","degree":2,"is_intersection":false,"source":"OpenStreetMap"},"geometry":{"type":"Point","coordinates":[108.9538084,34.3299702]}},{"type":"Feature","properties":{"node_id":"2408720857","node_origin":"osm_node","degree":2,"is_intersection":false,"source":"OpenStreetMap"},"geometry":{"type":"Point","coordinates":[108.9303643,34.3461504]}},{"type":"Feature","properties":{"node_id":"2408720858","node_origin":"osm_node","degree":3,"is_intersection":true,"source":"OpenStreetMap"},"geometry":{"type":"Point","coordinates":[108.9269001,34.3447809]}},{"type":"Feature","properties":{"node_id":"2408720859","node_origin":"osm_node","degree":2,"is_intersection":false,"source":"OpenStreetMap"},"geometry":{"type":"Point","coordinates":[108.9527927,34.3304634]}},{"type":"Feature","properties":{"node_id":"2408720860","node_origin":"osm_node","degree":2,"is_intersection":false,"source":"OpenStreetMap"},"geometry":{"type":"Point","coordinates":[108.9262192,34.3444948]}},{"type":"Feature","properties":{"node_id":"2408720861","node_origin":"osm_node","degree":3,"is_intersection":true,"source":"OpenStreetMap"},"geometry":{"type":"Point","coordinates":[108.9540243,34.3280348]}},{"type":"Feature","properties":{"node_id":"2408720862","node_origin":"osm_node","degree":3,"is_intersection":true,"source":"OpenStreetMap"},"geometry":{"type":"Point","coordinates":[108.9456349,34.3303295]}},{"type":"Feature","properties":{"node_id":"2408720863","node_origin":"osm_node","degree":3,"is_intersection":true,"source":"OpenStreetMap"},"geometry":{"type":"Point","coordinates":[108.9286707,34.3471035]}},{"type":"Feature","properties":{"node_id":"2408720865","node_origin":"osm_node","degree":2,"is_intersection":false,"source":"OpenStreetMap"},"geometry":{"type":"Point","coordinates":[108.9536797,34.3300943]}},{"type":"Feature","properties":{"node_id":"2408720866","node_origin":"osm_node","degree":2,"is_intersection":false,"source":"OpenStreetMap"},"geometry":{"type":"Point","coordinates":[108.9270346,34.3467758]}},{"type":"Feature","properties":{"node_id":"2408720869","node_origin":"osm_node","degree":2,"is_intersection":false,"source":"OpenStreetMap"},"geometry":{"type":"Point","coordinates":[108.9434702,34.3564182]}},{"type":"Feature","properties":{"node_id":"2408720870","node_origin":"osm_node","degree":2,"is_intersection":false,"source":"OpenStreetMap"},"geometry":{"type":"Point","coordinates":[108.9533417,34.3303246]}},{"type":"Feature","properties":{"node_id":"2408720871","node_origin":"osm_node","degree":3,"is_intersection":true,"source":"OpenStreetMap"},"geometry":{"type":"Point","coordinates":[108.9477059,34.3294446]}},{"type":"Feature","properties":{"node_id":"2408720872","node_origin":"osm_node","degree":2,"is_intersection":false,"source":"OpenStreetMap"},"geometry":{"type":"Point","coordinates":[108.9281233,34.3447741]}},{"type":"Feature","properties":{"node_id":"2408720873","node_origin":"osm_node","degree":3,"is_intersection":true,"source":"OpenStreetMap"},"geometry":{"type":"Point","coordinates":[108.9317606,34.3447472]}},{"type":"Feature","properties":{"node_id":"2408720874","node_origin":"osm_node","degree":2,"is_intersection":false,"source":"OpenStreetMap"},"geometry":{"type":"Point","coordinates":[108.9539264,34.3298152]}},{"type":"Feature","properties":{"node_id":"2408720875","node_origin":"osm_node","degree":2,"is_intersection":false,"source":"OpenStreetMap"},"geometry":{"type":"Point","coordinates":[108.9267932,34.3454249]}},{"type":"Feature","properties":{"node_id":"2408721446","node_origin":"osm_node","degree":2,"is_intersection":false,"source":"OpenStreetMap"},"geometry":{"type":"Point","coordinates":[108.9119608,34.3534014]}},{"type":"Feature","properties":{"node_id":"2408721447","node_origin":"osm_node","degree":3,"is_intersection":true,"source":"OpenStreetMap"},"geometry":{"type":"Point","coordinates":[108.9132295,34.3534793]}},{"type":"Feature","properties":{"node_id":"2409969157","node_origin":"osm_node","degree":3,"is_intersection":true,"source":"OpenStreetMap"},"geometry":{"type":"Point","coordinates":[108.9667646,34.3362629]}},{"type":"Feature","properties":{"node_id":"2409969172","node_origin":"osm_node","degree":2,"is_intersection":false,"source":"OpenStreetMap"},"geometry":{"type":"Point","coordinates":[108.9686666,34.336247]}},{"type":"Feature","properties":{"node_id":"2409987854","node_origin":"osm_node","degree":4,"is_intersection":true,"source":"OpenStreetMap"},"geometry":{"type":"Point","coordinates":[108.9607889,34.3539084]}},{"type":"Feature","properties":{"node_id":"2409987857","node_origin":"osm_node","degree":4,"is_intersection":true,"source":"OpenStreetMap"},"geometry":{"type":"Point","coordinates":[108.9630715,34.3539104]}},{"type":"Feature","properties":{"node_id":"2409987859","node_origin":"osm_node","degree":4,"is_intersection":true,"source":"OpenStreetMap"},"geometry":{"type":"Point","coordinates":[108.9686526,34.349888]}},{"type":"Feature","properties":{"node_id":"2409987865","node_origin":"osm_node","degree":2,"is_intersection":false,"source":"OpenStreetMap"},"geometry":{"type":"Point","coordinates":[108.9686304,34.3514504]}},{"type":"Feature","properties":{"node_id":"2409987870","node_origin":"osm_node","degree":2,"is_intersection":false,"source":"OpenStreetMap"},"geometry":{"type":"Point","coordinates":[108.967016,34.3498937]}},{"type":"Feature","properties":{"node_id":"2409987876","node_origin":"osm_node","degree":3,"is_intersection":true,"source":"OpenStreetMap"},"geometry":{"type":"Point","coordinates":[108.968668,34.3553299]}},{"type":"Feature","properties":{"node_id":"2409987882","node_origin":"osm_node","degree":4,"is_intersection":true,"source":"OpenStreetMap"},"geometry":{"type":"Point","coordinates":[108.9607724,34.350287]}},{"type":"Feature","properties":{"node_id":"2409987884","node_origin":"osm_node","degree":3,"is_intersection":true,"source":"OpenStreetMap"},"geometry":{"type":"Point","coordinates":[108.9630261,34.3502688]}},{"type":"Feature","properties":{"node_id":"2409987887","node_origin":"osm_node","degree":2,"is_intersection":false,"source":"OpenStreetMap"},"geometry":{"type":"Point","coordinates":[108.9668979,34.3499778]}},{"type":"Feature","properties":{"node_id":"2409987890","node_origin":"osm_node","degree":2,"is_intersection":false,"source":"OpenStreetMap"},"geometry":{"type":"Point","coordinates":[108.9644947,34.3502569]}},{"type":"Feature","properties":{"node_id":"2409988671","node_origin":"osm_node","degree":4,"is_intersection":true,"source":"OpenStreetMap"},"geometry":{"type":"Point","coordinates":[108.9466738,34.3503787]}},{"type":"Feature","properties":{"node_id":"2409988673","node_origin":"osm_node","degree":2,"is_intersection":false,"source":"OpenStreetMap"},"geometry":{"type":"Point","coordinates":[108.9523496,34.3504385]}},{"type":"Feature","properties":{"node_id":"2409988674","node_origin":"osm_node","degree":4,"is_intersection":true,"source":"OpenStreetMap"},"geometry":{"type":"Point","coordinates":[108.9556175,34.3503837]}},{"type":"Feature","properties":{"node_id":"2409989064","node_origin":"osm_node","degree":3,"is_intersection":true,"source":"OpenStreetMap"},"geometry":{"type":"Point","coordinates":[108.9607663,34.3489394]}},{"type":"Feature","properties":{"node_id":"2409989066","node_origin":"osm_node","degree":2,"is_intersection":false,"source":"OpenStreetMap"},"geometry":{"type":"Point","coordinates":[108.9594736,34.3489439]}},{"type":"Feature","properties":{"node_id":"2447926772","node_origin":"osm_node","degree":2,"is_intersection":false,"source":"OpenStreetMap"},"geometry":{"type":"Point","coordinates":[108.9101626,34.3312833]}},{"type":"Feature","properties":{"node_id":"2447926778","node_origin":"osm_node","degree":3,"is_intersection":true,"source":"OpenStreetMap"},"geometry":{"type":"Point","coordinates":[108.9102427,34.3282062]}},{"type":"Feature","properties":{"node_id":"2450231447","node_origin":"osm_node","degree":1,"is_intersection":false,"source":"OpenStreetMap"},"geometry":{"type":"Point","coordinates":[108.9121698,34.3379747]}},{"type":"Feature","properties":{"node_id":"2450231452","node_origin":"osm_node","degree":2,"is_intersection":false,"source":"OpenStreetMap"},"geometry":{"type":"Point","coordinates":[108.9108646,34.3379446]}},{"type":"Feature","properties":{"node_id":"2450231472","node_origin":"osm_node","degree":3,"is_intersection":true,"source":"OpenStreetMap"},"geometry":{"type":"Point","coordinates":[108.9115674,34.3247036]}},{"type":"Feature","properties":{"node_id":"2450231478","node_origin":"osm_node","degree":3,"is_intersection":true,"source":"OpenStreetMap"},"geometry":{"type":"Point","coordinates":[108.9099527,34.3247036]}},{"type":"Feature","properties":{"node_id":"2450243481","node_origin":"osm_node","degree":4,"is_intersection":true,"source":"OpenStreetMap"},"geometry":{"type":"Point","coordinates":[108.9154989,34.3390086]}},{"type":"Feature","properties":{"node_id":"2450243482","node_origin":"osm_node","degree":2,"is_intersection":false,"source":"OpenStreetMap"},"geometry":{"type":"Point","coordinates":[108.9115084,34.355714]}},{"type":"Feature","properties":{"node_id":"2450243483","node_origin":"osm_node","degree":1,"is_intersection":false,"source":"OpenStreetMap"},"geometry":{"type":"Point","coordinates":[108.911451,34.3562886]}},{"type":"Feature","properties":{"node_id":"2450243484","node_origin":"osm_node","degree":2,"is_intersection":false,"source":"OpenStreetMap"},"geometry":{"type":"Point","coordinates":[108.91565,34.3366614]}},{"type":"Feature","properties":{"node_id":"2450243487","node_origin":"osm_node","degree":3,"is_intersection":true,"source":"OpenStreetMap"},"geometry":{"type":"Point","coordinates":[108.9144961,34.3422284]}},{"type":"Feature","properties":{"node_id":"2450243488","node_origin":"osm_node","degree":4,"is_intersection":true,"source":"OpenStreetMap"},"geometry":{"type":"Point","coordinates":[108.914979,34.3460002]}},{"type":"Feature","properties":{"node_id":"2450243494","node_origin":"osm_node","degree":3,"is_intersection":true,"source":"OpenStreetMap"},"geometry":{"type":"Point","coordinates":[108.9117085,34.3372172]}},{"type":"Feature","properties":{"node_id":"2450243496","node_origin":"osm_node","degree":2,"is_intersection":false,"source":"OpenStreetMap"},"geometry":{"type":"Point","coordinates":[108.9141224,34.3369972]}},{"type":"Feature","properties":{"node_id":"2450243500","node_origin":"osm_node","degree":2,"is_intersection":false,"source":"OpenStreetMap"},"geometry":{"type":"Point","coordinates":[108.9104103,34.3556509]}},{"type":"Feature","properties":{"node_id":"2450243502","node_origin":"osm_node","degree":4,"is_intersection":true,"source":"OpenStreetMap"},"geometry":{"type":"Point","coordinates":[108.9117338,34.3362952]}},{"type":"Feature","properties":{"node_id":"2450243508","node_origin":"osm_node","degree":3,"is_intersection":true,"source":"OpenStreetMap"},"geometry":{"type":"Point","coordinates":[108.9152158,34.3390055]}},{"type":"Feature","properties":{"node_id":"2450243510","node_origin":"osm_node","degree":2,"is_intersection":false,"source":"OpenStreetMap"},"geometry":{"type":"Point","coordinates":[108.9141332,34.3484452]}},{"type":"Feature","properties":{"node_id":"2450243512","node_origin":"osm_node","degree":2,"is_intersection":false,"source":"OpenStreetMap"},"geometry":{"type":"Point","coordinates":[108.9144068,34.3370046]}},{"type":"Feature","properties":{"node_id":"2450243514","node_origin":"osm_node","degree":2,"is_intersection":false,"source":"OpenStreetMap"},"geometry":{"type":"Point","coordinates":[108.9150908,34.3445687]}},{"type":"Feature","properties":{"node_id":"2450243516","node_origin":"osm_node","degree":2,"is_intersection":false,"source":"OpenStreetMap"},"geometry":{"type":"Point","coordinates":[108.9104516,34.3549124]}},{"type":"Feature","properties":{"node_id":"2450243520","node_origin":"osm_node","degree":3,"is_intersection":true,"source":"OpenStreetMap"},"geometry":{"type":"Point","coordinates":[108.915171,34.342237]}},{"type":"Feature","properties":{"node_id":"2450243521","node_origin":"osm_node","degree":2,"is_intersection":false,"source":"OpenStreetMap"},"geometry":{"type":"Point","coordinates":[108.9104371,34.3540256]}},{"type":"Feature","properties":{"node_id":"2450243522","node_origin":"osm_node","degree":2,"is_intersection":false,"source":"OpenStreetMap"},"geometry":{"type":"Point","coordinates":[108.9142013,34.3476447]}},{"type":"Feature","properties":{"node_id":"2450243523","node_origin":"osm_node","degree":2,"is_intersection":false,"source":"OpenStreetMap"},"geometry":{"type":"Point","coordinates":[108.9143944,34.3463027]}},{"type":"Feature","properties":{"node_id":"2450243524","node_origin":"osm_node","degree":3,"is_intersection":true,"source":"OpenStreetMap"},"geometry":{"type":"Point","coordinates":[108.910387,34.3533395]}},{"type":"Feature","properties":{"node_id":"2450243525","node_origin":"osm_node","degree":3,"is_intersection":true,"source":"OpenStreetMap"},"geometry":{"type":"Point","coordinates":[108.9152189,34.3370136]}},{"type":"Feature","properties":{"node_id":"2450243528","node_origin":"osm_node","degree":2,"is_intersection":false,"source":"OpenStreetMap"},"geometry":{"type":"Point","coordinates":[108.9140672,34.3495226]}},{"type":"Feature","properties":{"node_id":"2450243529","node_origin":"osm_node","degree":2,"is_intersection":false,"source":"OpenStreetMap"},"geometry":{"type":"Point","coordinates":[108.9108448,34.3373058]}},{"type":"Feature","properties":{"node_id":"2450243530","node_origin":"osm_node","degree":2,"is_intersection":false,"source":"OpenStreetMap"},"geometry":{"type":"Point","coordinates":[108.9117283,34.336877]}},{"type":"Feature","properties":{"node_id":"2450243532","node_origin":"osm_node","degree":1,"is_intersection":false,"source":"OpenStreetMap"},"geometry":{"type":"Point","coordinates":[108.9117567,34.3359592]}},{"type":"Feature","properties":{"node_id":"2450243534","node_origin":"osm_node","degree":2,"is_intersection":false,"source":"OpenStreetMap"},"geometry":{"type":"Point","coordinates":[108.9147202,34.3480761]}},{"type":"Feature","properties":{"node_id":"2450243536","node_origin":"osm_node","degree":2,"is_intersection":false,"source":"OpenStreetMap"},"geometry":{"type":"Point","coordinates":[108.9131032,34.3369958]}},{"type":"Feature","properties":{"node_id":"2450243538","node_origin":"osm_node","degree":2,"is_intersection":false,"source":"OpenStreetMap"},"geometry":{"type":"Point","coordinates":[108.9140082,34.3514934]}},{"type":"Feature","properties":{"node_id":"2450243540","node_origin":"osm_node","degree":2,"is_intersection":false,"source":"OpenStreetMap"},"geometry":{"type":"Point","coordinates":[108.9150758,34.344861]}},{"type":"Feature","properties":{"node_id":"2450243542","node_origin":"osm_node","degree":3,"is_intersection":true,"source":"OpenStreetMap"},"geometry":{"type":"Point","coordinates":[108.912589,34.3572199]}},{"type":"Feature","properties":{"node_id":"2450243544","node_origin":"osm_node","degree":2,"is_intersection":false,"source":"OpenStreetMap"},"geometry":{"type":"Point","coordinates":[108.9160095,34.3312499]}},{"type":"Feature","properties":{"node_id":"2450243547","node_origin":"osm_node","degree":2,"is_intersection":false,"source":"OpenStreetMap"},"geometry":{"type":"Point","coordinates":[108.9152114,34.3378285]}},{"type":"Feature","properties":{"node_id":"2450243549","node_origin":"osm_node","degree":2,"is_intersection":false,"source":"OpenStreetMap"},"geometry":{"type":"Point","coordinates":[108.9122342,34.3372261]}},{"type":"Feature","properties":{"node_id":"2450252743","node_origin":"osm_node","degree":2,"is_intersection":false,"source":"OpenStreetMap"},"geometry":{"type":"Point","coordinates":[108.9115368,34.3218496]}},{"type":"Feature","properties":{"node_id":"2450252763","node_origin":"osm_node","degree":2,"is_intersection":false,"source":"OpenStreetMap"},"geometry":{"type":"Point","coordinates":[108.9114869,34.3264669]}},{"type":"Feature","properties":{"node_id":"2450252867","node_origin":"osm_node","degree":3,"is_intersection":true,"source":"OpenStreetMap"},"geometry":{"type":"Point","coordinates":[108.9116182,34.3228956]}},{"type":"Feature","properties":{"node_id":"2450252870","node_origin":"osm_node","degree":3,"is_intersection":true,"source":"OpenStreetMap"},"geometry":{"type":"Point","coordinates":[108.9116103,34.3232815]}},{"type":"Feature","properties":{"node_id":"2515663511","node_origin":"osm_node","degree":1,"is_intersection":false,"source":"OpenStreetMap"},"geometry":{"type":"Point","coordinates":[108.9682068,34.3624531]}},{"type":"Feature","properties":{"node_id":"2515664792","node_origin":"osm_node","degree":1,"is_intersection":false,"source":"OpenStreetMap"},"geometry":{"type":"Point","coordinates":[108.9542325,34.3607039]}},{"type":"Feature","properties":{"node_id":"2515664793","node_origin":"osm_node","degree":2,"is_intersection":false,"source":"OpenStreetMap"},"geometry":{"type":"Point","coordinates":[108.9525257,34.3586265]}},{"type":"Feature","properties":{"node_id":"2515664794","node_origin":"osm_node","degree":3,"is_intersection":true,"source":"OpenStreetMap"},"geometry":{"type":"Point","coordinates":[108.9523353,34.36414]}},{"type":"Feature","properties":{"node_id":"2515664795","node_origin":"osm_node","degree":3,"is_intersection":true,"source":"OpenStreetMap"},"geometry":{"type":"Point","coordinates":[108.9525544,34.356485]}},{"type":"Feature","properties":{"node_id":"2515664796","node_origin":"osm_node","degree":2,"is_intersection":false,"source":"OpenStreetMap"},"geometry":{"type":"Point","coordinates":[108.9524086,34.3611159]}},{"type":"Feature","properties":{"node_id":"2515664797","node_origin":"osm_node","degree":2,"is_intersection":false,"source":"OpenStreetMap"},"geometry":{"type":"Point","coordinates":[108.9542647,34.3596189]}},{"type":"Feature","properties":{"node_id":"2515664798","node_origin":"osm_node","degree":4,"is_intersection":true,"source":"OpenStreetMap"},"geometry":{"type":"Point","coordinates":[108.9491098,34.3581705]}},{"type":"Feature","properties":{"node_id":"2515664799","node_origin":"osm_node","degree":2,"is_intersection":false,"source":"OpenStreetMap"},"geometry":{"type":"Point","coordinates":[108.9542486,34.357511]}},{"type":"Feature","properties":{"node_id":"2515664800","node_origin":"osm_node","degree":3,"is_intersection":true,"source":"OpenStreetMap"},"geometry":{"type":"Point","coordinates":[108.9543439,34.3555917]}},{"type":"Feature","properties":{"node_id":"2515665182","node_origin":"osm_node","degree":1,"is_intersection":false,"source":"OpenStreetMap"},"geometry":{"type":"Point","coordinates":[108.9397479,34.3521571]}},{"type":"Feature","properties":{"node_id":"2515665183","node_origin":"osm_node","degree":4,"is_intersection":true,"source":"OpenStreetMap"},"geometry":{"type":"Point","coordinates":[108.9397508,34.3538474]}},{"type":"Feature","properties":{"node_id":"2515674794","node_origin":"osm_node","degree":3,"is_intersection":true,"source":"OpenStreetMap"},"geometry":{"type":"Point","coordinates":[108.9513715,34.3261959]}},{"type":"Feature","properties":{"node_id":"2515674796","node_origin":"osm_node","degree":2,"is_intersection":false,"source":"OpenStreetMap"},"geometry":{"type":"Point","coordinates":[108.9513786,34.3268072]}},{"type":"Feature","properties":{"node_id":"2515674798","node_origin":"osm_node","degree":1,"is_intersection":false,"source":"OpenStreetMap"},"geometry":{"type":"Point","coordinates":[108.9376906,34.3367768]}},{"type":"Feature","properties":{"node_id":"2515674801","node_origin":"osm_node","degree":2,"is_intersection":false,"source":"OpenStreetMap"},"geometry":{"type":"Point","coordinates":[108.9517683,34.327367]}},{"type":"Feature","properties":{"node_id":"2515674803","node_origin":"osm_node","degree":3,"is_intersection":true,"source":"OpenStreetMap"},"geometry":{"type":"Point","coordinates":[108.9409585,34.328033]}},{"type":"Feature","properties":{"node_id":"2515674805","node_origin":"osm_node","degree":3,"is_intersection":true,"source":"OpenStreetMap"},"geometry":{"type":"Point","coordinates":[108.9376997,34.3349566]}},{"type":"Feature","properties":{"node_id":"2515674806","node_origin":"osm_node","degree":3,"is_intersection":true,"source":"OpenStreetMap"},"geometry":{"type":"Point","coordinates":[108.9517714,34.3279765]}},{"type":"Feature","properties":{"node_id":"2515674807","node_origin":"osm_node","degree":3,"is_intersection":true,"source":"OpenStreetMap"},"geometry":{"type":"Point","coordinates":[108.9410203,34.3299147]}},{"type":"Feature","properties":{"node_id":"2569511166","node_origin":"osm_node","degree":4,"is_intersection":true,"source":"OpenStreetMap"},"geometry":{"type":"Point","coordinates":[108.9491006,34.3546564]}},{"type":"Feature","properties":{"node_id":"2569511167","node_origin":"osm_node","degree":4,"is_intersection":true,"source":"OpenStreetMap"},"geometry":{"type":"Point","coordinates":[108.955628,34.3553422]}},{"type":"Feature","properties":{"node_id":"2569511168","node_origin":"osm_node","degree":3,"is_intersection":true,"source":"OpenStreetMap"},"geometry":{"type":"Point","coordinates":[108.9556225,34.3473258]}},{"type":"Feature","properties":{"node_id":"2569528584","node_origin":"osm_node","degree":2,"is_intersection":false,"source":"OpenStreetMap"},"geometry":{"type":"Point","coordinates":[108.9604465,34.3570865]}},{"type":"Feature","properties":{"node_id":"2569528585","node_origin":"osm_node","degree":3,"is_intersection":true,"source":"OpenStreetMap"},"geometry":{"type":"Point","coordinates":[108.9604337,34.3553382]}},{"type":"Feature","properties":{"node_id":"2569528586","node_origin":"osm_node","degree":2,"is_intersection":false,"source":"OpenStreetMap"},"geometry":{"type":"Point","coordinates":[108.9577211,34.3538541]}},{"type":"Feature","properties":{"node_id":"2569528587","node_origin":"osm_node","degree":3,"is_intersection":true,"source":"OpenStreetMap"},"geometry":{"type":"Point","coordinates":[108.9556366,34.3538615]}},{"type":"Feature","properties":{"node_id":"2569528594","node_origin":"osm_node","degree":2,"is_intersection":false,"source":"OpenStreetMap"},"geometry":{"type":"Point","coordinates":[108.9557701,34.3553421]}},{"type":"Feature","properties":{"node_id":"2569528605","node_origin":"osm_node","degree":2,"is_intersection":false,"source":"OpenStreetMap"},"geometry":{"type":"Point","coordinates":[108.9686481,34.3536009]}},{"type":"Feature","properties":{"node_id":"2569528606","node_origin":"osm_node","degree":2,"is_intersection":false,"source":"OpenStreetMap"},"geometry":{"type":"Point","coordinates":[108.9686617,34.3552431]}},{"type":"Feature","properties":{"node_id":"2569528607","node_origin":"osm_node","degree":3,"is_intersection":true,"source":"OpenStreetMap"},"geometry":{"type":"Point","coordinates":[108.9556506,34.3514359]}},{"type":"Feature","properties":{"node_id":"2569528608","node_origin":"osm_node","degree":3,"is_intersection":true,"source":"OpenStreetMap"},"geometry":{"type":"Point","coordinates":[108.9607775,34.3514044]}},{"type":"Feature","properties":{"node_id":"2569528609","node_origin":"osm_node","degree":3,"is_intersection":true,"source":"OpenStreetMap"},"geometry":{"type":"Point","coordinates":[108.9581465,34.3525177]}},{"type":"Feature","properties":{"node_id":"2569528610","node_origin":"osm_node","degree":3,"is_intersection":true,"source":"OpenStreetMap"},"geometry":{"type":"Point","coordinates":[108.9581437,34.3503357]}},{"type":"Feature","properties":{"node_id":"2569528611","node_origin":"osm_node","degree":3,"is_intersection":true,"source":"OpenStreetMap"},"geometry":{"type":"Point","coordinates":[108.9564234,34.3525283]}},{"type":"Feature","properties":{"node_id":"2569528612","node_origin":"osm_node","degree":2,"is_intersection":false,"source":"OpenStreetMap"},"geometry":{"type":"Point","coordinates":[108.9564398,34.3503681]}},{"type":"Feature","properties":{"node_id":"2569528613","node_origin":"osm_node","degree":3,"is_intersection":true,"source":"OpenStreetMap"},"geometry":{"type":"Point","coordinates":[108.9655953,34.3538937]}},{"type":"Feature","properties":{"node_id":"2569528614","node_origin":"osm_node","degree":3,"is_intersection":true,"source":"OpenStreetMap"},"geometry":{"type":"Point","coordinates":[108.9656152,34.355333]}},{"type":"Feature","properties":{"node_id":"2569528615","node_origin":"osm_node","degree":1,"is_intersection":false,"source":"OpenStreetMap"},"geometry":{"type":"Point","coordinates":[108.9655845,34.3527957]}},{"type":"Feature","properties":{"node_id":"2609207291","node_origin":"osm_node","degree":3,"is_intersection":true,"source":"OpenStreetMap"},"geometry":{"type":"Point","coordinates":[108.9557726,34.3349776]}},{"type":"Feature","properties":{"node_id":"2609207292","node_origin":"osm_node","degree":4,"is_intersection":true,"source":"OpenStreetMap"},"geometry":{"type":"Point","coordinates":[108.9557613,34.3337694]}},{"type":"Feature","properties":{"node_id":"2609207293","node_origin":"osm_node","degree":4,"is_intersection":true,"source":"OpenStreetMap"},"geometry":{"type":"Point","coordinates":[108.9667497,34.3336917]}},{"type":"Feature","properties":{"node_id":"2609207295","node_origin":"osm_node","degree":3,"is_intersection":true,"source":"OpenStreetMap"},"geometry":{"type":"Point","coordinates":[108.9426435,34.3335853]}},{"type":"Feature","properties":{"node_id":"2609207296","node_origin":"osm_node","degree":4,"is_intersection":true,"source":"OpenStreetMap"},"geometry":{"type":"Point","coordinates":[108.9490738,34.3338287]}},{"type":"Feature","properties":{"node_id":"2609207297","node_origin":"osm_node","degree":4,"is_intersection":true,"source":"OpenStreetMap"},"geometry":{"type":"Point","coordinates":[108.9523825,34.3338053]}},{"type":"Feature","properties":{"node_id":"2624746369","node_origin":"osm_node","degree":3,"is_intersection":true,"source":"OpenStreetMap"},"geometry":{"type":"Point","coordinates":[108.9217936,34.3547064]}},{"type":"Feature","properties":{"node_id":"2624746370","node_origin":"osm_node","degree":3,"is_intersection":true,"source":"OpenStreetMap"},"geometry":{"type":"Point","coordinates":[108.9247065,34.3547064]}},{"type":"Feature","properties":{"node_id":"2640751967","node_origin":"osm_node","degree":2,"is_intersection":false,"source":"OpenStreetMap"},"geometry":{"type":"Point","coordinates":[108.9426563,34.3250516]}},{"type":"Feature","properties":{"node_id":"2640751968","node_origin":"osm_node","degree":4,"is_intersection":true,"source":"OpenStreetMap"},"geometry":{"type":"Point","coordinates":[108.9426324,34.3279916]}},{"type":"Feature","properties":{"node_id":"2640751969","node_origin":"osm_node","degree":2,"is_intersection":false,"source":"OpenStreetMap"},"geometry":{"type":"Point","coordinates":[108.9426422,34.3288668]}},{"type":"Feature","properties":{"node_id":"2640751970","node_origin":"osm_node","degree":2,"is_intersection":false,"source":"OpenStreetMap"},"geometry":{"type":"Point","coordinates":[108.942681,34.3378577]}},{"type":"Feature","properties":{"node_id":"2640751971","node_origin":"osm_node","degree":2,"is_intersection":false,"source":"OpenStreetMap"},"geometry":{"type":"Point","coordinates":[108.9426766,34.3404343]}},{"type":"Feature","properties":{"node_id":"2640751972","node_origin":"osm_node","degree":2,"is_intersection":false,"source":"OpenStreetMap"},"geometry":{"type":"Point","coordinates":[108.94271,34.3406406]}},{"type":"Feature","properties":{"node_id":"2655827532","node_origin":"osm_node","degree":2,"is_intersection":false,"source":"OpenStreetMap"},"geometry":{"type":"Point","coordinates":[108.9447888,34.3426789]}},{"type":"Feature","properties":{"node_id":"2655827533","node_origin":"osm_node","degree":2,"is_intersection":false,"source":"OpenStreetMap"},"geometry":{"type":"Point","coordinates":[108.9447269,34.3423937]}},{"type":"Feature","properties":{"node_id":"2655827534","node_origin":"osm_node","degree":2,"is_intersection":false,"source":"OpenStreetMap"},"geometry":{"type":"Point","coordinates":[108.9448837,34.3424713]}},{"type":"Feature","properties":{"node_id":"2687328225","node_origin":"osm_node","degree":4,"is_intersection":true,"source":"OpenStreetMap"},"geometry":{"type":"Point","coordinates":[108.9424586,34.3193555]}},{"type":"Feature","properties":{"node_id":"2687328227","node_origin":"osm_node","degree":2,"is_intersection":false,"source":"OpenStreetMap"},"geometry":{"type":"Point","coordinates":[108.9430414,34.3410916]}},{"type":"Feature","properties":{"node_id":"2687328231","node_origin":"osm_node","degree":3,"is_intersection":true,"source":"OpenStreetMap"},"geometry":{"type":"Point","coordinates":[108.9418895,34.341184]}},{"type":"Feature","properties":{"node_id":"2687328247","node_origin":"osm_node","degree":2,"is_intersection":false,"source":"OpenStreetMap"},"geometry":{"type":"Point","coordinates":[108.9425176,34.3410206]}},{"type":"Feature","properties":{"node_id":"2687328254","node_origin":"osm_node","degree":2,"is_intersection":false,"source":"OpenStreetMap"},"geometry":{"type":"Point","coordinates":[108.9422927,34.3410554]}},{"type":"Feature","properties":{"node_id":"2687328258","node_origin":"osm_node","degree":2,"is_intersection":false,"source":"OpenStreetMap"},"geometry":{"type":"Point","coordinates":[108.9427687,34.3410347]}},{"type":"Feature","properties":{"node_id":"2687328260","node_origin":"osm_node","degree":4,"is_intersection":true,"source":"OpenStreetMap"},"geometry":{"type":"Point","coordinates":[108.9426382,34.3313453]}},{"type":"Feature","properties":{"node_id":"2687328262","node_origin":"osm_node","degree":2,"is_intersection":false,"source":"OpenStreetMap"},"geometry":{"type":"Point","coordinates":[108.9423264,34.3408062]}},{"type":"Feature","properties":{"node_id":"2687328264","node_origin":"osm_node","degree":4,"is_intersection":true,"source":"OpenStreetMap"},"geometry":{"type":"Point","coordinates":[108.9426643,34.3388573]}},{"type":"Feature","properties":{"node_id":"2687328265","node_origin":"osm_node","degree":2,"is_intersection":false,"source":"OpenStreetMap"},"geometry":{"type":"Point","coordinates":[108.9426572,34.3254521]}},{"type":"Feature","properties":{"node_id":"2687328273","node_origin":"osm_node","degree":3,"is_intersection":true,"source":"OpenStreetMap"},"geometry":{"type":"Point","coordinates":[108.9433653,34.3412689]}},{"type":"Feature","properties":{"node_id":"2687328279","node_origin":"osm_node","degree":4,"is_intersection":true,"source":"OpenStreetMap"},"geometry":{"type":"Point","coordinates":[108.9424833,34.3349782]}},{"type":"Feature","properties":{"node_id":"2687328283","node_origin":"osm_node","degree":2,"is_intersection":false,"source":"OpenStreetMap"},"geometry":{"type":"Point","coordinates":[108.9424812,34.3335824]}},{"type":"Feature","properties":{"node_id":"2687332966","node_origin":"osm_node","degree":1,"is_intersection":false,"source":"OpenStreetMap"},"geometry":{"type":"Point","coordinates":[108.9541357,34.3219472]}},{"type":"Feature","properties":{"node_id":"2687332967","node_origin":"osm_node","degree":4,"is_intersection":true,"source":"OpenStreetMap"},"geometry":{"type":"Point","coordinates":[108.9667431,34.3279346]}},{"type":"Feature","properties":{"node_id":"2687332968","node_origin":"osm_node","degree":2,"is_intersection":false,"source":"OpenStreetMap"},"geometry":{"type":"Point","coordinates":[108.9541034,34.325321]}},{"type":"Feature","properties":{"node_id":"2687332969","node_origin":"osm_node","degree":1,"is_intersection":false,"source":"OpenStreetMap"},"geometry":{"type":"Point","coordinates":[108.95269,34.3253337]}},{"type":"Feature","properties":{"node_id":"2687332970","node_origin":"osm_node","degree":3,"is_intersection":true,"source":"OpenStreetMap"},"geometry":{"type":"Point","coordinates":[108.9524082,34.3219693]}},{"type":"Feature","properties":{"node_id":"2687332974","node_origin":"osm_node","degree":2,"is_intersection":false,"source":"OpenStreetMap"},"geometry":{"type":"Point","coordinates":[108.9636897,34.3279417]}},{"type":"Feature","properties":{"node_id":"2687332975","node_origin":"osm_node","degree":3,"is_intersection":true,"source":"OpenStreetMap"},"geometry":{"type":"Point","coordinates":[108.9542993,34.3236008]}},{"type":"Feature","properties":{"node_id":"2687332976","node_origin":"osm_node","degree":2,"is_intersection":false,"source":"OpenStreetMap"},"geometry":{"type":"Point","coordinates":[108.9543136,34.32532]}},{"type":"Feature","properties":{"node_id":"2687382323","node_origin":"osm_node","degree":1,"is_intersection":false,"source":"OpenStreetMap"},"geometry":{"type":"Point","coordinates":[108.9637514,34.3275577]}},{"type":"Feature","properties":{"node_id":"2687382324","node_origin":"osm_node","degree":3,"is_intersection":true,"source":"OpenStreetMap"},"geometry":{"type":"Point","coordinates":[108.9637571,34.3264324]}},{"type":"Feature","properties":{"node_id":"2687382325","node_origin":"osm_node","degree":4,"is_intersection":true,"source":"OpenStreetMap"},"geometry":{"type":"Point","coordinates":[108.9637371,34.3235568]}},{"type":"Feature","properties":{"node_id":"2687382326","node_origin":"osm_node","degree":2,"is_intersection":false,"source":"OpenStreetMap"},"geometry":{"type":"Point","coordinates":[108.9652749,34.3265388]}},{"type":"Feature","properties":{"node_id":"2687382327","node_origin":"osm_node","degree":2,"is_intersection":false,"source":"OpenStreetMap"},"geometry":{"type":"Point","coordinates":[108.965291,34.3268356]}},{"type":"Feature","properties":{"node_id":"2687382328","node_origin":"osm_node","degree":3,"is_intersection":true,"source":"OpenStreetMap"},"geometry":{"type":"Point","coordinates":[108.9637528,34.3272786]}},{"type":"Feature","properties":{"node_id":"2687382329","node_origin":"osm_node","degree":4,"is_intersection":true,"source":"OpenStreetMap"},"geometry":{"type":"Point","coordinates":[108.9667597,34.3254552]}},{"type":"Feature","properties":{"node_id":"2687382330","node_origin":"osm_node","degree":2,"is_intersection":false,"source":"OpenStreetMap"},"geometry":{"type":"Point","coordinates":[108.9648136,34.3271767]}},{"type":"Feature","properties":{"node_id":"2687382331","node_origin":"osm_node","degree":2,"is_intersection":false,"source":"OpenStreetMap"},"geometry":{"type":"Point","coordinates":[108.9653178,34.3266185]}},{"type":"Feature","properties":{"node_id":"2687382332","node_origin":"osm_node","degree":2,"is_intersection":false,"source":"OpenStreetMap"},"geometry":{"type":"Point","coordinates":[108.9649262,34.3264369]}},{"type":"Feature","properties":{"node_id":"2687382333","node_origin":"osm_node","degree":2,"is_intersection":false,"source":"OpenStreetMap"},"geometry":{"type":"Point","coordinates":[108.9653285,34.3267337]}},{"type":"Feature","properties":{"node_id":"2687382334","node_origin":"osm_node","degree":2,"is_intersection":false,"source":"OpenStreetMap"},"geometry":{"type":"Point","coordinates":[108.9650228,34.3270748]}},{"type":"Feature","properties":{"node_id":"2687382335","node_origin":"osm_node","degree":2,"is_intersection":false,"source":"OpenStreetMap"},"geometry":{"type":"Point","coordinates":[108.9645936,34.3272476]}},{"type":"Feature","properties":{"node_id":"2687382336","node_origin":"osm_node","degree":2,"is_intersection":false,"source":"OpenStreetMap"},"geometry":{"type":"Point","coordinates":[108.9652052,34.3269508]}},{"type":"Feature","properties":{"node_id":"2687382337","node_origin":"osm_node","degree":4,"is_intersection":true,"source":"OpenStreetMap"},"geometry":{"type":"Point","coordinates":[108.963687,34.3254817]}},{"type":"Feature","properties":{"node_id":"2687382338","node_origin":"osm_node","degree":2,"is_intersection":false,"source":"OpenStreetMap"},"geometry":{"type":"Point","coordinates":[108.9640357,34.3272742]}},{"type":"Feature","properties":{"node_id":"2687382339","node_origin":"osm_node","degree":2,"is_intersection":false,"source":"OpenStreetMap"},"geometry":{"type":"Point","coordinates":[108.965114,34.3264546]}},{"type":"Feature","properties":{"node_id":"2709656155","node_origin":"osm_node","degree":4,"is_intersection":true,"source":"OpenStreetMap"},"geometry":{"type":"Point","coordinates":[108.9251736,34.3261495]}},{"type":"Feature","properties":{"node_id":"2709656157","node_origin":"osm_node","degree":3,"is_intersection":true,"source":"OpenStreetMap"},"geometry":{"type":"Point","coordinates":[108.932954,34.3261442]}},{"type":"Feature","properties":{"node_id":"2712358375","node_origin":"osm_node","degree":2,"is_intersection":false,"source":"OpenStreetMap"},"geometry":{"type":"Point","coordinates":[108.9416155,34.3488532]}},{"type":"Feature","properties":{"node_id":"2713465614","node_origin":"osm_node","degree":4,"is_intersection":true,"source":"OpenStreetMap"},"geometry":{"type":"Point","coordinates":[108.9163454,34.3284841]}},{"type":"Feature","properties":{"node_id":"2713465618","node_origin":"osm_node","degree":2,"is_intersection":false,"source":"OpenStreetMap"},"geometry":{"type":"Point","coordinates":[108.9154025,34.3434224]}},{"type":"Feature","properties":{"node_id":"2713465619","node_origin":"osm_node","degree":2,"is_intersection":false,"source":"OpenStreetMap"},"geometry":{"type":"Point","coordinates":[108.9153615,34.3441747]}},{"type":"Feature","properties":{"node_id":"2713465620","node_origin":"osm_node","degree":4,"is_intersection":true,"source":"OpenStreetMap"},"geometry":{"type":"Point","coordinates":[108.9152036,34.345934]}},{"type":"Feature","properties":{"node_id":"2713465621","node_origin":"osm_node","degree":4,"is_intersection":true,"source":"OpenStreetMap"},"geometry":{"type":"Point","coordinates":[108.9148603,34.3489256]}},{"type":"Feature","properties":{"node_id":"2715499350","node_origin":"osm_node","degree":2,"is_intersection":false,"source":"OpenStreetMap"},"geometry":{"type":"Point","coordinates":[108.9669141,34.3172864]}},{"type":"Feature","properties":{"node_id":"2715499352","node_origin":"osm_node","degree":2,"is_intersection":false,"source":"OpenStreetMap"},"geometry":{"type":"Point","coordinates":[108.9669169,34.3173492]}},{"type":"Feature","properties":{"node_id":"2715499354","node_origin":"osm_node","degree":2,"is_intersection":false,"source":"OpenStreetMap"},"geometry":{"type":"Point","coordinates":[108.9669125,34.3193057]}},{"type":"Feature","properties":{"node_id":"2715499356","node_origin":"osm_node","degree":4,"is_intersection":true,"source":"OpenStreetMap"},"geometry":{"type":"Point","coordinates":[108.9669165,34.3236076]}},{"type":"Feature","properties":{"node_id":"2715499358","node_origin":"osm_node","degree":2,"is_intersection":false,"source":"OpenStreetMap"},"geometry":{"type":"Point","coordinates":[108.9669143,34.3277849]}},{"type":"Feature","properties":{"node_id":"2715499360","node_origin":"osm_node","degree":4,"is_intersection":true,"source":"OpenStreetMap"},"geometry":{"type":"Point","coordinates":[108.9669139,34.3310478]}},{"type":"Feature","properties":{"node_id":"2715499361","node_origin":"osm_node","degree":4,"is_intersection":true,"source":"OpenStreetMap"},"geometry":{"type":"Point","coordinates":[108.9669133,34.3362608]}},{"type":"Feature","properties":{"node_id":"2715499364","node_origin":"osm_node","degree":2,"is_intersection":false,"source":"OpenStreetMap"},"geometry":{"type":"Point","coordinates":[108.9670164,34.3409318]}},{"type":"Feature","properties":{"node_id":"2715499366","node_origin":"osm_node","degree":2,"is_intersection":false,"source":"OpenStreetMap"},"geometry":{"type":"Point","coordinates":[108.9671568,34.3413317]}},{"type":"Feature","properties":{"node_id":"2715499368","node_origin":"osm_node","degree":2,"is_intersection":false,"source":"OpenStreetMap"},"geometry":{"type":"Point","coordinates":[108.9693034,34.3436966]}},{"type":"Feature","properties":{"node_id":"2715499370","node_origin":"osm_node","degree":2,"is_intersection":false,"source":"OpenStreetMap"},"geometry":{"type":"Point","coordinates":[108.9678335,34.3423423]}},{"type":"Feature","properties":{"node_id":"2741528819","node_origin":"osm_node","degree":3,"is_intersection":true,"source":"OpenStreetMap"},"geometry":{"type":"Point","coordinates":[108.9150736,34.3425912]}},{"type":"Feature","properties":{"node_id":"2887954172","node_origin":"osm_node","degree":2,"is_intersection":false,"source":"OpenStreetMap"},"geometry":{"type":"Point","coordinates":[108.9573825,34.3169272]}},{"type":"Feature","properties":{"node_id":"2887954173","node_origin":"osm_node","degree":1,"is_intersection":false,"source":"OpenStreetMap"},"geometry":{"type":"Point","coordinates":[108.9386712,34.3174313]}},{"type":"Feature","properties":{"node_id":"2887954177","node_origin":"osm_node","degree":2,"is_intersection":false,"source":"OpenStreetMap"},"geometry":{"type":"Point","coordinates":[108.9573229,34.3166885]}},{"type":"Feature","properties":{"node_id":"2887954180","node_origin":"osm_node","degree":1,"is_intersection":false,"source":"OpenStreetMap"},"geometry":{"type":"Point","coordinates":[108.9459335,34.3174756]}},{"type":"Feature","properties":{"node_id":"2887954181","node_origin":"osm_node","degree":2,"is_intersection":false,"source":"OpenStreetMap"},"geometry":{"type":"Point","coordinates":[108.9574537,34.3173326]}},{"type":"Feature","properties":{"node_id":"2887954183","node_origin":"osm_node","degree":1,"is_intersection":false,"source":"OpenStreetMap"},"geometry":{"type":"Point","coordinates":[108.9573143,34.3180681]}},{"type":"Feature","properties":{"node_id":"2887954184","node_origin":"osm_node","degree":2,"is_intersection":false,"source":"OpenStreetMap"},"geometry":{"type":"Point","coordinates":[108.9573813,34.3177225]}},{"type":"Feature","properties":{"node_id":"2918118720","node_origin":"osm_node","degree":2,"is_intersection":false,"source":"OpenStreetMap"},"geometry":{"type":"Point","coordinates":[108.9341574,34.3618937]}},{"type":"Feature","properties":{"node_id":"2928692518","node_origin":"osm_node","degree":2,"is_intersection":false,"source":"OpenStreetMap"},"geometry":{"type":"Point","coordinates":[108.9464208,34.3193838]}},{"type":"Feature","properties":{"node_id":"2928692519","node_origin":"osm_node","degree":3,"is_intersection":true,"source":"OpenStreetMap"},"geometry":{"type":"Point","coordinates":[108.9291919,34.3240959]}},{"type":"Feature","properties":{"node_id":"2928692520","node_origin":"osm_node","degree":3,"is_intersection":true,"source":"OpenStreetMap"},"geometry":{"type":"Point","coordinates":[108.9490807,34.3309788]}},{"type":"Feature","properties":{"node_id":"2928692521","node_origin":"osm_node","degree":1,"is_intersection":false,"source":"OpenStreetMap"},"geometry":{"type":"Point","coordinates":[108.9440906,34.3309791]}},{"type":"Feature","properties":{"node_id":"2928692526","node_origin":"osm_node","degree":3,"is_intersection":true,"source":"OpenStreetMap"},"geometry":{"type":"Point","coordinates":[108.9514489,34.3294337]}},{"type":"Feature","properties":{"node_id":"2928692527","node_origin":"osm_node","degree":3,"is_intersection":true,"source":"OpenStreetMap"},"geometry":{"type":"Point","coordinates":[108.9292252,34.3313241]}},{"type":"Feature","properties":{"node_id":"2928692528","node_origin":"osm_node","degree":2,"is_intersection":false,"source":"OpenStreetMap"},"geometry":{"type":"Point","coordinates":[108.9292008,34.3345015]}},{"type":"Feature","properties":{"node_id":"2928692529","node_origin":"osm_node","degree":3,"is_intersection":true,"source":"OpenStreetMap"},"geometry":{"type":"Point","coordinates":[108.9303925,34.3313322]}},{"type":"Feature","properties":{"node_id":"2928692530","node_origin":"osm_node","degree":2,"is_intersection":false,"source":"OpenStreetMap"},"geometry":{"type":"Point","coordinates":[108.9303995,34.334496]}},{"type":"Feature","properties":{"node_id":"2928692531","node_origin":"osm_node","degree":2,"is_intersection":false,"source":"OpenStreetMap"},"geometry":{"type":"Point","coordinates":[108.9291913,34.3322122]}},{"type":"Feature","properties":{"node_id":"2928692532","node_origin":"osm_node","degree":2,"is_intersection":false,"source":"OpenStreetMap"},"geometry":{"type":"Point","coordinates":[108.9303702,34.3322068]}},{"type":"Feature","properties":{"node_id":"2930566671","node_origin":"osm_node","degree":2,"is_intersection":false,"source":"OpenStreetMap"},"geometry":{"type":"Point","coordinates":[108.9227711,34.362221]}},{"type":"Feature","properties":{"node_id":"2944538698","node_origin":"osm_node","degree":2,"is_intersection":false,"source":"OpenStreetMap"},"geometry":{"type":"Point","coordinates":[108.9329555,34.3341823]}},{"type":"Feature","properties":{"node_id":"2944538699","node_origin":"osm_node","degree":2,"is_intersection":false,"source":"OpenStreetMap"},"geometry":{"type":"Point","coordinates":[108.9359362,34.3341538]}},{"type":"Feature","properties":{"node_id":"2944538700","node_origin":"osm_node","degree":2,"is_intersection":false,"source":"OpenStreetMap"},"geometry":{"type":"Point","coordinates":[108.9350918,34.3348382]}},{"type":"Feature","properties":{"node_id":"2944538701","node_origin":"osm_node","degree":3,"is_intersection":true,"source":"OpenStreetMap"},"geometry":{"type":"Point","coordinates":[108.9350949,34.3341523]}},{"type":"Feature","properties":{"node_id":"2944538702","node_origin":"osm_node","degree":3,"is_intersection":true,"source":"OpenStreetMap"},"geometry":{"type":"Point","coordinates":[108.9349816,34.3341521]}},{"type":"Feature","properties":{"node_id":"2944538703","node_origin":"osm_node","degree":2,"is_intersection":false,"source":"OpenStreetMap"},"geometry":{"type":"Point","coordinates":[108.9349745,34.3321374]}},{"type":"Feature","properties":{"node_id":"2944538704","node_origin":"osm_node","degree":2,"is_intersection":false,"source":"OpenStreetMap"},"geometry":{"type":"Point","coordinates":[108.9363265,34.3338501]}},{"type":"Feature","properties":{"node_id":"2944538705","node_origin":"osm_node","degree":2,"is_intersection":false,"source":"OpenStreetMap"},"geometry":{"type":"Point","coordinates":[108.9364893,34.3336163]}},{"type":"Feature","properties":{"node_id":"2944538706","node_origin":"osm_node","degree":2,"is_intersection":false,"source":"OpenStreetMap"},"geometry":{"type":"Point","coordinates":[108.9366097,34.3333182]}},{"type":"Feature","properties":{"node_id":"2944538707","node_origin":"osm_node","degree":2,"is_intersection":false,"source":"OpenStreetMap"},"geometry":{"type":"Point","coordinates":[108.9366521,34.333137]}},{"type":"Feature","properties":{"node_id":"2944538708","node_origin":"osm_node","degree":2,"is_intersection":false,"source":"OpenStreetMap"},"geometry":{"type":"Point","coordinates":[108.9366734,34.3328798]}},{"type":"Feature","properties":{"node_id":"2944538709","node_origin":"osm_node","degree":2,"is_intersection":false,"source":"OpenStreetMap"},"geometry":{"type":"Point","coordinates":[108.9366238,34.3326051]}},{"type":"Feature","properties":{"node_id":"2944538710","node_origin":"osm_node","degree":2,"is_intersection":false,"source":"OpenStreetMap"},"geometry":{"type":"Point","coordinates":[108.936553,34.3323946]}},{"type":"Feature","properties":{"node_id":"2944538711","node_origin":"osm_node","degree":2,"is_intersection":false,"source":"OpenStreetMap"},"geometry":{"type":"Point","coordinates":[108.9364327,34.3322017]}},{"type":"Feature","properties":{"node_id":"2944538712","node_origin":"osm_node","degree":2,"is_intersection":false,"source":"OpenStreetMap"},"geometry":{"type":"Point","coordinates":[108.9360575,34.3320439]}},{"type":"Feature","properties":{"node_id":"2944538713","node_origin":"osm_node","degree":2,"is_intersection":false,"source":"OpenStreetMap"},"geometry":{"type":"Point","coordinates":[108.9352435,34.3320205]}},{"type":"Feature","properties":{"node_id":"2944538714","node_origin":"osm_node","degree":3,"is_intersection":true,"source":"OpenStreetMap"},"geometry":{"type":"Point","coordinates":[108.9350909,34.3345222]}},{"type":"Feature","properties":{"node_id":"2944538715","node_origin":"osm_node","degree":2,"is_intersection":false,"source":"OpenStreetMap"},"geometry":{"type":"Point","coordinates":[108.9353639,34.3345106]}},{"type":"Feature","properties":{"node_id":"2944538716","node_origin":"osm_node","degree":2,"is_intersection":false,"source":"OpenStreetMap"},"geometry":{"type":"Point","coordinates":[108.9355267,34.3345398]}},{"type":"Feature","properties":{"node_id":"2944538717","node_origin":"osm_node","degree":2,"is_intersection":false,"source":"OpenStreetMap"},"geometry":{"type":"Point","coordinates":[108.9356328,34.3345573]}},{"type":"Feature","properties":{"node_id":"2944538718","node_origin":"osm_node","degree":2,"is_intersection":false,"source":"OpenStreetMap"},"geometry":{"type":"Point","coordinates":[108.9358593,34.3345573]}},{"type":"Feature","properties":{"node_id":"2944538719","node_origin":"osm_node","degree":2,"is_intersection":false,"source":"OpenStreetMap"},"geometry":{"type":"Point","coordinates":[108.9360788,34.3345515]}},{"type":"Feature","properties":{"node_id":"2944538720","node_origin":"osm_node","degree":2,"is_intersection":false,"source":"OpenStreetMap"},"geometry":{"type":"Point","coordinates":[108.9363194,34.3345398]}},{"type":"Feature","properties":{"node_id":"2944538721","node_origin":"osm_node","degree":2,"is_intersection":false,"source":"OpenStreetMap"},"geometry":{"type":"Point","coordinates":[108.936638,34.3345281]}},{"type":"Feature","properties":{"node_id":"2944538722","node_origin":"osm_node","degree":2,"is_intersection":false,"source":"OpenStreetMap"},"geometry":{"type":"Point","coordinates":[108.9368999,34.3345223]}},{"type":"Feature","properties":{"node_id":"2944538723","node_origin":"osm_node","degree":2,"is_intersection":false,"source":"OpenStreetMap"},"geometry":{"type":"Point","coordinates":[108.9371122,34.3345515]}},{"type":"Feature","properties":{"node_id":"2944538724","node_origin":"osm_node","degree":1,"is_intersection":false,"source":"OpenStreetMap"},"geometry":{"type":"Point","coordinates":[108.9374782,34.334556]}},{"type":"Feature","properties":{"node_id":"2944538725","node_origin":"osm_node","degree":1,"is_intersection":false,"source":"OpenStreetMap"},"geometry":{"type":"Point","coordinates":[108.9374765,34.3348221]}},{"type":"Feature","properties":{"node_id":"2944538731","node_origin":"osm_node","degree":2,"is_intersection":false,"source":"OpenStreetMap"},"geometry":{"type":"Point","coordinates":[108.936659,34.3330532]}},{"type":"Feature","properties":{"node_id":"2944547231","node_origin":"osm_node","degree":2,"is_intersection":false,"source":"OpenStreetMap"},"geometry":{"type":"Point","coordinates":[108.9356017,34.3313435]}},{"type":"Feature","properties":{"node_id":"2944547232","node_origin":"osm_node","degree":3,"is_intersection":true,"source":"OpenStreetMap"},"geometry":{"type":"Point","coordinates":[108.9355813,34.3320215]}},{"type":"Feature","properties":{"node_id":"2971588531","node_origin":"osm_node","degree":2,"is_intersection":false,"source":"OpenStreetMap"},"geometry":{"type":"Point","coordinates":[108.9673028,34.3416292]}},{"type":"Feature","properties":{"node_id":"2971588532","node_origin":"osm_node","degree":2,"is_intersection":false,"source":"OpenStreetMap"},"geometry":{"type":"Point","coordinates":[108.9668207,34.3414785]}},{"type":"Feature","properties":{"node_id":"2973879074","node_origin":"osm_node","degree":2,"is_intersection":false,"source":"OpenStreetMap"},"geometry":{"type":"Point","coordinates":[108.9251574,34.3665593]}},{"type":"Feature","properties":{"node_id":"2975183227","node_origin":"osm_node","degree":3,"is_intersection":true,"source":"OpenStreetMap"},"geometry":{"type":"Point","coordinates":[108.9418279,34.3469772]}},{"type":"Feature","properties":{"node_id":"2975183228","node_origin":"osm_node","degree":3,"is_intersection":true,"source":"OpenStreetMap"},"geometry":{"type":"Point","coordinates":[108.9391175,34.3469964]}},{"type":"Feature","properties":{"node_id":"2975183229","node_origin":"osm_node","degree":3,"is_intersection":true,"source":"OpenStreetMap"},"geometry":{"type":"Point","coordinates":[108.9391233,34.3468539]}},{"type":"Feature","properties":{"node_id":"2975183230","node_origin":"osm_node","degree":3,"is_intersection":true,"source":"OpenStreetMap"},"geometry":{"type":"Point","coordinates":[108.941802,34.3468687]}},{"type":"Feature","properties":{"node_id":"2975183231","node_origin":"osm_node","degree":2,"is_intersection":false,"source":"OpenStreetMap"},"geometry":{"type":"Point","coordinates":[108.9391501,34.3469241]}},{"type":"Feature","properties":{"node_id":"2975183232","node_origin":"osm_node","degree":2,"is_intersection":false,"source":"OpenStreetMap"},"geometry":{"type":"Point","coordinates":[108.9391413,34.3469626]}},{"type":"Feature","properties":{"node_id":"2975183233","node_origin":"osm_node","degree":2,"is_intersection":false,"source":"OpenStreetMap"},"geometry":{"type":"Point","coordinates":[108.9388696,34.3469304]}},{"type":"Feature","properties":{"node_id":"2975183234","node_origin":"osm_node","degree":2,"is_intersection":false,"source":"OpenStreetMap"},"geometry":{"type":"Point","coordinates":[108.9388736,34.3468932]}},{"type":"Feature","properties":{"node_id":"2975183235","node_origin":"osm_node","degree":2,"is_intersection":false,"source":"OpenStreetMap"},"geometry":{"type":"Point","coordinates":[108.9390814,34.3470218]}},{"type":"Feature","properties":{"node_id":"2975183237","node_origin":"osm_node","degree":2,"is_intersection":false,"source":"OpenStreetMap"},"geometry":{"type":"Point","coordinates":[108.9389446,34.3470249]}},{"type":"Feature","properties":{"node_id":"2975183238","node_origin":"osm_node","degree":2,"is_intersection":false,"source":"OpenStreetMap"},"geometry":{"type":"Point","coordinates":[108.9389069,34.3470011]}},{"type":"Feature","properties":{"node_id":"2975183239","node_origin":"osm_node","degree":2,"is_intersection":false,"source":"OpenStreetMap"},"geometry":{"type":"Point","coordinates":[108.9388809,34.3469684]}},{"type":"Feature","properties":{"node_id":"2975183240","node_origin":"osm_node","degree":2,"is_intersection":false,"source":"OpenStreetMap"},"geometry":{"type":"Point","coordinates":[108.9388917,34.3468591]}},{"type":"Feature","properties":{"node_id":"2975183241","node_origin":"osm_node","degree":2,"is_intersection":false,"source":"OpenStreetMap"},"geometry":{"type":"Point","coordinates":[108.9389221,34.3468314]}},{"type":"Feature","properties":{"node_id":"2975183242","node_origin":"osm_node","degree":2,"is_intersection":false,"source":"OpenStreetMap"},"geometry":{"type":"Point","coordinates":[108.9389615,34.3468131]}},{"type":"Feature","properties":{"node_id":"2975183243","node_origin":"osm_node","degree":2,"is_intersection":false,"source":"OpenStreetMap"},"geometry":{"type":"Point","coordinates":[108.9390059,34.3468061]}},{"type":"Feature","properties":{"node_id":"2975183244","node_origin":"osm_node","degree":2,"is_intersection":false,"source":"OpenStreetMap"},"geometry":{"type":"Point","coordinates":[108.9390507,34.3468111]}},{"type":"Feature","properties":{"node_id":"2975183245","node_origin":"osm_node","degree":2,"is_intersection":false,"source":"OpenStreetMap"},"geometry":{"type":"Point","coordinates":[108.9390912,34.3468276]}},{"type":"Feature","properties":{"node_id":"2975183246","node_origin":"osm_node","degree":2,"is_intersection":false,"source":"OpenStreetMap"},"geometry":{"type":"Point","coordinates":[108.9391437,34.3468872]}},{"type":"Feature","properties":{"node_id":"2975183362","node_origin":"osm_node","degree":2,"is_intersection":false,"source":"OpenStreetMap"},"geometry":{"type":"Point","coordinates":[108.9390574,34.3425859]}},{"type":"Feature","properties":{"node_id":"2975183363","node_origin":"osm_node","degree":2,"is_intersection":false,"source":"OpenStreetMap"},"geometry":{"type":"Point","coordinates":[108.9332709,34.3469118]}},{"type":"Feature","properties":{"node_id":"2975312386","node_origin":"osm_node","degree":2,"is_intersection":false,"source":"OpenStreetMap"},"geometry":{"type":"Point","coordinates":[108.9314642,34.3240291]}},{"type":"Feature","properties":{"node_id":"2975312424","node_origin":"osm_node","degree":2,"is_intersection":false,"source":"OpenStreetMap"},"geometry":{"type":"Point","coordinates":[108.93297,34.3230855]}},{"type":"Feature","properties":{"node_id":"2975312608","node_origin":"osm_node","degree":2,"is_intersection":false,"source":"OpenStreetMap"},"geometry":{"type":"Point","coordinates":[108.9299837,34.3216258]}},{"type":"Feature","properties":{"node_id":"311462042","node_origin":"osm_node","degree":4,"is_intersection":true,"source":"OpenStreetMap"},"geometry":{"type":"Point","coordinates":[108.9251454,34.3389459]}},{"type":"Feature","properties":{"node_id":"3367465976","node_origin":"osm_node","degree":2,"is_intersection":false,"source":"OpenStreetMap"},"geometry":{"type":"Point","coordinates":[108.9180924,34.3496538]}},{"type":"Feature","properties":{"node_id":"3367465977","node_origin":"osm_node","degree":4,"is_intersection":true,"source":"OpenStreetMap"},"geometry":{"type":"Point","coordinates":[108.9180895,34.3531343]}},{"type":"Feature","properties":{"node_id":"3392157159","node_origin":"osm_node","degree":4,"is_intersection":true,"source":"OpenStreetMap"},"geometry":{"type":"Point","coordinates":[108.9668966,34.3185627]}},{"type":"Feature","properties":{"node_id":"3392157160","node_origin":"osm_node","degree":2,"is_intersection":false,"source":"OpenStreetMap"},"geometry":{"type":"Point","coordinates":[108.9614052,34.3185983]}},{"type":"Feature","properties":{"node_id":"3392157161","node_origin":"osm_node","degree":2,"is_intersection":false,"source":"OpenStreetMap"},"geometry":{"type":"Point","coordinates":[108.9591199,34.3187923]}},{"type":"Feature","properties":{"node_id":"3392157162","node_origin":"osm_node","degree":2,"is_intersection":false,"source":"OpenStreetMap"},"geometry":{"type":"Point","coordinates":[108.9566102,34.3193563]}},{"type":"Feature","properties":{"node_id":"3392157163","node_origin":"osm_node","degree":4,"is_intersection":true,"source":"OpenStreetMap"},"geometry":{"type":"Point","coordinates":[108.9556796,34.3193951]}},{"type":"Feature","properties":{"node_id":"3444336185","node_origin":"osm_node","degree":2,"is_intersection":false,"source":"OpenStreetMap"},"geometry":{"type":"Point","coordinates":[108.9193171,34.319386]}},{"type":"Feature","properties":{"node_id":"3444336186","node_origin":"osm_node","degree":4,"is_intersection":true,"source":"OpenStreetMap"},"geometry":{"type":"Point","coordinates":[108.9329615,34.3193667]}},{"type":"Feature","properties":{"node_id":"3547180837","node_origin":"osm_node","degree":2,"is_intersection":false,"source":"OpenStreetMap"},"geometry":{"type":"Point","coordinates":[108.9438436,34.3575225]}},{"type":"Feature","properties":{"node_id":"3547180838","node_origin":"osm_node","degree":2,"is_intersection":false,"source":"OpenStreetMap"},"geometry":{"type":"Point","coordinates":[108.9439851,34.3573632]}},{"type":"Feature","properties":{"node_id":"3547180841","node_origin":"osm_node","degree":2,"is_intersection":false,"source":"OpenStreetMap"},"geometry":{"type":"Point","coordinates":[108.9441173,34.3582638]}},{"type":"Feature","properties":{"node_id":"3763636383","node_origin":"osm_node","degree":2,"is_intersection":false,"source":"OpenStreetMap"},"geometry":{"type":"Point","coordinates":[108.9593674,34.3189011]}},{"type":"Feature","properties":{"node_id":"3763636384","node_origin":"osm_node","degree":3,"is_intersection":true,"source":"OpenStreetMap"},"geometry":{"type":"Point","coordinates":[108.9514401,34.3304592]}},{"type":"Feature","properties":{"node_id":"3763636386","node_origin":"osm_node","degree":4,"is_intersection":true,"source":"OpenStreetMap"},"geometry":{"type":"Point","coordinates":[108.961191,34.3187853]}},{"type":"Feature","properties":{"node_id":"3826398999","node_origin":"osm_node","degree":2,"is_intersection":false,"source":"OpenStreetMap"},"geometry":{"type":"Point","coordinates":[108.9678628,34.3498866]}},{"type":"Feature","properties":{"node_id":"3896578168","node_origin":"osm_node","degree":3,"is_intersection":true,"source":"OpenStreetMap"},"geometry":{"type":"Point","coordinates":[108.9690943,34.3185638]}},{"type":"Feature","properties":{"node_id":"3930274606","node_origin":"osm_node","degree":4,"is_intersection":true,"source":"OpenStreetMap"},"geometry":{"type":"Point","coordinates":[108.9669016,34.3207313]}},{"type":"Feature","properties":{"node_id":"3930274610","node_origin":"osm_node","degree":2,"is_intersection":false,"source":"OpenStreetMap"},"geometry":{"type":"Point","coordinates":[108.9695954,34.3207087]}},{"type":"Feature","properties":{"node_id":"3930296803","node_origin":"osm_node","degree":4,"is_intersection":true,"source":"OpenStreetMap"},"geometry":{"type":"Point","coordinates":[108.9608506,34.3600349]}},{"type":"Feature","properties":{"node_id":"3930296804","node_origin":"osm_node","degree":3,"is_intersection":true,"source":"OpenStreetMap"},"geometry":{"type":"Point","coordinates":[108.9631231,34.3600394]}},{"type":"Feature","properties":{"node_id":"3930296805","node_origin":"osm_node","degree":1,"is_intersection":false,"source":"OpenStreetMap"},"geometry":{"type":"Point","coordinates":[108.955136,34.3600347]}},{"type":"Feature","properties":{"node_id":"4019421455","node_origin":"osm_node","degree":4,"is_intersection":true,"source":"OpenStreetMap"},"geometry":{"type":"Point","coordinates":[108.9669164,34.3337119]}},{"type":"Feature","properties":{"node_id":"4019423158","node_origin":"osm_node","degree":2,"is_intersection":false,"source":"OpenStreetMap"},"geometry":{"type":"Point","coordinates":[108.9668414,34.3407683]}},{"type":"Feature","properties":{"node_id":"4019423159","node_origin":"osm_node","degree":2,"is_intersection":false,"source":"OpenStreetMap"},"geometry":{"type":"Point","coordinates":[108.9661618,34.3415553]}},{"type":"Feature","properties":{"node_id":"4019423900","node_origin":"osm_node","degree":3,"is_intersection":true,"source":"OpenStreetMap"},"geometry":{"type":"Point","coordinates":[108.9661005,34.3414497]}},{"type":"Feature","properties":{"node_id":"4019423901","node_origin":"osm_node","degree":4,"is_intersection":true,"source":"OpenStreetMap"},"geometry":{"type":"Point","coordinates":[108.9607538,34.3414562]}},{"type":"Feature","properties":{"node_id":"4019425309","node_origin":"osm_node","degree":2,"is_intersection":false,"source":"OpenStreetMap"},"geometry":{"type":"Point","coordinates":[108.9659814,34.3418683]}},{"type":"Feature","properties":{"node_id":"4028113731","node_origin":"osm_node","degree":1,"is_intersection":false,"source":"OpenStreetMap"},"geometry":{"type":"Point","coordinates":[108.9147955,34.3195096]}},{"type":"Feature","properties":{"node_id":"4028113732","node_origin":"osm_node","degree":2,"is_intersection":false,"source":"OpenStreetMap"},"geometry":{"type":"Point","coordinates":[108.9166623,34.3193999]}},{"type":"Feature","properties":{"node_id":"4028113733","node_origin":"osm_node","degree":2,"is_intersection":false,"source":"OpenStreetMap"},"geometry":{"type":"Point","coordinates":[108.9173017,34.3193399]}},{"type":"Feature","properties":{"node_id":"4028113734","node_origin":"osm_node","degree":3,"is_intersection":true,"source":"OpenStreetMap"},"geometry":{"type":"Point","coordinates":[108.9178209,34.3193787]}},{"type":"Feature","properties":{"node_id":"4028113735","node_origin":"osm_node","degree":4,"is_intersection":true,"source":"OpenStreetMap"},"geometry":{"type":"Point","coordinates":[108.9251739,34.3193698]}},{"type":"Feature","properties":{"node_id":"4028119611","node_origin":"osm_node","degree":3,"is_intersection":true,"source":"OpenStreetMap"},"geometry":{"type":"Point","coordinates":[108.9568042,34.3452008]}},{"type":"Feature","properties":{"node_id":"4028119612","node_origin":"osm_node","degree":4,"is_intersection":true,"source":"OpenStreetMap"},"geometry":{"type":"Point","coordinates":[108.9607381,34.333745]}},{"type":"Feature","properties":{"node_id":"4028119613","node_origin":"osm_node","degree":2,"is_intersection":false,"source":"OpenStreetMap"},"geometry":{"type":"Point","coordinates":[108.9570885,34.3431308]}},{"type":"Feature","properties":{"node_id":"4028119614","node_origin":"osm_node","degree":3,"is_intersection":true,"source":"OpenStreetMap"},"geometry":{"type":"Point","coordinates":[108.957202,34.3425025]}},{"type":"Feature","properties":{"node_id":"4028119615","node_origin":"osm_node","degree":4,"is_intersection":true,"source":"OpenStreetMap"},"geometry":{"type":"Point","coordinates":[108.9490807,34.3349482]}},{"type":"Feature","properties":{"node_id":"4028119616","node_origin":"osm_node","degree":4,"is_intersection":true,"source":"OpenStreetMap"},"geometry":{"type":"Point","coordinates":[108.9523929,34.3349717]}},{"type":"Feature","properties":{"node_id":"4028119617","node_origin":"osm_node","degree":2,"is_intersection":false,"source":"OpenStreetMap"},"geometry":{"type":"Point","coordinates":[108.9572095,34.3428381]}},{"type":"Feature","properties":{"node_id":"4028119618","node_origin":"osm_node","degree":2,"is_intersection":false,"source":"OpenStreetMap"},"geometry":{"type":"Point","coordinates":[108.9567857,34.3438745]}},{"type":"Feature","properties":{"node_id":"4028119619","node_origin":"osm_node","degree":4,"is_intersection":true,"source":"OpenStreetMap"},"geometry":{"type":"Point","coordinates":[108.9637171,34.3418669]}},{"type":"Feature","properties":{"node_id":"4028119620","node_origin":"osm_node","degree":2,"is_intersection":false,"source":"OpenStreetMap"},"geometry":{"type":"Point","coordinates":[108.9568876,34.3435024]}},{"type":"Feature","properties":{"node_id":"4028126770","node_origin":"osm_node","degree":2,"is_intersection":false,"source":"OpenStreetMap"},"geometry":{"type":"Point","coordinates":[108.9473545,34.3302409]}},{"type":"Feature","properties":{"node_id":"4028126771","node_origin":"osm_node","degree":4,"is_intersection":true,"source":"OpenStreetMap"},"geometry":{"type":"Point","coordinates":[108.9456234,34.3309789]}},{"type":"Feature","properties":{"node_id":"4028137136","node_origin":"osm_node","degree":3,"is_intersection":true,"source":"OpenStreetMap"},"geometry":{"type":"Point","coordinates":[108.9490852,34.3503862]}},{"type":"Feature","properties":{"node_id":"4028137137","node_origin":"osm_node","degree":4,"is_intersection":true,"source":"OpenStreetMap"},"geometry":{"type":"Point","coordinates":[108.9490819,34.3525277]}},{"type":"Feature","properties":{"node_id":"4028137138","node_origin":"osm_node","degree":3,"is_intersection":true,"source":"OpenStreetMap"},"geometry":{"type":"Point","coordinates":[108.9564421,34.351431]}},{"type":"Feature","properties":{"node_id":"4028137139","node_origin":"osm_node","degree":4,"is_intersection":true,"source":"OpenStreetMap"},"geometry":{"type":"Point","coordinates":[108.9581451,34.3514206]}},{"type":"Feature","properties":{"node_id":"4044674428","node_origin":"osm_node","degree":4,"is_intersection":true,"source":"OpenStreetMap"},"geometry":{"type":"Point","coordinates":[108.9667315,34.3185883]}},{"type":"Feature","properties":{"node_id":"4049953877","node_origin":"osm_node","degree":2,"is_intersection":false,"source":"OpenStreetMap"},"geometry":{"type":"Point","coordinates":[108.9466793,34.3592603]}},{"type":"Feature","properties":{"node_id":"4049953878","node_origin":"osm_node","degree":2,"is_intersection":false,"source":"OpenStreetMap"},"geometry":{"type":"Point","coordinates":[108.9470792,34.3591299]}},{"type":"Feature","properties":{"node_id":"4050765860","node_origin":"osm_node","degree":4,"is_intersection":true,"source":"OpenStreetMap"},"geometry":{"type":"Point","coordinates":[108.9153836,34.3425955]}},{"type":"Feature","properties":{"node_id":"4066090268","node_origin":"osm_node","degree":2,"is_intersection":false,"source":"OpenStreetMap"},"geometry":{"type":"Point","coordinates":[108.9180948,34.3529231]}},{"type":"Feature","properties":{"node_id":"4185074607","node_origin":"osm_node","degree":4,"is_intersection":true,"source":"OpenStreetMap"},"geometry":{"type":"Point","coordinates":[108.9342282,34.3599071]}},{"type":"Feature","properties":{"node_id":"4185074608","node_origin":"osm_node","degree":2,"is_intersection":false,"source":"OpenStreetMap"},"geometry":{"type":"Point","coordinates":[108.9340098,34.3602036]}},{"type":"Feature","properties":{"node_id":"4185074609","node_origin":"osm_node","degree":2,"is_intersection":false,"source":"OpenStreetMap"},"geometry":{"type":"Point","coordinates":[108.9343655,34.3617769]}},{"type":"Feature","properties":{"node_id":"4185074611","node_origin":"osm_node","degree":2,"is_intersection":false,"source":"OpenStreetMap"},"geometry":{"type":"Point","coordinates":[108.9343762,34.3622144]}},{"type":"Feature","properties":{"node_id":"4185074612","node_origin":"osm_node","degree":2,"is_intersection":false,"source":"OpenStreetMap"},"geometry":{"type":"Point","coordinates":[108.9344124,34.3629438]}},{"type":"Feature","properties":{"node_id":"4185074613","node_origin":"osm_node","degree":2,"is_intersection":false,"source":"OpenStreetMap"},"geometry":{"type":"Point","coordinates":[108.9344532,34.3640464]}},{"type":"Feature","properties":{"node_id":"4185074615","node_origin":"osm_node","degree":2,"is_intersection":false,"source":"OpenStreetMap"},"geometry":{"type":"Point","coordinates":[108.9344803,34.3649861]}},{"type":"Feature","properties":{"node_id":"4185074616","node_origin":"osm_node","degree":2,"is_intersection":false,"source":"OpenStreetMap"},"geometry":{"type":"Point","coordinates":[108.9387546,34.3664256]}},{"type":"Feature","properties":{"node_id":"430173205","node_origin":"osm_node","degree":2,"is_intersection":false,"source":"OpenStreetMap"},"geometry":{"type":"Point","coordinates":[108.9430331,34.3546378]}},{"type":"Feature","properties":{"node_id":"430173206","node_origin":"osm_node","degree":2,"is_intersection":false,"source":"OpenStreetMap"},"geometry":{"type":"Point","coordinates":[108.9435726,34.356726]}},{"type":"Feature","properties":{"node_id":"430173207","node_origin":"osm_node","degree":2,"is_intersection":false,"source":"OpenStreetMap"},"geometry":{"type":"Point","coordinates":[108.9428068,34.3533826]}},{"type":"Feature","properties":{"node_id":"430173208","node_origin":"osm_node","degree":2,"is_intersection":false,"source":"OpenStreetMap"},"geometry":{"type":"Point","coordinates":[108.9426593,34.3524274]}},{"type":"Feature","properties":{"node_id":"430173210","node_origin":"osm_node","degree":3,"is_intersection":true,"source":"OpenStreetMap"},"geometry":{"type":"Point","coordinates":[108.9432549,34.349246]}},{"type":"Feature","properties":{"node_id":"430173211","node_origin":"osm_node","degree":2,"is_intersection":false,"source":"OpenStreetMap"},"geometry":{"type":"Point","coordinates":[108.9433087,34.3466304]}},{"type":"Feature","properties":{"node_id":"430173212","node_origin":"osm_node","degree":2,"is_intersection":false,"source":"OpenStreetMap"},"geometry":{"type":"Point","coordinates":[108.9433237,34.3443016]}},{"type":"Feature","properties":{"node_id":"430173213","node_origin":"osm_node","degree":3,"is_intersection":true,"source":"OpenStreetMap"},"geometry":{"type":"Point","coordinates":[108.9433865,34.3438401]}},{"type":"Feature","properties":{"node_id":"430173215","node_origin":"osm_node","degree":3,"is_intersection":true,"source":"OpenStreetMap"},"geometry":{"type":"Point","coordinates":[108.9442081,34.3431449]}},{"type":"Feature","properties":{"node_id":"430173216","node_origin":"osm_node","degree":2,"is_intersection":false,"source":"OpenStreetMap"},"geometry":{"type":"Point","coordinates":[108.9444033,34.3427396]}},{"type":"Feature","properties":{"node_id":"430173217","node_origin":"osm_node","degree":3,"is_intersection":true,"source":"OpenStreetMap"},"geometry":{"type":"Point","coordinates":[108.9442334,34.341995]}},{"type":"Feature","properties":{"node_id":"430173218","node_origin":"osm_node","degree":2,"is_intersection":false,"source":"OpenStreetMap"},"geometry":{"type":"Point","coordinates":[108.9428834,34.3408678]}},{"type":"Feature","properties":{"node_id":"430173220","node_origin":"osm_node","degree":3,"is_intersection":true,"source":"OpenStreetMap"},"geometry":{"type":"Point","coordinates":[108.9409575,34.3419383]}},{"type":"Feature","properties":{"node_id":"430173221","node_origin":"osm_node","degree":2,"is_intersection":false,"source":"OpenStreetMap"},"geometry":{"type":"Point","coordinates":[108.9407589,34.3423058]}},{"type":"Feature","properties":{"node_id":"430173222","node_origin":"osm_node","degree":3,"is_intersection":true,"source":"OpenStreetMap"},"geometry":{"type":"Point","coordinates":[108.940836,34.3430362]}},{"type":"Feature","properties":{"node_id":"430173223","node_origin":"osm_node","degree":2,"is_intersection":false,"source":"OpenStreetMap"},"geometry":{"type":"Point","coordinates":[108.9410662,34.3432513]}},{"type":"Feature","properties":{"node_id":"430173224","node_origin":"osm_node","degree":2,"is_intersection":false,"source":"OpenStreetMap"},"geometry":{"type":"Point","coordinates":[108.9415189,34.3436432]}},{"type":"Feature","properties":{"node_id":"430173225","node_origin":"osm_node","degree":3,"is_intersection":true,"source":"OpenStreetMap"},"geometry":{"type":"Point","coordinates":[108.9417985,34.3438653]}},{"type":"Feature","properties":{"node_id":"430173226","node_origin":"osm_node","degree":2,"is_intersection":false,"source":"OpenStreetMap"},"geometry":{"type":"Point","coordinates":[108.9418334,34.3449935]}},{"type":"Feature","properties":{"node_id":"430173228","node_origin":"osm_node","degree":2,"is_intersection":false,"source":"OpenStreetMap"},"geometry":{"type":"Point","coordinates":[108.9418314,34.349003]}},{"type":"Feature","properties":{"node_id":"430173229","node_origin":"osm_node","degree":2,"is_intersection":false,"source":"OpenStreetMap"},"geometry":{"type":"Point","coordinates":[108.9423184,34.3495671]}},{"type":"Feature","properties":{"node_id":"4375144392","node_origin":"osm_node","degree":2,"is_intersection":false,"source":"OpenStreetMap"},"geometry":{"type":"Point","coordinates":[108.9426698,34.3401536]}},{"type":"Feature","properties":{"node_id":"4375156590","node_origin":"osm_node","degree":2,"is_intersection":false,"source":"OpenStreetMap"},"geometry":{"type":"Point","coordinates":[108.9433186,34.3448969]}},{"type":"Feature","properties":{"node_id":"440622959","node_origin":"osm_node","degree":4,"is_intersection":true,"source":"OpenStreetMap"},"geometry":{"type":"Point","coordinates":[108.9251379,34.3534328]}},{"type":"Feature","properties":{"node_id":"440622971","node_origin":"osm_node","degree":2,"is_intersection":false,"source":"OpenStreetMap"},"geometry":{"type":"Point","coordinates":[108.9432781,34.3557476]}},{"type":"Feature","properties":{"node_id":"4539982155","node_origin":"osm_node","degree":4,"is_intersection":true,"source":"OpenStreetMap"},"geometry":{"type":"Point","coordinates":[108.9611608,34.3186003]}},{"type":"Feature","properties":{"node_id":"4539982156","node_origin":"osm_node","degree":4,"is_intersection":true,"source":"OpenStreetMap"},"geometry":{"type":"Point","coordinates":[108.9611417,34.323556]}},{"type":"Feature","properties":{"node_id":"4539982157","node_origin":"osm_node","degree":2,"is_intersection":false,"source":"OpenStreetMap"},"geometry":{"type":"Point","coordinates":[108.9611305,34.3251728]}},{"type":"Feature","properties":{"node_id":"4539982158","node_origin":"osm_node","degree":2,"is_intersection":false,"source":"OpenStreetMap"},"geometry":{"type":"Point","coordinates":[108.9611248,34.3253629]}},{"type":"Feature","properties":{"node_id":"4539982159","node_origin":"osm_node","degree":2,"is_intersection":false,"source":"OpenStreetMap"},"geometry":{"type":"Point","coordinates":[108.9610968,34.3255437]}},{"type":"Feature","properties":{"node_id":"4539982160","node_origin":"osm_node","degree":2,"is_intersection":false,"source":"OpenStreetMap"},"geometry":{"type":"Point","coordinates":[108.9610635,34.3256525]}},{"type":"Feature","properties":{"node_id":"4539982161","node_origin":"osm_node","degree":2,"is_intersection":false,"source":"OpenStreetMap"},"geometry":{"type":"Point","coordinates":[108.9608614,34.3263109]}},{"type":"Feature","properties":{"node_id":"4539982162","node_origin":"osm_node","degree":2,"is_intersection":false,"source":"OpenStreetMap"},"geometry":{"type":"Point","coordinates":[108.9607604,34.3266539]}},{"type":"Feature","properties":{"node_id":"4539982163","node_origin":"osm_node","degree":2,"is_intersection":false,"source":"OpenStreetMap"},"geometry":{"type":"Point","coordinates":[108.9607215,34.3270626]}},{"type":"Feature","properties":{"node_id":"4540069982","node_origin":"osm_node","degree":4,"is_intersection":true,"source":"OpenStreetMap"},"geometry":{"type":"Point","coordinates":[108.9332186,34.319378]}},{"type":"Feature","properties":{"node_id":"4540069983","node_origin":"osm_node","degree":3,"is_intersection":true,"source":"OpenStreetMap"},"geometry":{"type":"Point","coordinates":[108.9332275,34.3218399]}},{"type":"Feature","properties":{"node_id":"4540069984","node_origin":"osm_node","degree":4,"is_intersection":true,"source":"OpenStreetMap"},"geometry":{"type":"Point","coordinates":[108.9331988,34.3239699]}},{"type":"Feature","properties":{"node_id":"4540069986","node_origin":"osm_node","degree":4,"is_intersection":true,"source":"OpenStreetMap"},"geometry":{"type":"Point","coordinates":[108.9331939,34.331344]}},{"type":"Feature","properties":{"node_id":"4540069987","node_origin":"osm_node","degree":3,"is_intersection":true,"source":"OpenStreetMap"},"geometry":{"type":"Point","coordinates":[108.9332004,34.3341746]}},{"type":"Feature","properties":{"node_id":"4540069988","node_origin":"osm_node","degree":4,"is_intersection":true,"source":"OpenStreetMap"},"geometry":{"type":"Point","coordinates":[108.9331864,34.3349726]}},{"type":"Feature","properties":{"node_id":"4540070789","node_origin":"osm_node","degree":3,"is_intersection":true,"source":"OpenStreetMap"},"geometry":{"type":"Point","coordinates":[108.9332151,34.3367983]}},{"type":"Feature","properties":{"node_id":"4540070790","node_origin":"osm_node","degree":4,"is_intersection":true,"source":"OpenStreetMap"},"geometry":{"type":"Point","coordinates":[108.9332151,34.339028]}},{"type":"Feature","properties":{"node_id":"4540070791","node_origin":"osm_node","degree":4,"is_intersection":true,"source":"OpenStreetMap"},"geometry":{"type":"Point","coordinates":[108.933229,34.3425799]}},{"type":"Feature","properties":{"node_id":"4540070792","node_origin":"osm_node","degree":2,"is_intersection":false,"source":"OpenStreetMap"},"geometry":{"type":"Point","coordinates":[108.9334997,34.3469093]}},{"type":"Feature","properties":{"node_id":"4540070793","node_origin":"osm_node","degree":4,"is_intersection":true,"source":"OpenStreetMap"},"geometry":{"type":"Point","coordinates":[108.9335914,34.3489235]}},{"type":"Feature","properties":{"node_id":"4540070794","node_origin":"osm_node","degree":4,"is_intersection":true,"source":"OpenStreetMap"},"geometry":{"type":"Point","coordinates":[108.9338436,34.353674]}},{"type":"Feature","properties":{"node_id":"4540070795","node_origin":"osm_node","degree":4,"is_intersection":true,"source":"OpenStreetMap"},"geometry":{"type":"Point","coordinates":[108.9340213,34.3567874]}},{"type":"Feature","properties":{"node_id":"4616187078","node_origin":"osm_node","degree":1,"is_intersection":false,"source":"OpenStreetMap"},"geometry":{"type":"Point","coordinates":[108.9105297,34.3251879]}},{"type":"Feature","properties":{"node_id":"4616187079","node_origin":"osm_node","degree":3,"is_intersection":true,"source":"OpenStreetMap"},"geometry":{"type":"Point","coordinates":[108.9100578,34.3232221]}},{"type":"Feature","properties":{"node_id":"4616187080","node_origin":"osm_node","degree":3,"is_intersection":true,"source":"OpenStreetMap"},"geometry":{"type":"Point","coordinates":[108.9099722,34.3243086]}},{"type":"Feature","properties":{"node_id":"4616187081","node_origin":"osm_node","degree":3,"is_intersection":true,"source":"OpenStreetMap"},"geometry":{"type":"Point","coordinates":[108.9113088,34.3243192]}},{"type":"Feature","properties":{"node_id":"4616187082","node_origin":"osm_node","degree":3,"is_intersection":true,"source":"OpenStreetMap"},"geometry":{"type":"Point","coordinates":[108.909983,34.3240895]}},{"type":"Feature","properties":{"node_id":"4616187083","node_origin":"osm_node","degree":2,"is_intersection":false,"source":"OpenStreetMap"},"geometry":{"type":"Point","coordinates":[108.9113279,34.3241096]}},{"type":"Feature","properties":{"node_id":"4616187084","node_origin":"osm_node","degree":3,"is_intersection":true,"source":"OpenStreetMap"},"geometry":{"type":"Point","coordinates":[108.9112898,34.3247036]}},{"type":"Feature","properties":{"node_id":"4616187087","node_origin":"osm_node","degree":3,"is_intersection":true,"source":"OpenStreetMap"},"geometry":{"type":"Point","coordinates":[108.9099944,34.3238586]}},{"type":"Feature","properties":{"node_id":"4616187088","node_origin":"osm_node","degree":3,"is_intersection":true,"source":"OpenStreetMap"},"geometry":{"type":"Point","coordinates":[108.9115921,34.3238846]}},{"type":"Feature","properties":{"node_id":"4616198837","node_origin":"osm_node","degree":3,"is_intersection":true,"source":"OpenStreetMap"},"geometry":{"type":"Point","coordinates":[108.9113271,34.3282212]}},{"type":"Feature","properties":{"node_id":"4616198838","node_origin":"osm_node","degree":1,"is_intersection":false,"source":"OpenStreetMap"},"geometry":{"type":"Point","coordinates":[108.9111135,34.3303343]}},{"type":"Feature","properties":{"node_id":"4616198839","node_origin":"osm_node","degree":3,"is_intersection":true,"source":"OpenStreetMap"},"geometry":{"type":"Point","coordinates":[108.9121443,34.3282598]}},{"type":"Feature","properties":{"node_id":"4616198840","node_origin":"osm_node","degree":1,"is_intersection":false,"source":"OpenStreetMap"},"geometry":{"type":"Point","coordinates":[108.9118644,34.3304091]}},{"type":"Feature","properties":{"node_id":"4616198841","node_origin":"osm_node","degree":3,"is_intersection":true,"source":"OpenStreetMap"},"geometry":{"type":"Point","coordinates":[108.9128204,34.3282972]}},{"type":"Feature","properties":{"node_id":"4616198842","node_origin":"osm_node","degree":1,"is_intersection":false,"source":"OpenStreetMap"},"geometry":{"type":"Point","coordinates":[108.9127318,34.3302274]}},{"type":"Feature","properties":{"node_id":"4616199489","node_origin":"osm_node","degree":3,"is_intersection":true,"source":"OpenStreetMap"},"geometry":{"type":"Point","coordinates":[108.9100045,34.3236535]}},{"type":"Feature","properties":{"node_id":"4616199490","node_origin":"osm_node","degree":3,"is_intersection":true,"source":"OpenStreetMap"},"geometry":{"type":"Point","coordinates":[108.9115984,34.3236755]}},{"type":"Feature","properties":{"node_id":"4616199491","node_origin":"osm_node","degree":3,"is_intersection":true,"source":"OpenStreetMap"},"geometry":{"type":"Point","coordinates":[108.9110232,34.3218442]}},{"type":"Feature","properties":{"node_id":"4616199492","node_origin":"osm_node","degree":3,"is_intersection":true,"source":"OpenStreetMap"},"geometry":{"type":"Point","coordinates":[108.9110051,34.3232568]}},{"type":"Feature","properties":{"node_id":"4616199493","node_origin":"osm_node","degree":3,"is_intersection":true,"source":"OpenStreetMap"},"geometry":{"type":"Point","coordinates":[108.9110098,34.3228889]}},{"type":"Feature","properties":{"node_id":"4616199494","node_origin":"osm_node","degree":3,"is_intersection":true,"source":"OpenStreetMap"},"geometry":{"type":"Point","coordinates":[108.9110148,34.3225006]}},{"type":"Feature","properties":{"node_id":"4616199495","node_origin":"osm_node","degree":3,"is_intersection":true,"source":"OpenStreetMap"},"geometry":{"type":"Point","coordinates":[108.9115847,34.3224962]}},{"type":"Feature","properties":{"node_id":"4616199496","node_origin":"osm_node","degree":3,"is_intersection":true,"source":"OpenStreetMap"},"geometry":{"type":"Point","coordinates":[108.9100906,34.3218344]}},{"type":"Feature","properties":{"node_id":"4616199497","node_origin":"osm_node","degree":3,"is_intersection":true,"source":"OpenStreetMap"},"geometry":{"type":"Point","coordinates":[108.9100837,34.3221284]}},{"type":"Feature","properties":{"node_id":"4616199498","node_origin":"osm_node","degree":4,"is_intersection":true,"source":"OpenStreetMap"},"geometry":{"type":"Point","coordinates":[108.9110198,34.3221075]}},{"type":"Feature","properties":{"node_id":"4616199499","node_origin":"osm_node","degree":3,"is_intersection":true,"source":"OpenStreetMap"},"geometry":{"type":"Point","coordinates":[108.9115565,34.3221161]}},{"type":"Feature","properties":{"node_id":"4888344130","node_origin":"osm_node","degree":2,"is_intersection":false,"source":"OpenStreetMap"},"geometry":{"type":"Point","coordinates":[108.9339429,34.3592119]}},{"type":"Feature","properties":{"node_id":"5128988467","node_origin":"osm_node","degree":2,"is_intersection":false,"source":"OpenStreetMap"},"geometry":{"type":"Point","coordinates":[108.915467,34.3284829]}},{"type":"Feature","properties":{"node_id":"5128988468","node_origin":"osm_node","degree":4,"is_intersection":true,"source":"OpenStreetMap"},"geometry":{"type":"Point","coordinates":[108.915779,34.3285225]}},{"type":"Feature","properties":{"node_id":"5128988506","node_origin":"osm_node","degree":3,"is_intersection":true,"source":"OpenStreetMap"},"geometry":{"type":"Point","coordinates":[108.9114041,34.3282764]}},{"type":"Feature","properties":{"node_id":"5128988510","node_origin":"osm_node","degree":2,"is_intersection":false,"source":"OpenStreetMap"},"geometry":{"type":"Point","coordinates":[108.9139257,34.328404]}},{"type":"Feature","properties":{"node_id":"5128988512","node_origin":"osm_node","degree":2,"is_intersection":false,"source":"OpenStreetMap"},"geometry":{"type":"Point","coordinates":[108.9136675,34.3283909]}},{"type":"Feature","properties":{"node_id":"5128988513","node_origin":"osm_node","degree":2,"is_intersection":false,"source":"OpenStreetMap"},"geometry":{"type":"Point","coordinates":[108.9167941,34.3285841]}},{"type":"Feature","properties":{"node_id":"5128988514","node_origin":"osm_node","degree":4,"is_intersection":true,"source":"OpenStreetMap"},"geometry":{"type":"Point","coordinates":[108.9191094,34.3287127]}},{"type":"Feature","properties":{"node_id":"5128988515","node_origin":"osm_node","degree":2,"is_intersection":false,"source":"OpenStreetMap"},"geometry":{"type":"Point","coordinates":[108.9206261,34.3287919]}},{"type":"Feature","properties":{"node_id":"5128988516","node_origin":"osm_node","degree":2,"is_intersection":false,"source":"OpenStreetMap"},"geometry":{"type":"Point","coordinates":[108.9226544,34.3288052]}},{"type":"Feature","properties":{"node_id":"5128988517","node_origin":"osm_node","degree":4,"is_intersection":true,"source":"OpenStreetMap"},"geometry":{"type":"Point","coordinates":[108.9250524,34.328702]}},{"type":"Feature","properties":{"node_id":"5128988518","node_origin":"osm_node","degree":4,"is_intersection":true,"source":"OpenStreetMap"},"geometry":{"type":"Point","coordinates":[108.925164,34.3287042]}},{"type":"Feature","properties":{"node_id":"5128988519","node_origin":"osm_node","degree":2,"is_intersection":false,"source":"OpenStreetMap"},"geometry":{"type":"Point","coordinates":[108.9255267,34.3286877]}},{"type":"Feature","properties":{"node_id":"5128988520","node_origin":"osm_node","degree":2,"is_intersection":false,"source":"OpenStreetMap"},"geometry":{"type":"Point","coordinates":[108.9312687,34.3284107]}},{"type":"Feature","properties":{"node_id":"5128988621","node_origin":"osm_node","degree":4,"is_intersection":true,"source":"OpenStreetMap"},"geometry":{"type":"Point","coordinates":[108.9329367,34.3283442]}},{"type":"Feature","properties":{"node_id":"5128988622","node_origin":"osm_node","degree":4,"is_intersection":true,"source":"OpenStreetMap"},"geometry":{"type":"Point","coordinates":[108.9163072,34.3285664]}},{"type":"Feature","properties":{"node_id":"5128988623","node_origin":"osm_node","degree":4,"is_intersection":true,"source":"OpenStreetMap"},"geometry":{"type":"Point","coordinates":[108.9332062,34.328258]}},{"type":"Feature","properties":{"node_id":"5128988624","node_origin":"osm_node","degree":4,"is_intersection":true,"source":"OpenStreetMap"},"geometry":{"type":"Point","coordinates":[108.915787,34.3284511]}},{"type":"Feature","properties":{"node_id":"5128988625","node_origin":"osm_node","degree":2,"is_intersection":false,"source":"OpenStreetMap"},"geometry":{"type":"Point","coordinates":[108.9154685,34.328429]}},{"type":"Feature","properties":{"node_id":"5128988626","node_origin":"osm_node","degree":4,"is_intersection":true,"source":"OpenStreetMap"},"geometry":{"type":"Point","coordinates":[108.9251411,34.331411]}},{"type":"Feature","properties":{"node_id":"5128988627","node_origin":"osm_node","degree":2,"is_intersection":false,"source":"OpenStreetMap"},"geometry":{"type":"Point","coordinates":[108.915423,34.3312434]}},{"type":"Feature","properties":{"node_id":"5128988628","node_origin":"osm_node","degree":2,"is_intersection":false,"source":"OpenStreetMap"},"geometry":{"type":"Point","coordinates":[108.915407,34.3314398]}},{"type":"Feature","properties":{"node_id":"5128988631","node_origin":"osm_node","degree":2,"is_intersection":false,"source":"OpenStreetMap"},"geometry":{"type":"Point","coordinates":[108.9250184,34.3650002]}},{"type":"Feature","properties":{"node_id":"5128988633","node_origin":"osm_node","degree":4,"is_intersection":true,"source":"OpenStreetMap"},"geometry":{"type":"Point","coordinates":[108.925002,34.3595298]}},{"type":"Feature","properties":{"node_id":"5128988635","node_origin":"osm_node","degree":3,"is_intersection":true,"source":"OpenStreetMap"},"geometry":{"type":"Point","coordinates":[108.9250245,34.3564764]}},{"type":"Feature","properties":{"node_id":"5128988636","node_origin":"osm_node","degree":4,"is_intersection":true,"source":"OpenStreetMap"},"geometry":{"type":"Point","coordinates":[108.9250186,34.3534264]}},{"type":"Feature","properties":{"node_id":"5128988637","node_origin":"osm_node","degree":4,"is_intersection":true,"source":"OpenStreetMap"},"geometry":{"type":"Point","coordinates":[108.925008,34.3489263]}},{"type":"Feature","properties":{"node_id":"5128988638","node_origin":"osm_node","degree":2,"is_intersection":false,"source":"OpenStreetMap"},"geometry":{"type":"Point","coordinates":[108.9250125,34.3457715]}},{"type":"Feature","properties":{"node_id":"5128988639","node_origin":"osm_node","degree":4,"is_intersection":true,"source":"OpenStreetMap"},"geometry":{"type":"Point","coordinates":[108.9250282,34.342624]}},{"type":"Feature","properties":{"node_id":"5128988640","node_origin":"osm_node","degree":4,"is_intersection":true,"source":"OpenStreetMap"},"geometry":{"type":"Point","coordinates":[108.9250289,34.3389438]}},{"type":"Feature","properties":{"node_id":"5128988641","node_origin":"osm_node","degree":2,"is_intersection":false,"source":"OpenStreetMap"},"geometry":{"type":"Point","coordinates":[108.9250357,34.3358848]}},{"type":"Feature","properties":{"node_id":"5128988642","node_origin":"osm_node","degree":4,"is_intersection":true,"source":"OpenStreetMap"},"geometry":{"type":"Point","coordinates":[108.9250331,34.3349396]}},{"type":"Feature","properties":{"node_id":"5128988643","node_origin":"osm_node","degree":4,"is_intersection":true,"source":"OpenStreetMap"},"geometry":{"type":"Point","coordinates":[108.9250246,34.3313349]}},{"type":"Feature","properties":{"node_id":"5128988644","node_origin":"osm_node","degree":4,"is_intersection":true,"source":"OpenStreetMap"},"geometry":{"type":"Point","coordinates":[108.9250549,34.3286197]}},{"type":"Feature","properties":{"node_id":"5128988645","node_origin":"osm_node","degree":2,"is_intersection":false,"source":"OpenStreetMap"},"geometry":{"type":"Point","coordinates":[108.9250518,34.3264061]}},{"type":"Feature","properties":{"node_id":"5128988646","node_origin":"osm_node","degree":3,"is_intersection":true,"source":"OpenStreetMap"},"geometry":{"type":"Point","coordinates":[108.9250501,34.3261471]}},{"type":"Feature","properties":{"node_id":"5128988647","node_origin":"osm_node","degree":4,"is_intersection":true,"source":"OpenStreetMap"},"geometry":{"type":"Point","coordinates":[108.9250325,34.3242637]}},{"type":"Feature","properties":{"node_id":"5128988648","node_origin":"osm_node","degree":3,"is_intersection":true,"source":"OpenStreetMap"},"geometry":{"type":"Point","coordinates":[108.9250509,34.3220754]}},{"type":"Feature","properties":{"node_id":"5128988650","node_origin":"osm_node","degree":4,"is_intersection":true,"source":"OpenStreetMap"},"geometry":{"type":"Point","coordinates":[108.9250277,34.3193704]}},{"type":"Feature","properties":{"node_id":"5128988655","node_origin":"osm_node","degree":3,"is_intersection":true,"source":"OpenStreetMap"},"geometry":{"type":"Point","coordinates":[108.9355856,34.3314055]}},{"type":"Feature","properties":{"node_id":"5128988656","node_origin":"osm_node","degree":4,"is_intersection":true,"source":"OpenStreetMap"},"geometry":{"type":"Point","coordinates":[108.9426339,34.3314092]}},{"type":"Feature","properties":{"node_id":"5128988661","node_origin":"osm_node","degree":2,"is_intersection":false,"source":"OpenStreetMap"},"geometry":{"type":"Point","coordinates":[108.9555812,34.3178043]}},{"type":"Feature","properties":{"node_id":"5128988663","node_origin":"osm_node","degree":4,"is_intersection":true,"source":"OpenStreetMap"},"geometry":{"type":"Point","coordinates":[108.9555393,34.3313299]}},{"type":"Feature","properties":{"node_id":"5128988665","node_origin":"osm_node","degree":4,"is_intersection":true,"source":"OpenStreetMap"},"geometry":{"type":"Point","coordinates":[108.9556411,34.3349737]}},{"type":"Feature","properties":{"node_id":"5128988668","node_origin":"osm_node","degree":4,"is_intersection":true,"source":"OpenStreetMap"},"geometry":{"type":"Point","coordinates":[108.955544,34.3314269]}},{"type":"Feature","properties":{"node_id":"5128988669","node_origin":"osm_node","degree":4,"is_intersection":true,"source":"OpenStreetMap"},"geometry":{"type":"Point","coordinates":[108.9556701,34.3383807]}},{"type":"Feature","properties":{"node_id":"5128988671","node_origin":"osm_node","degree":4,"is_intersection":true,"source":"OpenStreetMap"},"geometry":{"type":"Point","coordinates":[108.9556735,34.3314364]}},{"type":"Feature","properties":{"node_id":"5128988672","node_origin":"osm_node","degree":4,"is_intersection":true,"source":"OpenStreetMap"},"geometry":{"type":"Point","coordinates":[108.9607982,34.3314413]}},{"type":"Feature","properties":{"node_id":"5128988676","node_origin":"osm_node","degree":4,"is_intersection":true,"source":"OpenStreetMap"},"geometry":{"type":"Point","coordinates":[108.9669223,34.3312018]}},{"type":"Feature","properties":{"node_id":"5128988677","node_origin":"osm_node","degree":4,"is_intersection":true,"source":"OpenStreetMap"},"geometry":{"type":"Point","coordinates":[108.9667599,34.3312019]}},{"type":"Feature","properties":{"node_id":"5128988678","node_origin":"osm_node","degree":4,"is_intersection":true,"source":"OpenStreetMap"},"geometry":{"type":"Point","coordinates":[108.9637033,34.3313833]}},{"type":"Feature","properties":{"node_id":"5128988681","node_origin":"osm_node","degree":4,"is_intersection":true,"source":"OpenStreetMap"},"geometry":{"type":"Point","coordinates":[108.9523444,34.3314118]}},{"type":"Feature","properties":{"node_id":"5128988682","node_origin":"osm_node","degree":4,"is_intersection":true,"source":"OpenStreetMap"},"geometry":{"type":"Point","coordinates":[108.9490917,34.3314264]}},{"type":"Feature","properties":{"node_id":"5128988683","node_origin":"osm_node","degree":2,"is_intersection":false,"source":"OpenStreetMap"},"geometry":{"type":"Point","coordinates":[108.945684,34.331414]}},{"type":"Feature","properties":{"node_id":"5128988685","node_origin":"osm_node","degree":4,"is_intersection":true,"source":"OpenStreetMap"},"geometry":{"type":"Point","coordinates":[108.9424785,34.3314091]}},{"type":"Feature","properties":{"node_id":"5128988686","node_origin":"osm_node","degree":2,"is_intersection":false,"source":"OpenStreetMap"},"geometry":{"type":"Point","coordinates":[108.9396907,34.3314116]}},{"type":"Feature","properties":{"node_id":"5128988687","node_origin":"osm_node","degree":3,"is_intersection":true,"source":"OpenStreetMap"},"geometry":{"type":"Point","coordinates":[108.9375483,34.331412]}},{"type":"Feature","properties":{"node_id":"5128988689","node_origin":"osm_node","degree":4,"is_intersection":true,"source":"OpenStreetMap"},"geometry":{"type":"Point","coordinates":[108.9331893,34.3314166]}},{"type":"Feature","properties":{"node_id":"5128988690","node_origin":"osm_node","degree":4,"is_intersection":true,"source":"OpenStreetMap"},"geometry":{"type":"Point","coordinates":[108.9329423,34.3314076]}},{"type":"Feature","properties":{"node_id":"5128988691","node_origin":"osm_node","degree":4,"is_intersection":true,"source":"OpenStreetMap"},"geometry":{"type":"Point","coordinates":[108.9303609,34.3314127]}},{"type":"Feature","properties":{"node_id":"5128988692","node_origin":"osm_node","degree":4,"is_intersection":true,"source":"OpenStreetMap"},"geometry":{"type":"Point","coordinates":[108.9292203,34.3314184]}},{"type":"Feature","properties":{"node_id":"5128988693","node_origin":"osm_node","degree":2,"is_intersection":false,"source":"OpenStreetMap"},"geometry":{"type":"Point","coordinates":[108.9288345,34.3314157]}},{"type":"Feature","properties":{"node_id":"5128988694","node_origin":"osm_node","degree":4,"is_intersection":true,"source":"OpenStreetMap"},"geometry":{"type":"Point","coordinates":[108.925017,34.3314084]}},{"type":"Feature","properties":{"node_id":"5128988695","node_origin":"osm_node","degree":2,"is_intersection":false,"source":"OpenStreetMap"},"geometry":{"type":"Point","coordinates":[108.9213922,34.331416]}},{"type":"Feature","properties":{"node_id":"5128988696","node_origin":"osm_node","degree":1,"is_intersection":false,"source":"OpenStreetMap"},"geometry":{"type":"Point","coordinates":[108.91912,34.3315181]}},{"type":"Feature","properties":{"node_id":"5128988697","node_origin":"osm_node","degree":2,"is_intersection":false,"source":"OpenStreetMap"},"geometry":{"type":"Point","coordinates":[108.9159885,34.3314325]}},{"type":"Feature","properties":{"node_id":"5206259957","node_origin":"osm_node","degree":4,"is_intersection":true,"source":"OpenStreetMap"},"geometry":{"type":"Point","coordinates":[108.960752,34.346149]}},{"type":"Feature","properties":{"node_id":"5206259958","node_origin":"osm_node","degree":3,"is_intersection":true,"source":"OpenStreetMap"},"geometry":{"type":"Point","coordinates":[108.9684099,34.3460594]}},{"type":"Feature","properties":{"node_id":"5206259960","node_origin":"osm_node","degree":3,"is_intersection":true,"source":"OpenStreetMap"},"geometry":{"type":"Point","coordinates":[108.9686583,34.346256]}},{"type":"Feature","properties":{"node_id":"5206259996","node_origin":"osm_node","degree":3,"is_intersection":true,"source":"OpenStreetMap"},"geometry":{"type":"Point","coordinates":[108.9669003,34.3245433]}},{"type":"Feature","properties":{"node_id":"5206259997","node_origin":"osm_node","degree":2,"is_intersection":false,"source":"OpenStreetMap"},"geometry":{"type":"Point","coordinates":[108.9677574,34.3245388]}},{"type":"Feature","properties":{"node_id":"5206259998","node_origin":"osm_node","degree":3,"is_intersection":true,"source":"OpenStreetMap"},"geometry":{"type":"Point","coordinates":[108.9687464,34.3244595]}},{"type":"Feature","properties":{"node_id":"5206260006","node_origin":"osm_node","degree":1,"is_intersection":false,"source":"OpenStreetMap"},"geometry":{"type":"Point","coordinates":[108.9687897,34.3269971]}},{"type":"Feature","properties":{"node_id":"5206260007","node_origin":"osm_node","degree":3,"is_intersection":true,"source":"OpenStreetMap"},"geometry":{"type":"Point","coordinates":[108.9697677,34.3243439]}},{"type":"Feature","properties":{"node_id":"5206260008","node_origin":"osm_node","degree":1,"is_intersection":false,"source":"OpenStreetMap"},"geometry":{"type":"Point","coordinates":[108.9697643,34.3263667]}},{"type":"Feature","properties":{"node_id":"5206261737","node_origin":"osm_node","degree":2,"is_intersection":false,"source":"OpenStreetMap"},"geometry":{"type":"Point","coordinates":[108.9582768,34.318761]}},{"type":"Feature","properties":{"node_id":"5206261738","node_origin":"osm_node","degree":4,"is_intersection":true,"source":"OpenStreetMap"},"geometry":{"type":"Point","coordinates":[108.9582742,34.3190346]}},{"type":"Feature","properties":{"node_id":"5206261739","node_origin":"osm_node","degree":2,"is_intersection":false,"source":"OpenStreetMap"},"geometry":{"type":"Point","coordinates":[108.9600213,34.318613]}},{"type":"Feature","properties":{"node_id":"5206261740","node_origin":"osm_node","degree":4,"is_intersection":true,"source":"OpenStreetMap"},"geometry":{"type":"Point","coordinates":[108.9556827,34.3194763]}},{"type":"Feature","properties":{"node_id":"5206261741","node_origin":"osm_node","degree":4,"is_intersection":true,"source":"OpenStreetMap"},"geometry":{"type":"Point","coordinates":[108.9555276,34.319394]}},{"type":"Feature","properties":{"node_id":"5206261742","node_origin":"osm_node","degree":2,"is_intersection":false,"source":"OpenStreetMap"},"geometry":{"type":"Point","coordinates":[108.9555319,34.3205381]}},{"type":"Feature","properties":{"node_id":"5206261743","node_origin":"osm_node","degree":2,"is_intersection":false,"source":"OpenStreetMap"},"geometry":{"type":"Point","coordinates":[108.9556687,34.320537]}},{"type":"Feature","properties":{"node_id":"5206261745","node_origin":"osm_node","degree":2,"is_intersection":false,"source":"OpenStreetMap"},"geometry":{"type":"Point","coordinates":[108.9607525,34.3187957]}},{"type":"Feature","properties":{"node_id":"5206261746","node_origin":"osm_node","degree":4,"is_intersection":true,"source":"OpenStreetMap"},"geometry":{"type":"Point","coordinates":[108.9611154,34.3254238]}},{"type":"Feature","properties":{"node_id":"5206261747","node_origin":"osm_node","degree":3,"is_intersection":true,"source":"OpenStreetMap"},"geometry":{"type":"Point","coordinates":[108.9556605,34.3254864]}},{"type":"Feature","properties":{"node_id":"5206261748","node_origin":"osm_node","degree":2,"is_intersection":false,"source":"OpenStreetMap"},"geometry":{"type":"Point","coordinates":[108.9555479,34.3254517]}},{"type":"Feature","properties":{"node_id":"5206261749","node_origin":"osm_node","degree":4,"is_intersection":true,"source":"OpenStreetMap"},"geometry":{"type":"Point","coordinates":[108.9582481,34.3254798]}},{"type":"Feature","properties":{"node_id":"5206261750","node_origin":"osm_node","degree":4,"is_intersection":true,"source":"OpenStreetMap"},"geometry":{"type":"Point","coordinates":[108.9583314,34.327957]}},{"type":"Feature","properties":{"node_id":"5206261751","node_origin":"osm_node","degree":4,"is_intersection":true,"source":"OpenStreetMap"},"geometry":{"type":"Point","coordinates":[108.9555336,34.3279633]}},{"type":"Feature","properties":{"node_id":"5206261752","node_origin":"osm_node","degree":4,"is_intersection":true,"source":"OpenStreetMap"},"geometry":{"type":"Point","coordinates":[108.9607492,34.3279678]}},{"type":"Feature","properties":{"node_id":"5213840187","node_origin":"osm_node","degree":2,"is_intersection":false,"source":"OpenStreetMap"},"geometry":{"type":"Point","coordinates":[108.9660287,34.3416973]}},{"type":"Feature","properties":{"node_id":"5213840188","node_origin":"osm_node","degree":2,"is_intersection":false,"source":"OpenStreetMap"},"geometry":{"type":"Point","coordinates":[108.9643764,34.3419691]}},{"type":"Feature","properties":{"node_id":"5213840189","node_origin":"osm_node","degree":3,"is_intersection":true,"source":"OpenStreetMap"},"geometry":{"type":"Point","coordinates":[108.9619906,34.3423874]}},{"type":"Feature","properties":{"node_id":"5213840190","node_origin":"osm_node","degree":4,"is_intersection":true,"source":"OpenStreetMap"},"geometry":{"type":"Point","coordinates":[108.9637312,34.3421788]}},{"type":"Feature","properties":{"node_id":"5218241207","node_origin":"osm_node","degree":1,"is_intersection":false,"source":"OpenStreetMap"},"geometry":{"type":"Point","coordinates":[108.9405979,34.3642929]}},{"type":"Feature","properties":{"node_id":"5218241208","node_origin":"osm_node","degree":2,"is_intersection":false,"source":"OpenStreetMap"},"geometry":{"type":"Point","coordinates":[108.9400867,34.3642698]}},{"type":"Feature","properties":{"node_id":"5218241209","node_origin":"osm_node","degree":4,"is_intersection":true,"source":"OpenStreetMap"},"geometry":{"type":"Point","coordinates":[108.9390026,34.3642645]}},{"type":"Feature","properties":{"node_id":"5218241210","node_origin":"osm_node","degree":3,"is_intersection":true,"source":"OpenStreetMap"},"geometry":{"type":"Point","coordinates":[108.9388891,34.3642572]}},{"type":"Feature","properties":{"node_id":"5218241211","node_origin":"osm_node","degree":1,"is_intersection":false,"source":"OpenStreetMap"},"geometry":{"type":"Point","coordinates":[108.9434529,34.3638656]}},{"type":"Feature","properties":{"node_id":"5218241212","node_origin":"osm_node","degree":4,"is_intersection":true,"source":"OpenStreetMap"},"geometry":{"type":"Point","coordinates":[108.9423032,34.3623575]}},{"type":"Feature","properties":{"node_id":"5218241213","node_origin":"osm_node","degree":2,"is_intersection":false,"source":"OpenStreetMap"},"geometry":{"type":"Point","coordinates":[108.9413413,34.3627292]}},{"type":"Feature","properties":{"node_id":"5218241214","node_origin":"osm_node","degree":2,"is_intersection":false,"source":"OpenStreetMap"},"geometry":{"type":"Point","coordinates":[108.9411038,34.3628124]}},{"type":"Feature","properties":{"node_id":"5218241215","node_origin":"osm_node","degree":2,"is_intersection":false,"source":"OpenStreetMap"},"geometry":{"type":"Point","coordinates":[108.9407939,34.3628431]}},{"type":"Feature","properties":{"node_id":"5218241216","node_origin":"osm_node","degree":2,"is_intersection":false,"source":"OpenStreetMap"},"geometry":{"type":"Point","coordinates":[108.9403574,34.3628454]}},{"type":"Feature","properties":{"node_id":"5218241217","node_origin":"osm_node","degree":3,"is_intersection":true,"source":"OpenStreetMap"},"geometry":{"type":"Point","coordinates":[108.9389779,34.3628283]}},{"type":"Feature","properties":{"node_id":"5229225418","node_origin":"osm_node","degree":2,"is_intersection":false,"source":"OpenStreetMap"},"geometry":{"type":"Point","coordinates":[108.9261933,34.3438941]}},{"type":"Feature","properties":{"node_id":"5229225419","node_origin":"osm_node","degree":2,"is_intersection":false,"source":"OpenStreetMap"},"geometry":{"type":"Point","coordinates":[108.9262464,34.3437259]}},{"type":"Feature","properties":{"node_id":"5229225420","node_origin":"osm_node","degree":2,"is_intersection":false,"source":"OpenStreetMap"},"geometry":{"type":"Point","coordinates":[108.926552,34.3436198]}},{"type":"Feature","properties":{"node_id":"5229226021","node_origin":"osm_node","degree":1,"is_intersection":false,"source":"OpenStreetMap"},"geometry":{"type":"Point","coordinates":[108.9277743,34.3436673]}},{"type":"Feature","properties":{"node_id":"5229226022","node_origin":"osm_node","degree":4,"is_intersection":true,"source":"OpenStreetMap"},"geometry":{"type":"Point","coordinates":[108.9250197,34.3577234]}},{"type":"Feature","properties":{"node_id":"5229226023","node_origin":"osm_node","degree":3,"is_intersection":true,"source":"OpenStreetMap"},"geometry":{"type":"Point","coordinates":[108.9216993,34.3489486]}},{"type":"Feature","properties":{"node_id":"5229226024","node_origin":"osm_node","degree":2,"is_intersection":false,"source":"OpenStreetMap"},"geometry":{"type":"Point","coordinates":[108.9217115,34.3500958]}},{"type":"Feature","properties":{"node_id":"5229226025","node_origin":"osm_node","degree":3,"is_intersection":true,"source":"OpenStreetMap"},"geometry":{"type":"Point","coordinates":[108.9217184,34.3512737]}},{"type":"Feature","properties":{"node_id":"5229226026","node_origin":"osm_node","degree":2,"is_intersection":false,"source":"OpenStreetMap"},"geometry":{"type":"Point","coordinates":[108.9218239,34.3513327]}},{"type":"Feature","properties":{"node_id":"5229226027","node_origin":"osm_node","degree":2,"is_intersection":false,"source":"OpenStreetMap"},"geometry":{"type":"Point","coordinates":[108.9218477,34.3514367]}},{"type":"Feature","properties":{"node_id":"5229226028","node_origin":"osm_node","degree":3,"is_intersection":true,"source":"OpenStreetMap"},"geometry":{"type":"Point","coordinates":[108.9217149,34.3515379]}},{"type":"Feature","properties":{"node_id":"5229226029","node_origin":"osm_node","degree":3,"is_intersection":true,"source":"OpenStreetMap"},"geometry":{"type":"Point","coordinates":[108.9217491,34.3533137]}},{"type":"Feature","properties":{"node_id":"5229226030","node_origin":"osm_node","degree":2,"is_intersection":false,"source":"OpenStreetMap"},"geometry":{"type":"Point","coordinates":[108.9189844,34.3425968]}},{"type":"Feature","properties":{"node_id":"5290569881","node_origin":"osm_node","degree":2,"is_intersection":false,"source":"OpenStreetMap"},"geometry":{"type":"Point","coordinates":[108.9157116,34.3291723]}},{"type":"Feature","properties":{"node_id":"5290569885","node_origin":"osm_node","degree":2,"is_intersection":false,"source":"OpenStreetMap"},"geometry":{"type":"Point","coordinates":[108.9152523,34.3284719]}},{"type":"Feature","properties":{"node_id":"5290569886","node_origin":"osm_node","degree":4,"is_intersection":true,"source":"OpenStreetMap"},"geometry":{"type":"Point","coordinates":[108.9128164,34.3283537]}},{"type":"Feature","properties":{"node_id":"5290569887","node_origin":"osm_node","degree":4,"is_intersection":true,"source":"OpenStreetMap"},"geometry":{"type":"Point","coordinates":[108.9121403,34.3283136]}},{"type":"Feature","properties":{"node_id":"5290569888","node_origin":"osm_node","degree":4,"is_intersection":true,"source":"OpenStreetMap"},"geometry":{"type":"Point","coordinates":[108.9113258,34.3282751]}},{"type":"Feature","properties":{"node_id":"5290569889","node_origin":"osm_node","degree":4,"is_intersection":true,"source":"OpenStreetMap"},"geometry":{"type":"Point","coordinates":[108.9102419,34.3282584]}},{"type":"Feature","properties":{"node_id":"5475551103","node_origin":"osm_node","degree":3,"is_intersection":true,"source":"OpenStreetMap"},"geometry":{"type":"Point","coordinates":[108.937546,34.3349538]}},{"type":"Feature","properties":{"node_id":"5475551104","node_origin":"osm_node","degree":4,"is_intersection":true,"source":"OpenStreetMap"},"geometry":{"type":"Point","coordinates":[108.9556221,34.3337706]}},{"type":"Feature","properties":{"node_id":"5475551105","node_origin":"osm_node","degree":4,"is_intersection":true,"source":"OpenStreetMap"},"geometry":{"type":"Point","coordinates":[108.963681,34.3336969]}},{"type":"Feature","properties":{"node_id":"5475551106","node_origin":"osm_node","degree":1,"is_intersection":false,"source":"OpenStreetMap"},"geometry":{"type":"Point","coordinates":[108.9636723,34.3352412]}},{"type":"Feature","properties":{"node_id":"5475573144","node_origin":"osm_node","degree":3,"is_intersection":true,"source":"OpenStreetMap"},"geometry":{"type":"Point","coordinates":[108.9375842,34.3425843]}},{"type":"Feature","properties":{"node_id":"5475573145","node_origin":"osm_node","degree":4,"is_intersection":true,"source":"OpenStreetMap"},"geometry":{"type":"Point","coordinates":[108.9375534,34.3389483]}},{"type":"Feature","properties":{"node_id":"5475573146","node_origin":"osm_node","degree":2,"is_intersection":false,"source":"OpenStreetMap"},"geometry":{"type":"Point","coordinates":[108.9286026,34.3425959]}},{"type":"Feature","properties":{"node_id":"5475573149","node_origin":"osm_node","degree":2,"is_intersection":false,"source":"OpenStreetMap"},"geometry":{"type":"Point","coordinates":[108.9230075,34.3433343]}},{"type":"Feature","properties":{"node_id":"5475573150","node_origin":"osm_node","degree":2,"is_intersection":false,"source":"OpenStreetMap"},"geometry":{"type":"Point","coordinates":[108.9229442,34.3437004]}},{"type":"Feature","properties":{"node_id":"5475573151","node_origin":"osm_node","degree":3,"is_intersection":true,"source":"OpenStreetMap"},"geometry":{"type":"Point","coordinates":[108.9227605,34.3441242]}},{"type":"Feature","properties":{"node_id":"5475573152","node_origin":"osm_node","degree":2,"is_intersection":false,"source":"OpenStreetMap"},"geometry":{"type":"Point","coordinates":[108.9224754,34.3444955]}},{"type":"Feature","properties":{"node_id":"5475573153","node_origin":"osm_node","degree":2,"is_intersection":false,"source":"OpenStreetMap"},"geometry":{"type":"Point","coordinates":[108.9222346,34.3448512]}},{"type":"Feature","properties":{"node_id":"5475573154","node_origin":"osm_node","degree":2,"is_intersection":false,"source":"OpenStreetMap"},"geometry":{"type":"Point","coordinates":[108.9221903,34.3451546]}},{"type":"Feature","properties":{"node_id":"5475573155","node_origin":"osm_node","degree":2,"is_intersection":false,"source":"OpenStreetMap"},"geometry":{"type":"Point","coordinates":[108.9222093,34.3454319]}},{"type":"Feature","properties":{"node_id":"5475573156","node_origin":"osm_node","degree":2,"is_intersection":false,"source":"OpenStreetMap"},"geometry":{"type":"Point","coordinates":[108.9221206,34.3457509]}},{"type":"Feature","properties":{"node_id":"5475573157","node_origin":"osm_node","degree":2,"is_intersection":false,"source":"OpenStreetMap"},"geometry":{"type":"Point","coordinates":[108.9220952,34.3460962]}},{"type":"Feature","properties":{"node_id":"5475573158","node_origin":"osm_node","degree":3,"is_intersection":true,"source":"OpenStreetMap"},"geometry":{"type":"Point","coordinates":[108.9222473,34.34641]}},{"type":"Feature","properties":{"node_id":"5475573159","node_origin":"osm_node","degree":2,"is_intersection":false,"source":"OpenStreetMap"},"geometry":{"type":"Point","coordinates":[108.9226908,34.3467918]}},{"type":"Feature","properties":{"node_id":"5475573160","node_origin":"osm_node","degree":2,"is_intersection":false,"source":"OpenStreetMap"},"geometry":{"type":"Point","coordinates":[108.9232229,34.3470743]}},{"type":"Feature","properties":{"node_id":"5475573161","node_origin":"osm_node","degree":3,"is_intersection":true,"source":"OpenStreetMap"},"geometry":{"type":"Point","coordinates":[108.9235334,34.3471841]}},{"type":"Feature","properties":{"node_id":"5475573162","node_origin":"osm_node","degree":2,"is_intersection":false,"source":"OpenStreetMap"},"geometry":{"type":"Point","coordinates":[108.9244076,34.3471789]}},{"type":"Feature","properties":{"node_id":"5475573163","node_origin":"osm_node","degree":3,"is_intersection":true,"source":"OpenStreetMap"},"geometry":{"type":"Point","coordinates":[108.9250096,34.3472521]}},{"type":"Feature","properties":{"node_id":"5475573164","node_origin":"osm_node","degree":3,"is_intersection":true,"source":"OpenStreetMap"},"geometry":{"type":"Point","coordinates":[108.9232166,34.3443543]}},{"type":"Feature","properties":{"node_id":"5475573165","node_origin":"osm_node","degree":2,"is_intersection":false,"source":"OpenStreetMap"},"geometry":{"type":"Point","coordinates":[108.9234827,34.3445845]}},{"type":"Feature","properties":{"node_id":"5475573166","node_origin":"osm_node","degree":2,"is_intersection":false,"source":"OpenStreetMap"},"geometry":{"type":"Point","coordinates":[108.9235144,34.3449559]}},{"type":"Feature","properties":{"node_id":"5475573167","node_origin":"osm_node","degree":2,"is_intersection":false,"source":"OpenStreetMap"},"geometry":{"type":"Point","coordinates":[108.923489,34.3452802]}},{"type":"Feature","properties":{"node_id":"5475573168","node_origin":"osm_node","degree":2,"is_intersection":false,"source":"OpenStreetMap"},"geometry":{"type":"Point","coordinates":[108.923432,34.3455679]}},{"type":"Feature","properties":{"node_id":"5475573169","node_origin":"osm_node","degree":2,"is_intersection":false,"source":"OpenStreetMap"},"geometry":{"type":"Point","coordinates":[108.923451,34.3457562]}},{"type":"Feature","properties":{"node_id":"5475573170","node_origin":"osm_node","degree":2,"is_intersection":false,"source":"OpenStreetMap"},"geometry":{"type":"Point","coordinates":[108.9235207,34.3460962]}},{"type":"Feature","properties":{"node_id":"5475573171","node_origin":"osm_node","degree":2,"is_intersection":false,"source":"OpenStreetMap"},"geometry":{"type":"Point","coordinates":[108.9235587,34.3463525]}},{"type":"Feature","properties":{"node_id":"5475573172","node_origin":"osm_node","degree":2,"is_intersection":false,"source":"OpenStreetMap"},"geometry":{"type":"Point","coordinates":[108.9235207,34.3466088]}},{"type":"Feature","properties":{"node_id":"5475573173","node_origin":"osm_node","degree":2,"is_intersection":false,"source":"OpenStreetMap"},"geometry":{"type":"Point","coordinates":[108.9233813,34.3469069]}},{"type":"Feature","properties":{"node_id":"5475573174","node_origin":"osm_node","degree":3,"is_intersection":true,"source":"OpenStreetMap"},"geometry":{"type":"Point","coordinates":[108.9233223,34.3471095]}},{"type":"Feature","properties":{"node_id":"5475573175","node_origin":"osm_node","degree":3,"is_intersection":true,"source":"OpenStreetMap"},"geometry":{"type":"Point","coordinates":[108.9250205,34.3441241]}},{"type":"Feature","properties":{"node_id":"5475573176","node_origin":"osm_node","degree":2,"is_intersection":false,"source":"OpenStreetMap"},"geometry":{"type":"Point","coordinates":[108.9244393,34.3440509]}},{"type":"Feature","properties":{"node_id":"5475573177","node_origin":"osm_node","degree":2,"is_intersection":false,"source":"OpenStreetMap"},"geometry":{"type":"Point","coordinates":[108.9235524,34.3441817]}},{"type":"Feature","properties":{"node_id":"5475573178","node_origin":"osm_node","degree":2,"is_intersection":false,"source":"OpenStreetMap"},"geometry":{"type":"Point","coordinates":[108.9233116,34.3442654]}},{"type":"Feature","properties":{"node_id":"5475573179","node_origin":"osm_node","degree":3,"is_intersection":true,"source":"OpenStreetMap"},"geometry":{"type":"Point","coordinates":[108.920419,34.3425892]}},{"type":"Feature","properties":{"node_id":"5475573180","node_origin":"osm_node","degree":2,"is_intersection":false,"source":"OpenStreetMap"},"geometry":{"type":"Point","coordinates":[108.9202897,34.3462269]}},{"type":"Feature","properties":{"node_id":"5475573181","node_origin":"osm_node","degree":2,"is_intersection":false,"source":"OpenStreetMap"},"geometry":{"type":"Point","coordinates":[108.921316,34.3463995]}},{"type":"Feature","properties":{"node_id":"5475573182","node_origin":"osm_node","degree":2,"is_intersection":false,"source":"OpenStreetMap"},"geometry":{"type":"Point","coordinates":[108.9214047,34.3464466]}},{"type":"Feature","properties":{"node_id":"5475573183","node_origin":"osm_node","degree":2,"is_intersection":false,"source":"OpenStreetMap"},"geometry":{"type":"Point","coordinates":[108.9213603,34.3473411]}},{"type":"Feature","properties":{"node_id":"5475573184","node_origin":"osm_node","degree":2,"is_intersection":false,"source":"OpenStreetMap"},"geometry":{"type":"Point","coordinates":[108.921259,34.3484709]}},{"type":"Feature","properties":{"node_id":"5475573185","node_origin":"osm_node","degree":2,"is_intersection":false,"source":"OpenStreetMap"},"geometry":{"type":"Point","coordinates":[108.9214237,34.3485912]}},{"type":"Feature","properties":{"node_id":"5475573186","node_origin":"osm_node","degree":2,"is_intersection":false,"source":"OpenStreetMap"},"geometry":{"type":"Point","coordinates":[108.9217151,34.3486226]}},{"type":"Feature","properties":{"node_id":"5475573187","node_origin":"osm_node","degree":2,"is_intersection":false,"source":"OpenStreetMap"},"geometry":{"type":"Point","coordinates":[108.9220952,34.348633]}},{"type":"Feature","properties":{"node_id":"5475573188","node_origin":"osm_node","degree":3,"is_intersection":true,"source":"OpenStreetMap"},"geometry":{"type":"Point","coordinates":[108.9223297,34.3486383]}},{"type":"Feature","properties":{"node_id":"5475573189","node_origin":"osm_node","degree":3,"is_intersection":true,"source":"OpenStreetMap"},"geometry":{"type":"Point","coordinates":[108.9223291,34.3489438]}},{"type":"Feature","properties":{"node_id":"5475573190","node_origin":"osm_node","degree":3,"is_intersection":true,"source":"OpenStreetMap"},"geometry":{"type":"Point","coordinates":[108.9214008,34.346526]}},{"type":"Feature","properties":{"node_id":"5475573191","node_origin":"osm_node","degree":2,"is_intersection":false,"source":"OpenStreetMap"},"geometry":{"type":"Point","coordinates":[108.923451,34.3475032]}},{"type":"Feature","properties":{"node_id":"5475573192","node_origin":"osm_node","degree":2,"is_intersection":false,"source":"OpenStreetMap"},"geometry":{"type":"Point","coordinates":[108.9231849,34.3477595]}},{"type":"Feature","properties":{"node_id":"5475573193","node_origin":"osm_node","degree":2,"is_intersection":false,"source":"OpenStreetMap"},"geometry":{"type":"Point","coordinates":[108.9230012,34.3479112]}},{"type":"Feature","properties":{"node_id":"5475573194","node_origin":"osm_node","degree":2,"is_intersection":false,"source":"OpenStreetMap"},"geometry":{"type":"Point","coordinates":[108.9226464,34.3480211]}},{"type":"Feature","properties":{"node_id":"5475573195","node_origin":"osm_node","degree":2,"is_intersection":false,"source":"OpenStreetMap"},"geometry":{"type":"Point","coordinates":[108.9224183,34.3482512]}},{"type":"Feature","properties":{"node_id":"5475573196","node_origin":"osm_node","degree":2,"is_intersection":false,"source":"OpenStreetMap"},"geometry":{"type":"Point","coordinates":[108.9457134,34.3594701]}},{"type":"Feature","properties":{"node_id":"5475573198","node_origin":"osm_node","degree":2,"is_intersection":false,"source":"OpenStreetMap"},"geometry":{"type":"Point","coordinates":[108.9445283,34.3587939]}},{"type":"Feature","properties":{"node_id":"5475573199","node_origin":"osm_node","degree":3,"is_intersection":true,"source":"OpenStreetMap"},"geometry":{"type":"Point","coordinates":[108.9449705,34.3598111]}},{"type":"Feature","properties":{"node_id":"5475573201","node_origin":"osm_node","degree":2,"is_intersection":false,"source":"OpenStreetMap"},"geometry":{"type":"Point","coordinates":[108.9446856,34.3596967]}},{"type":"Feature","properties":{"node_id":"5475573203","node_origin":"osm_node","degree":3,"is_intersection":true,"source":"OpenStreetMap"},"geometry":{"type":"Point","coordinates":[108.9445402,34.3593655]}},{"type":"Feature","properties":{"node_id":"5475573208","node_origin":"osm_node","degree":2,"is_intersection":false,"source":"OpenStreetMap"},"geometry":{"type":"Point","coordinates":[108.9422916,34.3594348]}},{"type":"Feature","properties":{"node_id":"5475573209","node_origin":"osm_node","degree":2,"is_intersection":false,"source":"OpenStreetMap"},"geometry":{"type":"Point","coordinates":[108.942526,34.3589432]}},{"type":"Feature","properties":{"node_id":"5475573210","node_origin":"osm_node","degree":2,"is_intersection":false,"source":"OpenStreetMap"},"geometry":{"type":"Point","coordinates":[108.942678,34.3585353]}},{"type":"Feature","properties":{"node_id":"5475573211","node_origin":"osm_node","degree":2,"is_intersection":false,"source":"OpenStreetMap"},"geometry":{"type":"Point","coordinates":[108.9425415,34.3584814]}},{"type":"Feature","properties":{"node_id":"5475573212","node_origin":"osm_node","degree":2,"is_intersection":false,"source":"OpenStreetMap"},"geometry":{"type":"Point","coordinates":[108.940571,34.3581437]}},{"type":"Feature","properties":{"node_id":"5475573213","node_origin":"osm_node","degree":2,"is_intersection":false,"source":"OpenStreetMap"},"geometry":{"type":"Point","coordinates":[108.9491043,34.3578727]}},{"type":"Feature","properties":{"node_id":"5475573216","node_origin":"osm_node","degree":3,"is_intersection":true,"source":"OpenStreetMap"},"geometry":{"type":"Point","coordinates":[108.9466589,34.3489736]}},{"type":"Feature","properties":{"node_id":"5475573217","node_origin":"osm_node","degree":3,"is_intersection":true,"source":"OpenStreetMap"},"geometry":{"type":"Point","coordinates":[108.9466657,34.3525668]}},{"type":"Feature","properties":{"node_id":"5475573218","node_origin":"osm_node","degree":4,"is_intersection":true,"source":"OpenStreetMap"},"geometry":{"type":"Point","coordinates":[108.9466879,34.3543218]}},{"type":"Feature","properties":{"node_id":"5475573219","node_origin":"osm_node","degree":2,"is_intersection":false,"source":"OpenStreetMap"},"geometry":{"type":"Point","coordinates":[108.9441969,34.350383]}},{"type":"Feature","properties":{"node_id":"5475573220","node_origin":"osm_node","degree":3,"is_intersection":true,"source":"OpenStreetMap"},"geometry":{"type":"Point","coordinates":[108.9524601,34.34895]}},{"type":"Feature","properties":{"node_id":"5475573321","node_origin":"osm_node","degree":3,"is_intersection":true,"source":"OpenStreetMap"},"geometry":{"type":"Point","coordinates":[108.9577419,34.3574909]}},{"type":"Feature","properties":{"node_id":"5475573322","node_origin":"osm_node","degree":4,"is_intersection":true,"source":"OpenStreetMap"},"geometry":{"type":"Point","coordinates":[108.9608362,34.357491]}},{"type":"Feature","properties":{"node_id":"5475573323","node_origin":"osm_node","degree":3,"is_intersection":true,"source":"OpenStreetMap"},"geometry":{"type":"Point","coordinates":[108.9631298,34.3574857]}},{"type":"Feature","properties":{"node_id":"5488786771","node_origin":"osm_node","degree":4,"is_intersection":true,"source":"OpenStreetMap"},"geometry":{"type":"Point","coordinates":[108.9555403,34.3235888]}},{"type":"Feature","properties":{"node_id":"611108894","node_origin":"osm_node","degree":2,"is_intersection":false,"source":"OpenStreetMap"},"geometry":{"type":"Point","coordinates":[108.9194873,34.3389513]}},{"type":"Feature","properties":{"node_id":"611108895","node_origin":"osm_node","degree":4,"is_intersection":true,"source":"OpenStreetMap"},"geometry":{"type":"Point","coordinates":[108.9251411,34.3489197]}},{"type":"Feature","properties":{"node_id":"611108896","node_origin":"osm_node","degree":4,"is_intersection":true,"source":"OpenStreetMap"},"geometry":{"type":"Point","coordinates":[108.9180918,34.3489455]}},{"type":"Feature","properties":{"node_id":"619143798","node_origin":"osm_node","degree":4,"is_intersection":true,"source":"OpenStreetMap"},"geometry":{"type":"Point","coordinates":[108.933321,34.3489254]}},{"type":"Feature","properties":{"node_id":"6199465071","node_origin":"osm_node","degree":3,"is_intersection":true,"source":"OpenStreetMap"},"geometry":{"type":"Point","coordinates":[108.9173603,34.3389321]}},{"type":"Feature","properties":{"node_id":"6199465073","node_origin":"osm_node","degree":2,"is_intersection":false,"source":"OpenStreetMap"},"geometry":{"type":"Point","coordinates":[108.9188481,34.3423222]}},{"type":"Feature","properties":{"node_id":"6199465075","node_origin":"osm_node","degree":2,"is_intersection":false,"source":"OpenStreetMap"},"geometry":{"type":"Point","coordinates":[108.9191024,34.3391693]}},{"type":"Feature","properties":{"node_id":"6199465088","node_origin":"osm_node","degree":2,"is_intersection":false,"source":"OpenStreetMap"},"geometry":{"type":"Point","coordinates":[108.9215825,34.3425858]}},{"type":"Feature","properties":{"node_id":"6432307806","node_origin":"osm_node","degree":2,"is_intersection":false,"source":"OpenStreetMap"},"geometry":{"type":"Point","coordinates":[108.9250201,34.3659121]}},{"type":"Feature","properties":{"node_id":"6535944381","node_origin":"osm_node","degree":4,"is_intersection":true,"source":"OpenStreetMap"},"geometry":{"type":"Point","coordinates":[108.9376783,34.3281165]}},{"type":"Feature","properties":{"node_id":"6535944382","node_origin":"osm_node","degree":1,"is_intersection":false,"source":"OpenStreetMap"},"geometry":{"type":"Point","coordinates":[108.9376323,34.3262568]}},{"type":"Feature","properties":{"node_id":"6558535055","node_origin":"osm_node","degree":4,"is_intersection":true,"source":"OpenStreetMap"},"geometry":{"type":"Point","coordinates":[108.9667888,34.3207293]}},{"type":"Feature","properties":{"node_id":"6558535056","node_origin":"osm_node","degree":4,"is_intersection":true,"source":"OpenStreetMap"},"geometry":{"type":"Point","coordinates":[108.9636999,34.3207286]}},{"type":"Feature","properties":{"node_id":"6558535057","node_origin":"osm_node","degree":4,"is_intersection":true,"source":"OpenStreetMap"},"geometry":{"type":"Point","coordinates":[108.9611733,34.3207566]}},{"type":"Feature","properties":{"node_id":"6558535058","node_origin":"osm_node","degree":3,"is_intersection":true,"source":"OpenStreetMap"},"geometry":{"type":"Point","coordinates":[108.9637075,34.3186151]}},{"type":"Feature","properties":{"node_id":"6558535059","node_origin":"osm_node","degree":2,"is_intersection":false,"source":"OpenStreetMap"},"geometry":{"type":"Point","coordinates":[108.9611388,34.3228766]}},{"type":"Feature","properties":{"node_id":"6558535070","node_origin":"osm_node","degree":4,"is_intersection":true,"source":"OpenStreetMap"},"geometry":{"type":"Point","coordinates":[108.9490723,34.3193763]}},{"type":"Feature","properties":{"node_id":"6558535071","node_origin":"osm_node","degree":2,"is_intersection":false,"source":"OpenStreetMap"},"geometry":{"type":"Point","coordinates":[108.9544301,34.3191837]}},{"type":"Feature","properties":{"node_id":"6558535072","node_origin":"osm_node","degree":3,"is_intersection":true,"source":"OpenStreetMap"},"geometry":{"type":"Point","coordinates":[108.9544363,34.3193971]}},{"type":"Feature","properties":{"node_id":"6558535073","node_origin":"osm_node","degree":2,"is_intersection":false,"source":"OpenStreetMap"},"geometry":{"type":"Point","coordinates":[108.9600542,34.3188147]}},{"type":"Feature","properties":{"node_id":"6558535074","node_origin":"osm_node","degree":3,"is_intersection":true,"source":"OpenStreetMap"},"geometry":{"type":"Point","coordinates":[108.9555471,34.3214993]}},{"type":"Feature","properties":{"node_id":"6558535075","node_origin":"osm_node","degree":4,"is_intersection":true,"source":"OpenStreetMap"},"geometry":{"type":"Point","coordinates":[108.9556522,34.3214994]}},{"type":"Feature","properties":{"node_id":"6558535076","node_origin":"osm_node","degree":4,"is_intersection":true,"source":"OpenStreetMap"},"geometry":{"type":"Point","coordinates":[108.958263,34.3214886]}},{"type":"Feature","properties":{"node_id":"6558535077","node_origin":"osm_node","degree":3,"is_intersection":true,"source":"OpenStreetMap"},"geometry":{"type":"Point","coordinates":[108.9611683,34.3214945]}},{"type":"Feature","properties":{"node_id":"6558535078","node_origin":"osm_node","degree":3,"is_intersection":true,"source":"OpenStreetMap"},"geometry":{"type":"Point","coordinates":[108.9586333,34.3313026]}},{"type":"Feature","properties":{"node_id":"6558535079","node_origin":"osm_node","degree":4,"is_intersection":true,"source":"OpenStreetMap"},"geometry":{"type":"Point","coordinates":[108.9586347,34.3314151]}},{"type":"Feature","properties":{"node_id":"6558535080","node_origin":"osm_node","degree":3,"is_intersection":true,"source":"OpenStreetMap"},"geometry":{"type":"Point","coordinates":[108.958649,34.3337588]}},{"type":"Feature","properties":{"node_id":"6558558191","node_origin":"osm_node","degree":2,"is_intersection":false,"source":"OpenStreetMap"},"geometry":{"type":"Point","coordinates":[108.9697441,34.3336559]}},{"type":"Feature","properties":{"node_id":"6558558193","node_origin":"osm_node","degree":2,"is_intersection":false,"source":"OpenStreetMap"},"geometry":{"type":"Point","coordinates":[108.9678121,34.3336916]}},{"type":"Feature","properties":{"node_id":"6558572309","node_origin":"osm_node","degree":3,"is_intersection":true,"source":"OpenStreetMap"},"geometry":{"type":"Point","coordinates":[108.9697393,34.3416547]}},{"type":"Feature","properties":{"node_id":"6558572310","node_origin":"osm_node","degree":2,"is_intersection":false,"source":"OpenStreetMap"},"geometry":{"type":"Point","coordinates":[108.9693088,34.341753]}},{"type":"Feature","properties":{"node_id":"6558572311","node_origin":"osm_node","degree":2,"is_intersection":false,"source":"OpenStreetMap"},"geometry":{"type":"Point","coordinates":[108.9690391,34.3419178]}},{"type":"Feature","properties":{"node_id":"6558572312","node_origin":"osm_node","degree":2,"is_intersection":false,"source":"OpenStreetMap"},"geometry":{"type":"Point","coordinates":[108.9688396,34.342232]}},{"type":"Feature","properties":{"node_id":"6558572313","node_origin":"osm_node","degree":2,"is_intersection":false,"source":"OpenStreetMap"},"geometry":{"type":"Point","coordinates":[108.9687878,34.3425768]}},{"type":"Feature","properties":{"node_id":"6558572314","node_origin":"osm_node","degree":2,"is_intersection":false,"source":"OpenStreetMap"},"geometry":{"type":"Point","coordinates":[108.9689652,34.34301]}},{"type":"Feature","properties":{"node_id":"6558572315","node_origin":"osm_node","degree":2,"is_intersection":false,"source":"OpenStreetMap"},"geometry":{"type":"Point","coordinates":[108.9693864,34.3434371]}},{"type":"Feature","properties":{"node_id":"6558572322","node_origin":"osm_node","degree":2,"is_intersection":false,"source":"OpenStreetMap"},"geometry":{"type":"Point","coordinates":[108.9690787,34.3413134]}},{"type":"Feature","properties":{"node_id":"6558572323","node_origin":"osm_node","degree":2,"is_intersection":false,"source":"OpenStreetMap"},"geometry":{"type":"Point","coordinates":[108.9687573,34.341297]}},{"type":"Feature","properties":{"node_id":"6558572324","node_origin":"osm_node","degree":2,"is_intersection":false,"source":"OpenStreetMap"},"geometry":{"type":"Point","coordinates":[108.96843,34.341216]}},{"type":"Feature","properties":{"node_id":"6558572325","node_origin":"osm_node","degree":2,"is_intersection":false,"source":"OpenStreetMap"},"geometry":{"type":"Point","coordinates":[108.9681264,34.341096]}},{"type":"Feature","properties":{"node_id":"6558572331","node_origin":"osm_node","degree":2,"is_intersection":false,"source":"OpenStreetMap"},"geometry":{"type":"Point","coordinates":[108.9669163,34.3397282]}},{"type":"Feature","properties":{"node_id":"6558572337","node_origin":"osm_node","degree":2,"is_intersection":false,"source":"OpenStreetMap"},"geometry":{"type":"Point","coordinates":[108.9607866,34.3427451]}},{"type":"Feature","properties":{"node_id":"6558572342","node_origin":"osm_node","degree":3,"is_intersection":true,"source":"OpenStreetMap"},"geometry":{"type":"Point","coordinates":[108.9557898,34.3402661]}},{"type":"Feature","properties":{"node_id":"6558572343","node_origin":"osm_node","degree":4,"is_intersection":true,"source":"OpenStreetMap"},"geometry":{"type":"Point","coordinates":[108.9524339,34.3402734]}},{"type":"Feature","properties":{"node_id":"6558572344","node_origin":"osm_node","degree":3,"is_intersection":true,"source":"OpenStreetMap"},"geometry":{"type":"Point","coordinates":[108.9490796,34.3402471]}},{"type":"Feature","properties":{"node_id":"6558572345","node_origin":"osm_node","degree":2,"is_intersection":false,"source":"OpenStreetMap"},"geometry":{"type":"Point","coordinates":[108.949084,34.3405623]}},{"type":"Feature","properties":{"node_id":"6558572347","node_origin":"osm_node","degree":2,"is_intersection":false,"source":"OpenStreetMap"},"geometry":{"type":"Point","coordinates":[108.9453501,34.3388641]}},{"type":"Feature","properties":{"node_id":"6558572353","node_origin":"osm_node","degree":4,"is_intersection":true,"source":"OpenStreetMap"},"geometry":{"type":"Point","coordinates":[108.9669169,34.3279402]}},{"type":"Feature","properties":{"node_id":"6561657263","node_origin":"osm_node","degree":3,"is_intersection":true,"source":"OpenStreetMap"},"geometry":{"type":"Point","coordinates":[108.9678007,34.3410045]}},{"type":"Feature","properties":{"node_id":"6561657264","node_origin":"osm_node","degree":2,"is_intersection":false,"source":"OpenStreetMap"},"geometry":{"type":"Point","coordinates":[108.9679691,34.3411402]}},{"type":"Feature","properties":{"node_id":"6561657265","node_origin":"osm_node","degree":2,"is_intersection":false,"source":"OpenStreetMap"},"geometry":{"type":"Point","coordinates":[108.966732,34.3419064]}},{"type":"Feature","properties":{"node_id":"6561657266","node_origin":"osm_node","degree":2,"is_intersection":false,"source":"OpenStreetMap"},"geometry":{"type":"Point","coordinates":[108.9680802,34.3413114]}},{"type":"Feature","properties":{"node_id":"6561657267","node_origin":"osm_node","degree":2,"is_intersection":false,"source":"OpenStreetMap"},"geometry":{"type":"Point","coordinates":[108.9681239,34.3415024]}},{"type":"Feature","properties":{"node_id":"6561657268","node_origin":"osm_node","degree":2,"is_intersection":false,"source":"OpenStreetMap"},"geometry":{"type":"Point","coordinates":[108.9680522,34.3417931]}},{"type":"Feature","properties":{"node_id":"6561657269","node_origin":"osm_node","degree":2,"is_intersection":false,"source":"OpenStreetMap"},"geometry":{"type":"Point","coordinates":[108.9678227,34.3420298]}},{"type":"Feature","properties":{"node_id":"6561657270","node_origin":"osm_node","degree":2,"is_intersection":false,"source":"OpenStreetMap"},"geometry":{"type":"Point","coordinates":[108.9676088,34.3421258]}},{"type":"Feature","properties":{"node_id":"6561657271","node_origin":"osm_node","degree":2,"is_intersection":false,"source":"OpenStreetMap"},"geometry":{"type":"Point","coordinates":[108.9673694,34.3421622]}},{"type":"Feature","properties":{"node_id":"6561657272","node_origin":"osm_node","degree":2,"is_intersection":false,"source":"OpenStreetMap"},"geometry":{"type":"Point","coordinates":[108.9671282,34.3421353]}},{"type":"Feature","properties":{"node_id":"6561657273","node_origin":"osm_node","degree":2,"is_intersection":false,"source":"OpenStreetMap"},"geometry":{"type":"Point","coordinates":[108.9666177,34.3417262]}},{"type":"Feature","properties":{"node_id":"6561657274","node_origin":"osm_node","degree":2,"is_intersection":false,"source":"OpenStreetMap"},"geometry":{"type":"Point","coordinates":[108.9665778,34.3415255]}},{"type":"Feature","properties":{"node_id":"6561657275","node_origin":"osm_node","degree":2,"is_intersection":false,"source":"OpenStreetMap"},"geometry":{"type":"Point","coordinates":[108.9667233,34.3411512]}},{"type":"Feature","properties":{"node_id":"6561657276","node_origin":"osm_node","degree":2,"is_intersection":false,"source":"OpenStreetMap"},"geometry":{"type":"Point","coordinates":[108.9668885,34.3410123]}},{"type":"Feature","properties":{"node_id":"6561657277","node_origin":"osm_node","degree":2,"is_intersection":false,"source":"OpenStreetMap"},"geometry":{"type":"Point","coordinates":[108.9670966,34.340921]}},{"type":"Feature","properties":{"node_id":"6561657278","node_origin":"osm_node","degree":2,"is_intersection":false,"source":"OpenStreetMap"},"geometry":{"type":"Point","coordinates":[108.9673382,34.3408856]}},{"type":"Feature","properties":{"node_id":"6561657279","node_origin":"osm_node","degree":2,"is_intersection":false,"source":"OpenStreetMap"},"geometry":{"type":"Point","coordinates":[108.967581,34.3409143]}},{"type":"Feature","properties":{"node_id":"6561657280","node_origin":"osm_node","degree":2,"is_intersection":false,"source":"OpenStreetMap"},"geometry":{"type":"Point","coordinates":[108.9670494,34.3413915]}},{"type":"Feature","properties":{"node_id":"6561657281","node_origin":"osm_node","degree":2,"is_intersection":false,"source":"OpenStreetMap"},"geometry":{"type":"Point","coordinates":[108.9671643,34.3414594]}},{"type":"Feature","properties":{"node_id":"6561657282","node_origin":"osm_node","degree":2,"is_intersection":false,"source":"OpenStreetMap"},"geometry":{"type":"Point","coordinates":[108.9667969,34.3396421]}},{"type":"Feature","properties":{"node_id":"6561657283","node_origin":"osm_node","degree":2,"is_intersection":false,"source":"OpenStreetMap"},"geometry":{"type":"Point","coordinates":[108.9667919,34.3403931]}},{"type":"Feature","properties":{"node_id":"6561657284","node_origin":"osm_node","degree":2,"is_intersection":false,"source":"OpenStreetMap"},"geometry":{"type":"Point","coordinates":[108.9669135,34.3400463]}},{"type":"Feature","properties":{"node_id":"6561714685","node_origin":"osm_node","degree":3,"is_intersection":true,"source":"OpenStreetMap"},"geometry":{"type":"Point","coordinates":[108.9679898,34.3418837]}},{"type":"Feature","properties":{"node_id":"6561714686","node_origin":"osm_node","degree":2,"is_intersection":false,"source":"OpenStreetMap"},"geometry":{"type":"Point","coordinates":[108.9680555,34.3421776]}},{"type":"Feature","properties":{"node_id":"6561714687","node_origin":"osm_node","degree":2,"is_intersection":false,"source":"OpenStreetMap"},"geometry":{"type":"Point","coordinates":[108.9682143,34.3423809]}},{"type":"Feature","properties":{"node_id":"6561714688","node_origin":"osm_node","degree":2,"is_intersection":false,"source":"OpenStreetMap"},"geometry":{"type":"Point","coordinates":[108.9684168,34.3424694]}},{"type":"Feature","properties":{"node_id":"6561714689","node_origin":"osm_node","degree":2,"is_intersection":false,"source":"OpenStreetMap"},"geometry":{"type":"Point","coordinates":[108.9686113,34.3425153]}},{"type":"Feature","properties":{"node_id":"6561714690","node_origin":"osm_node","degree":2,"is_intersection":false,"source":"OpenStreetMap"},"geometry":{"type":"Point","coordinates":[108.9687662,34.3426267]}},{"type":"Feature","properties":{"node_id":"6561714691","node_origin":"osm_node","degree":3,"is_intersection":true,"source":"OpenStreetMap"},"geometry":{"type":"Point","coordinates":[108.9688846,34.3428132]}},{"type":"Feature","properties":{"node_id":"6561714692","node_origin":"osm_node","degree":3,"is_intersection":true,"source":"OpenStreetMap"},"geometry":{"type":"Point","coordinates":[108.9676204,34.3426276]}},{"type":"Feature","properties":{"node_id":"6561714693","node_origin":"osm_node","degree":2,"is_intersection":false,"source":"OpenStreetMap"},"geometry":{"type":"Point","coordinates":[108.9676386,34.3424792]}},{"type":"Feature","properties":{"node_id":"6561714694","node_origin":"osm_node","degree":2,"is_intersection":false,"source":"OpenStreetMap"},"geometry":{"type":"Point","coordinates":[108.9678391,34.3422989]}},{"type":"Feature","properties":{"node_id":"6561714695","node_origin":"osm_node","degree":2,"is_intersection":false,"source":"OpenStreetMap"},"geometry":{"type":"Point","coordinates":[108.967984,34.3422317]}},{"type":"Feature","properties":{"node_id":"6561714696","node_origin":"osm_node","degree":3,"is_intersection":true,"source":"OpenStreetMap"},"geometry":{"type":"Point","coordinates":[108.9681194,34.3422595]}},{"type":"Feature","properties":{"node_id":"6561714698","node_origin":"osm_node","degree":2,"is_intersection":false,"source":"OpenStreetMap"},"geometry":{"type":"Point","coordinates":[108.9694272,34.3442281]}},{"type":"Feature","properties":{"node_id":"6561714699","node_origin":"osm_node","degree":2,"is_intersection":false,"source":"OpenStreetMap"},"geometry":{"type":"Point","coordinates":[108.9685984,34.3434954]}},{"type":"Feature","properties":{"node_id":"6561714700","node_origin":"osm_node","degree":2,"is_intersection":false,"source":"OpenStreetMap"},"geometry":{"type":"Point","coordinates":[108.9678198,34.3427989]}},{"type":"Feature","properties":{"node_id":"6561714701","node_origin":"osm_node","degree":2,"is_intersection":false,"source":"OpenStreetMap"},"geometry":{"type":"Point","coordinates":[108.9674322,34.3424284]}},{"type":"Feature","properties":{"node_id":"6561714702","node_origin":"osm_node","degree":2,"is_intersection":false,"source":"OpenStreetMap"},"geometry":{"type":"Point","coordinates":[108.9670374,34.3422079]}},{"type":"Feature","properties":{"node_id":"6561714703","node_origin":"osm_node","degree":2,"is_intersection":false,"source":"OpenStreetMap"},"geometry":{"type":"Point","coordinates":[108.9665133,34.341998]}},{"type":"Feature","properties":{"node_id":"6561714704","node_origin":"osm_node","degree":2,"is_intersection":false,"source":"OpenStreetMap"},"geometry":{"type":"Point","coordinates":[108.9661464,34.3418811]}},{"type":"Feature","properties":{"node_id":"6561714705","node_origin":"osm_node","degree":2,"is_intersection":false,"source":"OpenStreetMap"},"geometry":{"type":"Point","coordinates":[108.965686,34.3418562]}},{"type":"Feature","properties":{"node_id":"6561714706","node_origin":"osm_node","degree":2,"is_intersection":false,"source":"OpenStreetMap"},"geometry":{"type":"Point","coordinates":[108.9645951,34.3420335]}},{"type":"Feature","properties":{"node_id":"6561714707","node_origin":"osm_node","degree":2,"is_intersection":false,"source":"OpenStreetMap"},"geometry":{"type":"Point","coordinates":[108.9633141,34.3421571]}},{"type":"Feature","properties":{"node_id":"6561714708","node_origin":"osm_node","degree":2,"is_intersection":false,"source":"OpenStreetMap"},"geometry":{"type":"Point","coordinates":[108.9623099,34.3424214]}},{"type":"Feature","properties":{"node_id":"6561714710","node_origin":"osm_node","degree":2,"is_intersection":false,"source":"OpenStreetMap"},"geometry":{"type":"Point","coordinates":[108.9665617,34.3416266]}},{"type":"Feature","properties":{"node_id":"6561714711","node_origin":"osm_node","degree":2,"is_intersection":false,"source":"OpenStreetMap"},"geometry":{"type":"Point","coordinates":[108.9669917,34.3415908]}},{"type":"Feature","properties":{"node_id":"6561714712","node_origin":"osm_node","degree":2,"is_intersection":false,"source":"OpenStreetMap"},"geometry":{"type":"Point","coordinates":[108.9672561,34.3415747]}},{"type":"Feature","properties":{"node_id":"6561714713","node_origin":"osm_node","degree":2,"is_intersection":false,"source":"OpenStreetMap"},"geometry":{"type":"Point","coordinates":[108.9677572,34.3415651]}},{"type":"Feature","properties":{"node_id":"6561714714","node_origin":"osm_node","degree":2,"is_intersection":false,"source":"OpenStreetMap"},"geometry":{"type":"Point","coordinates":[108.9684236,34.3415619]}},{"type":"Feature","properties":{"node_id":"6561714738","node_origin":"osm_node","degree":4,"is_intersection":true,"source":"OpenStreetMap"},"geometry":{"type":"Point","coordinates":[108.9669019,34.3420687]}},{"type":"Feature","properties":{"node_id":"6561714748","node_origin":"osm_node","degree":2,"is_intersection":false,"source":"OpenStreetMap"},"geometry":{"type":"Point","coordinates":[108.9669084,34.3383456]}},{"type":"Feature","properties":{"node_id":"6561714766","node_origin":"osm_node","degree":2,"is_intersection":false,"source":"OpenStreetMap"},"geometry":{"type":"Point","coordinates":[108.9669739,34.3411977]}},{"type":"Feature","properties":{"node_id":"6561714767","node_origin":"osm_node","degree":2,"is_intersection":false,"source":"OpenStreetMap"},"geometry":{"type":"Point","coordinates":[108.9680075,34.3426753]}},{"type":"Feature","properties":{"node_id":"6561714768","node_origin":"osm_node","degree":2,"is_intersection":false,"source":"OpenStreetMap"},"geometry":{"type":"Point","coordinates":[108.9683058,34.3427874]}},{"type":"Feature","properties":{"node_id":"6561714780","node_origin":"osm_node","degree":2,"is_intersection":false,"source":"OpenStreetMap"},"geometry":{"type":"Point","coordinates":[108.9674878,34.341456]}},{"type":"Feature","properties":{"node_id":"6561714805","node_origin":"osm_node","degree":2,"is_intersection":false,"source":"OpenStreetMap"},"geometry":{"type":"Point","coordinates":[108.9692712,34.3416597]}},{"type":"Feature","properties":{"node_id":"6561714806","node_origin":"osm_node","degree":2,"is_intersection":false,"source":"OpenStreetMap"},"geometry":{"type":"Point","coordinates":[108.9688884,34.3417167]}},{"type":"Feature","properties":{"node_id":"6561714807","node_origin":"osm_node","degree":2,"is_intersection":false,"source":"OpenStreetMap"},"geometry":{"type":"Point","coordinates":[108.9684804,34.3417133]}},{"type":"Feature","properties":{"node_id":"6561714808","node_origin":"osm_node","degree":3,"is_intersection":true,"source":"OpenStreetMap"},"geometry":{"type":"Point","coordinates":[108.9680742,34.3417192]}},{"type":"Feature","properties":{"node_id":"6561714809","node_origin":"osm_node","degree":2,"is_intersection":false,"source":"OpenStreetMap"},"geometry":{"type":"Point","coordinates":[108.9621531,34.3421388]}},{"type":"Feature","properties":{"node_id":"6561714810","node_origin":"osm_node","degree":2,"is_intersection":false,"source":"OpenStreetMap"},"geometry":{"type":"Point","coordinates":[108.9625792,34.3420649]}},{"type":"Feature","properties":{"node_id":"6561714811","node_origin":"osm_node","degree":3,"is_intersection":true,"source":"OpenStreetMap"},"geometry":{"type":"Point","coordinates":[108.9652747,34.3416093]}},{"type":"Feature","properties":{"node_id":"6561714812","node_origin":"osm_node","degree":2,"is_intersection":false,"source":"OpenStreetMap"},"geometry":{"type":"Point","coordinates":[108.9663945,34.3413951]}},{"type":"Feature","properties":{"node_id":"6561714813","node_origin":"osm_node","degree":3,"is_intersection":true,"source":"OpenStreetMap"},"geometry":{"type":"Point","coordinates":[108.9666165,34.3413247]}},{"type":"Feature","properties":{"node_id":"6561714814","node_origin":"osm_node","degree":2,"is_intersection":false,"source":"OpenStreetMap"},"geometry":{"type":"Point","coordinates":[108.9654006,34.3416484]}},{"type":"Feature","properties":{"node_id":"6561714815","node_origin":"osm_node","degree":2,"is_intersection":false,"source":"OpenStreetMap"},"geometry":{"type":"Point","coordinates":[108.9654544,34.3417528]}},{"type":"Feature","properties":{"node_id":"6561714816","node_origin":"osm_node","degree":3,"is_intersection":true,"source":"OpenStreetMap"},"geometry":{"type":"Point","coordinates":[108.9654392,34.3418961]}},{"type":"Feature","properties":{"node_id":"6561714818","node_origin":"osm_node","degree":2,"is_intersection":false,"source":"OpenStreetMap"},"geometry":{"type":"Point","coordinates":[108.9697852,34.3442905]}},{"type":"Feature","properties":{"node_id":"6561714819","node_origin":"osm_node","degree":2,"is_intersection":false,"source":"OpenStreetMap"},"geometry":{"type":"Point","coordinates":[108.9667964,34.33882]}},{"type":"Feature","properties":{"node_id":"6561714820","node_origin":"osm_node","degree":2,"is_intersection":false,"source":"OpenStreetMap"},"geometry":{"type":"Point","coordinates":[108.9669204,34.3388108]}},{"type":"Feature","properties":{"node_id":"6561714831","node_origin":"osm_node","degree":2,"is_intersection":false,"source":"OpenStreetMap"},"geometry":{"type":"Point","coordinates":[108.9624312,34.3423102]}},{"type":"Feature","properties":{"node_id":"6561714832","node_origin":"osm_node","degree":2,"is_intersection":false,"source":"OpenStreetMap"},"geometry":{"type":"Point","coordinates":[108.9623872,34.3421996]}},{"type":"Feature","properties":{"node_id":"6561714833","node_origin":"osm_node","degree":1,"is_intersection":false,"source":"OpenStreetMap"},"geometry":{"type":"Point","coordinates":[108.9670465,34.3392194]}},{"type":"Feature","properties":{"node_id":"6561714834","node_origin":"osm_node","degree":1,"is_intersection":false,"source":"OpenStreetMap"},"geometry":{"type":"Point","coordinates":[108.9695159,34.3390909]}},{"type":"Feature","properties":{"node_id":"6561714835","node_origin":"osm_node","degree":2,"is_intersection":false,"source":"OpenStreetMap"},"geometry":{"type":"Point","coordinates":[108.9691353,34.3431825]}},{"type":"Feature","properties":{"node_id":"6568678069","node_origin":"osm_node","degree":2,"is_intersection":false,"source":"OpenStreetMap"},"geometry":{"type":"Point","coordinates":[108.9608612,34.3630132]}},{"type":"Feature","properties":{"node_id":"663134958","node_origin":"osm_node","degree":1,"is_intersection":false,"source":"OpenStreetMap"},"geometry":{"type":"Point","coordinates":[108.9120966,34.3613698]}},{"type":"Feature","properties":{"node_id":"663135001","node_origin":"osm_node","degree":2,"is_intersection":false,"source":"OpenStreetMap"},"geometry":{"type":"Point","coordinates":[108.9389811,34.3653096]}},{"type":"Feature","properties":{"node_id":"665060446","node_origin":"osm_node","degree":4,"is_intersection":true,"source":"OpenStreetMap"},"geometry":{"type":"Point","coordinates":[108.9114067,34.3282225]}},{"type":"Feature","properties":{"node_id":"7137196011","node_origin":"osm_node","degree":4,"is_intersection":true,"source":"OpenStreetMap"},"geometry":{"type":"Point","coordinates":[108.954417,34.3554738]}},{"type":"Feature","properties":{"node_id":"7137196015","node_origin":"osm_node","degree":4,"is_intersection":true,"source":"OpenStreetMap"},"geometry":{"type":"Point","coordinates":[108.92514,34.3595347]}},{"type":"Feature","properties":{"node_id":"7137196030","node_origin":"osm_node","degree":4,"is_intersection":true,"source":"OpenStreetMap"},"geometry":{"type":"Point","coordinates":[108.9631437,34.3554094]}},{"type":"Feature","properties":{"node_id":"7137196031","node_origin":"osm_node","degree":4,"is_intersection":true,"source":"OpenStreetMap"},"geometry":{"type":"Point","coordinates":[108.9612232,34.3554114]}},{"type":"Feature","properties":{"node_id":"7137196067","node_origin":"osm_node","degree":2,"is_intersection":false,"source":"OpenStreetMap"},"geometry":{"type":"Point","coordinates":[108.9686681,34.3554038]}},{"type":"Feature","properties":{"node_id":"7137196073","node_origin":"osm_node","degree":3,"is_intersection":true,"source":"OpenStreetMap"},"geometry":{"type":"Point","coordinates":[108.9180821,34.3532206]}},{"type":"Feature","properties":{"node_id":"7137196077","node_origin":"osm_node","degree":3,"is_intersection":true,"source":"OpenStreetMap"},"geometry":{"type":"Point","coordinates":[108.9251411,34.3536064]}},{"type":"Feature","properties":{"node_id":"7137205525","node_origin":"osm_node","degree":4,"is_intersection":true,"source":"OpenStreetMap"},"geometry":{"type":"Point","coordinates":[108.9431236,34.3539537]}},{"type":"Feature","properties":{"node_id":"7137205527","node_origin":"osm_node","degree":5,"is_intersection":true,"source":"OpenStreetMap"},"geometry":{"type":"Point","coordinates":[108.9429128,34.3540249]}},{"type":"Feature","properties":{"node_id":"7137205552","node_origin":"osm_node","degree":2,"is_intersection":false,"source":"OpenStreetMap"},"geometry":{"type":"Point","coordinates":[108.9427435,34.3500621]}},{"type":"Feature","properties":{"node_id":"7137205555","node_origin":"osm_node","degree":2,"is_intersection":false,"source":"OpenStreetMap"},"geometry":{"type":"Point","coordinates":[108.9251478,34.3650241]}},{"type":"Feature","properties":{"node_id":"7137205558","node_origin":"osm_node","degree":2,"is_intersection":false,"source":"OpenStreetMap"},"geometry":{"type":"Point","coordinates":[108.9207025,34.3533484]}},{"type":"Feature","properties":{"node_id":"7137205590","node_origin":"osm_node","degree":4,"is_intersection":true,"source":"OpenStreetMap"},"geometry":{"type":"Point","coordinates":[108.93912,34.3599954]}},{"type":"Feature","properties":{"node_id":"7137205592","node_origin":"osm_node","degree":4,"is_intersection":true,"source":"OpenStreetMap"},"geometry":{"type":"Point","coordinates":[108.9339952,34.3598187]}},{"type":"Feature","properties":{"node_id":"7137205593","node_origin":"osm_node","degree":4,"is_intersection":true,"source":"OpenStreetMap"},"geometry":{"type":"Point","coordinates":[108.9490988,34.3547395]}},{"type":"Feature","properties":{"node_id":"7137205603","node_origin":"osm_node","degree":4,"is_intersection":true,"source":"OpenStreetMap"},"geometry":{"type":"Point","coordinates":[108.9515613,34.3550531]}},{"type":"Feature","properties":{"node_id":"7137205641","node_origin":"osm_node","degree":2,"is_intersection":false,"source":"OpenStreetMap"},"geometry":{"type":"Point","coordinates":[108.9631408,34.3554094]}},{"type":"Feature","properties":{"node_id":"7137205669","node_origin":"osm_node","degree":2,"is_intersection":false,"source":"OpenStreetMap"},"geometry":{"type":"Point","coordinates":[108.9428718,34.3524202]}},{"type":"Feature","properties":{"node_id":"7137205708","node_origin":"osm_node","degree":4,"is_intersection":true,"source":"OpenStreetMap"},"geometry":{"type":"Point","coordinates":[108.9338379,34.3538765]}},{"type":"Feature","properties":{"node_id":"7137205712","node_origin":"osm_node","degree":2,"is_intersection":false,"source":"OpenStreetMap"},"geometry":{"type":"Point","coordinates":[108.9546783,34.3554424]}},{"type":"Feature","properties":{"node_id":"7137205726","node_origin":"osm_node","degree":2,"is_intersection":false,"source":"OpenStreetMap"},"geometry":{"type":"Point","coordinates":[108.9427525,34.3511709]}},{"type":"Feature","properties":{"node_id":"7137205740","node_origin":"osm_node","degree":4,"is_intersection":true,"source":"OpenStreetMap"},"geometry":{"type":"Point","coordinates":[108.933608,34.3537604]}},{"type":"Feature","properties":{"node_id":"7137205746","node_origin":"osm_node","degree":3,"is_intersection":true,"source":"OpenStreetMap"},"geometry":{"type":"Point","coordinates":[108.9312361,34.3597482]}},{"type":"Feature","properties":{"node_id":"7137205748","node_origin":"osm_node","degree":2,"is_intersection":false,"source":"OpenStreetMap"},"geometry":{"type":"Point","coordinates":[108.9437533,34.3540752]}},{"type":"Feature","properties":{"node_id":"7137205749","node_origin":"osm_node","degree":2,"is_intersection":false,"source":"OpenStreetMap"},"geometry":{"type":"Point","coordinates":[108.9394941,34.3539196]}},{"type":"Feature","properties":{"node_id":"7137205750","node_origin":"osm_node","degree":2,"is_intersection":false,"source":"OpenStreetMap"},"geometry":{"type":"Point","coordinates":[108.9217523,34.3533969]}},{"type":"Feature","properties":{"node_id":"7137205752","node_origin":"osm_node","degree":2,"is_intersection":false,"source":"OpenStreetMap"},"geometry":{"type":"Point","coordinates":[108.9481552,34.3545949]}},{"type":"Feature","properties":{"node_id":"7137205753","node_origin":"osm_node","degree":3,"is_intersection":true,"source":"OpenStreetMap"},"geometry":{"type":"Point","coordinates":[108.9145147,34.3530786]}},{"type":"Feature","properties":{"node_id":"7137205756","node_origin":"osm_node","degree":4,"is_intersection":true,"source":"OpenStreetMap"},"geometry":{"type":"Point","coordinates":[108.9147543,34.3530796]}},{"type":"Feature","properties":{"node_id":"7137205758","node_origin":"osm_node","degree":2,"is_intersection":false,"source":"OpenStreetMap"},"geometry":{"type":"Point","coordinates":[108.942453,34.3540173]}},{"type":"Feature","properties":{"node_id":"7137205773","node_origin":"osm_node","degree":2,"is_intersection":false,"source":"OpenStreetMap"},"geometry":{"type":"Point","coordinates":[108.9656153,34.3554069]}},{"type":"Feature","properties":{"node_id":"7137205774","node_origin":"osm_node","degree":2,"is_intersection":false,"source":"OpenStreetMap"},"geometry":{"type":"Point","coordinates":[108.9577227,34.3554144]}},{"type":"Feature","properties":{"node_id":"7137205775","node_origin":"osm_node","degree":3,"is_intersection":true,"source":"OpenStreetMap"},"geometry":{"type":"Point","coordinates":[108.9556276,34.3554161]}},{"type":"Feature","properties":{"node_id":"7137205785","node_origin":"osm_node","degree":2,"is_intersection":false,"source":"OpenStreetMap"},"geometry":{"type":"Point","coordinates":[108.9432385,34.3546072]}},{"type":"Feature","properties":{"node_id":"7137205789","node_origin":"osm_node","degree":4,"is_intersection":true,"source":"OpenStreetMap"},"geometry":{"type":"Point","coordinates":[108.9397223,34.3539883]}},{"type":"Feature","properties":{"node_id":"7137205818","node_origin":"osm_node","degree":4,"is_intersection":true,"source":"OpenStreetMap"},"geometry":{"type":"Point","coordinates":[108.9577149,34.3554144]}},{"type":"Feature","properties":{"node_id":"7137205825","node_origin":"osm_node","degree":4,"is_intersection":true,"source":"OpenStreetMap"},"geometry":{"type":"Point","coordinates":[108.9335876,34.3538644]}},{"type":"Feature","properties":{"node_id":"7137205827","node_origin":"osm_node","degree":4,"is_intersection":true,"source":"OpenStreetMap"},"geometry":{"type":"Point","coordinates":[108.9604338,34.3554121]}},{"type":"Feature","properties":{"node_id":"7137205832","node_origin":"osm_node","degree":2,"is_intersection":false,"source":"OpenStreetMap"},"geometry":{"type":"Point","coordinates":[108.9430105,34.353354]}},{"type":"Feature","properties":{"node_id":"7137205845","node_origin":"osm_node","degree":3,"is_intersection":true,"source":"OpenStreetMap"},"geometry":{"type":"Point","coordinates":[108.9373019,34.3539285]}},{"type":"Feature","properties":{"node_id":"7137205851","node_origin":"osm_node","degree":2,"is_intersection":false,"source":"OpenStreetMap"},"geometry":{"type":"Point","coordinates":[108.9459336,34.3543621]}},{"type":"Feature","properties":{"node_id":"7137205867","node_origin":"osm_node","degree":2,"is_intersection":false,"source":"OpenStreetMap"},"geometry":{"type":"Point","coordinates":[108.9317404,34.353795]}},{"type":"Feature","properties":{"node_id":"7137205883","node_origin":"osm_node","degree":2,"is_intersection":false,"source":"OpenStreetMap"},"geometry":{"type":"Point","coordinates":[108.93961,34.353981]}},{"type":"Feature","properties":{"node_id":"7137205884","node_origin":"osm_node","degree":4,"is_intersection":true,"source":"OpenStreetMap"},"geometry":{"type":"Point","coordinates":[108.9342218,34.3598359]}},{"type":"Feature","properties":{"node_id":"7137205886","node_origin":"osm_node","degree":2,"is_intersection":false,"source":"OpenStreetMap"},"geometry":{"type":"Point","coordinates":[108.9317432,34.3537014]}},{"type":"Feature","properties":{"node_id":"7137205887","node_origin":"osm_node","degree":2,"is_intersection":false,"source":"OpenStreetMap"},"geometry":{"type":"Point","coordinates":[108.9401132,34.3540118]}},{"type":"Feature","properties":{"node_id":"7137205888","node_origin":"osm_node","degree":2,"is_intersection":false,"source":"OpenStreetMap"},"geometry":{"type":"Point","coordinates":[108.9435041,34.3557167]}},{"type":"Feature","properties":{"node_id":"7137205909","node_origin":"osm_node","degree":2,"is_intersection":false,"source":"OpenStreetMap"},"geometry":{"type":"Point","coordinates":[108.9424776,34.3540731]}},{"type":"Feature","properties":{"node_id":"7137205912","node_origin":"osm_node","degree":4,"is_intersection":true,"source":"OpenStreetMap"},"geometry":{"type":"Point","coordinates":[108.9251392,34.3535363]}},{"type":"Feature","properties":{"node_id":"7137205918","node_origin":"osm_node","degree":4,"is_intersection":true,"source":"OpenStreetMap"},"geometry":{"type":"Point","coordinates":[108.9466803,34.3544054]}},{"type":"Feature","properties":{"node_id":"7137205941","node_origin":"osm_node","degree":2,"is_intersection":false,"source":"OpenStreetMap"},"geometry":{"type":"Point","coordinates":[108.9540362,34.3554355]}},{"type":"Feature","properties":{"node_id":"7137205953","node_origin":"osm_node","degree":4,"is_intersection":true,"source":"OpenStreetMap"},"geometry":{"type":"Point","coordinates":[108.9338354,34.3537765]}},{"type":"Feature","properties":{"node_id":"7137205954","node_origin":"osm_node","degree":4,"is_intersection":true,"source":"OpenStreetMap"},"geometry":{"type":"Point","coordinates":[108.9250176,34.3535324]}},{"type":"Feature","properties":{"node_id":"7137205960","node_origin":"osm_node","degree":2,"is_intersection":false,"source":"OpenStreetMap"},"geometry":{"type":"Point","coordinates":[108.9438193,34.3568183]}},{"type":"Feature","properties":{"node_id":"7137205997","node_origin":"osm_node","degree":2,"is_intersection":false,"source":"OpenStreetMap"},"geometry":{"type":"Point","coordinates":[108.960801,34.3554118]}},{"type":"Feature","properties":{"node_id":"7137206000","node_origin":"osm_node","degree":3,"is_intersection":true,"source":"OpenStreetMap"},"geometry":{"type":"Point","coordinates":[108.9490996,34.3547967]}},{"type":"Feature","properties":{"node_id":"7137206003","node_origin":"osm_node","degree":2,"is_intersection":false,"source":"OpenStreetMap"},"geometry":{"type":"Point","coordinates":[108.9557701,34.355416]}},{"type":"Feature","properties":{"node_id":"7137206007","node_origin":"osm_node","degree":2,"is_intersection":false,"source":"OpenStreetMap"},"geometry":{"type":"Point","coordinates":[108.9436816,34.3563686]}},{"type":"Feature","properties":{"node_id":"7137206012","node_origin":"osm_node","degree":5,"is_intersection":true,"source":"OpenStreetMap"},"geometry":{"type":"Point","coordinates":[108.9431444,34.3540279]}},{"type":"Feature","properties":{"node_id":"7137206036","node_origin":"osm_node","degree":2,"is_intersection":false,"source":"OpenStreetMap"},"geometry":{"type":"Point","coordinates":[108.9436322,34.3541533]}},{"type":"Feature","properties":{"node_id":"7137206046","node_origin":"osm_node","degree":2,"is_intersection":false,"source":"OpenStreetMap"},"geometry":{"type":"Point","coordinates":[108.9255536,34.3534508]}},{"type":"Feature","properties":{"node_id":"7172170102","node_origin":"osm_node","degree":2,"is_intersection":false,"source":"OpenStreetMap"},"geometry":{"type":"Point","coordinates":[108.9614104,34.318703]}},{"type":"Feature","properties":{"node_id":"7172170104","node_origin":"osm_node","degree":4,"is_intersection":true,"source":"OpenStreetMap"},"geometry":{"type":"Point","coordinates":[108.9606329,34.3383549]}},{"type":"Feature","properties":{"node_id":"7172170106","node_origin":"osm_node","degree":4,"is_intersection":true,"source":"OpenStreetMap"},"geometry":{"type":"Point","coordinates":[108.9426331,34.3280621]}},{"type":"Feature","properties":{"node_id":"7172170107","node_origin":"osm_node","degree":2,"is_intersection":false,"source":"OpenStreetMap"},"geometry":{"type":"Point","coordinates":[108.9497353,34.3426051]}},{"type":"Feature","properties":{"node_id":"7172170109","node_origin":"osm_node","degree":4,"is_intersection":true,"source":"OpenStreetMap"},"geometry":{"type":"Point","coordinates":[108.9556527,34.3425143]}},{"type":"Feature","properties":{"node_id":"7172170113","node_origin":"osm_node","degree":4,"is_intersection":true,"source":"OpenStreetMap"},"geometry":{"type":"Point","coordinates":[108.966733,34.3186963]}},{"type":"Feature","properties":{"node_id":"7172170122","node_origin":"osm_node","degree":4,"is_intersection":true,"source":"OpenStreetMap"},"geometry":{"type":"Point","coordinates":[108.9508426,34.3280391]}},{"type":"Feature","properties":{"node_id":"7172170124","node_origin":"osm_node","degree":4,"is_intersection":true,"source":"OpenStreetMap"},"geometry":{"type":"Point","coordinates":[108.9606758,34.3313063]}},{"type":"Feature","properties":{"node_id":"7172170125","node_origin":"osm_node","degree":4,"is_intersection":true,"source":"OpenStreetMap"},"geometry":{"type":"Point","coordinates":[108.9250328,34.3194621]}},{"type":"Feature","properties":{"node_id":"7172170126","node_origin":"osm_node","degree":4,"is_intersection":true,"source":"OpenStreetMap"},"geometry":{"type":"Point","coordinates":[108.9607008,34.3425959]}},{"type":"Feature","properties":{"node_id":"7172170130","node_origin":"osm_node","degree":2,"is_intersection":false,"source":"OpenStreetMap"},"geometry":{"type":"Point","coordinates":[108.9494347,34.3384557]}},{"type":"Feature","properties":{"node_id":"7172170131","node_origin":"osm_node","degree":3,"is_intersection":true,"source":"OpenStreetMap"},"geometry":{"type":"Point","coordinates":[108.9490517,34.348952]}},{"type":"Feature","properties":{"node_id":"7172170140","node_origin":"osm_node","degree":4,"is_intersection":true,"source":"OpenStreetMap"},"geometry":{"type":"Point","coordinates":[108.9610017,34.3254268]}},{"type":"Feature","properties":{"node_id":"7172170146","node_origin":"osm_node","degree":4,"is_intersection":true,"source":"OpenStreetMap"},"geometry":{"type":"Point","coordinates":[108.9556663,34.338459]}},{"type":"Feature","properties":{"node_id":"7172170147","node_origin":"osm_node","degree":4,"is_intersection":true,"source":"OpenStreetMap"},"geometry":{"type":"Point","coordinates":[108.9606758,34.3314418]}},{"type":"Feature","properties":{"node_id":"7172170148","node_origin":"osm_node","degree":3,"is_intersection":true,"source":"OpenStreetMap"},"geometry":{"type":"Point","coordinates":[108.9558105,34.3384562]}},{"type":"Feature","properties":{"node_id":"7172170154","node_origin":"osm_node","degree":4,"is_intersection":true,"source":"OpenStreetMap"},"geometry":{"type":"Point","coordinates":[108.9606399,34.3337461]}},{"type":"Feature","properties":{"node_id":"7172170156","node_origin":"osm_node","degree":2,"is_intersection":false,"source":"OpenStreetMap"},"geometry":{"type":"Point","coordinates":[108.9607524,34.3262885]}},{"type":"Feature","properties":{"node_id":"7172170157","node_origin":"osm_node","degree":2,"is_intersection":false,"source":"OpenStreetMap"},"geometry":{"type":"Point","coordinates":[108.9517763,34.328042]}},{"type":"Feature","properties":{"node_id":"7172170159","node_origin":"osm_node","degree":4,"is_intersection":true,"source":"OpenStreetMap"},"geometry":{"type":"Point","coordinates":[108.9606706,34.3425052]}},{"type":"Feature","properties":{"node_id":"7172170167","node_origin":"osm_node","degree":2,"is_intersection":false,"source":"OpenStreetMap"},"geometry":{"type":"Point","coordinates":[108.9610127,34.3253559]}},{"type":"Feature","properties":{"node_id":"7172170168","node_origin":"osm_node","degree":4,"is_intersection":true,"source":"OpenStreetMap"},"geometry":{"type":"Point","coordinates":[108.955536,34.3280606]}},{"type":"Feature","properties":{"node_id":"7172170173","node_origin":"osm_node","degree":4,"is_intersection":true,"source":"OpenStreetMap"},"geometry":{"type":"Point","coordinates":[108.9251761,34.3194604]}},{"type":"Feature","properties":{"node_id":"7172170174","node_origin":"osm_node","degree":4,"is_intersection":true,"source":"OpenStreetMap"},"geometry":{"type":"Point","coordinates":[108.9572082,34.3425908]}},{"type":"Feature","properties":{"node_id":"7172170177","node_origin":"osm_node","degree":4,"is_intersection":true,"source":"OpenStreetMap"},"geometry":{"type":"Point","coordinates":[108.9555231,34.3473306]}},{"type":"Feature","properties":{"node_id":"7172170181","node_origin":"osm_node","degree":4,"is_intersection":true,"source":"OpenStreetMap"},"geometry":{"type":"Point","coordinates":[108.955676,34.3280589]}},{"type":"Feature","properties":{"node_id":"7172182589","node_origin":"osm_node","degree":4,"is_intersection":true,"source":"OpenStreetMap"},"geometry":{"type":"Point","coordinates":[108.9637058,34.318732]}},{"type":"Feature","properties":{"node_id":"7172182592","node_origin":"osm_node","degree":3,"is_intersection":true,"source":"OpenStreetMap"},"geometry":{"type":"Point","coordinates":[108.93768,34.328195]}},{"type":"Feature","properties":{"node_id":"7172182598","node_origin":"osm_node","degree":4,"is_intersection":true,"source":"OpenStreetMap"},"geometry":{"type":"Point","coordinates":[108.9491553,34.3426098]}},{"type":"Feature","properties":{"node_id":"7172182601","node_origin":"osm_node","degree":2,"is_intersection":false,"source":"OpenStreetMap"},"geometry":{"type":"Point","coordinates":[108.9615438,34.3187837]}},{"type":"Feature","properties":{"node_id":"7172182605","node_origin":"osm_node","degree":3,"is_intersection":true,"source":"OpenStreetMap"},"geometry":{"type":"Point","coordinates":[108.9445482,34.3280331]}},{"type":"Feature","properties":{"node_id":"7172182607","node_origin":"osm_node","degree":2,"is_intersection":false,"source":"OpenStreetMap"},"geometry":{"type":"Point","coordinates":[108.9610275,34.3236616]}},{"type":"Feature","properties":{"node_id":"7172182608","node_origin":"osm_node","degree":2,"is_intersection":false,"source":"OpenStreetMap"},"geometry":{"type":"Point","coordinates":[108.961094,34.3183975]}},{"type":"Feature","properties":{"node_id":"7172182610","node_origin":"osm_node","degree":4,"is_intersection":true,"source":"OpenStreetMap"},"geometry":{"type":"Point","coordinates":[108.9490636,34.3426104]}},{"type":"Feature","properties":{"node_id":"7172182611","node_origin":"osm_node","degree":4,"is_intersection":true,"source":"OpenStreetMap"},"geometry":{"type":"Point","coordinates":[108.9554681,34.3489579]}},{"type":"Feature","properties":{"node_id":"7172182614","node_origin":"osm_node","degree":3,"is_intersection":true,"source":"OpenStreetMap"},"geometry":{"type":"Point","coordinates":[108.9178025,34.3194464]}},{"type":"Feature","properties":{"node_id":"7172182620","node_origin":"osm_node","degree":3,"is_intersection":true,"source":"OpenStreetMap"},"geometry":{"type":"Point","coordinates":[108.9523403,34.3280503]}},{"type":"Feature","properties":{"node_id":"7172182621","node_origin":"osm_node","degree":4,"is_intersection":true,"source":"OpenStreetMap"},"geometry":{"type":"Point","coordinates":[108.9369496,34.3194441]}},{"type":"Feature","properties":{"node_id":"7172182622","node_origin":"osm_node","degree":4,"is_intersection":true,"source":"OpenStreetMap"},"geometry":{"type":"Point","coordinates":[108.9606369,34.3451871]}},{"type":"Feature","properties":{"node_id":"7172182624","node_origin":"osm_node","degree":4,"is_intersection":true,"source":"OpenStreetMap"},"geometry":{"type":"Point","coordinates":[108.9556831,34.3402657]}},{"type":"Feature","properties":{"node_id":"7172182631","node_origin":"osm_node","degree":2,"is_intersection":false,"source":"OpenStreetMap"},"geometry":{"type":"Point","coordinates":[108.9534387,34.3384394]}},{"type":"Feature","properties":{"node_id":"7172182634","node_origin":"osm_node","degree":4,"is_intersection":true,"source":"OpenStreetMap"},"geometry":{"type":"Point","coordinates":[108.9523998,34.3384576]}},{"type":"Feature","properties":{"node_id":"7172182636","node_origin":"osm_node","degree":2,"is_intersection":false,"source":"OpenStreetMap"},"geometry":{"type":"Point","coordinates":[108.9453385,34.3389867]}},{"type":"Feature","properties":{"node_id":"7172182642","node_origin":"osm_node","degree":4,"is_intersection":true,"source":"OpenStreetMap"},"geometry":{"type":"Point","coordinates":[108.9409665,34.3281083]}},{"type":"Feature","properties":{"node_id":"7172182654","node_origin":"osm_node","degree":4,"is_intersection":true,"source":"OpenStreetMap"},"geometry":{"type":"Point","coordinates":[108.9606369,34.3279696]}},{"type":"Feature","properties":{"node_id":"7172182663","node_origin":"osm_node","degree":4,"is_intersection":true,"source":"OpenStreetMap"},"geometry":{"type":"Point","coordinates":[108.9332055,34.3283385]}},{"type":"Feature","properties":{"node_id":"7172182671","node_origin":"osm_node","degree":2,"is_intersection":false,"source":"OpenStreetMap"},"geometry":{"type":"Point","coordinates":[108.9656905,34.3187937]}},{"type":"Feature","properties":{"node_id":"7172182683","node_origin":"osm_node","degree":3,"is_intersection":true,"source":"OpenStreetMap"},"geometry":{"type":"Point","coordinates":[108.9583304,34.3280243]}},{"type":"Feature","properties":{"node_id":"7172182684","node_origin":"osm_node","degree":4,"is_intersection":true,"source":"OpenStreetMap"},"geometry":{"type":"Point","coordinates":[108.9607536,34.3280428]}},{"type":"Feature","properties":{"node_id":"7172182685","node_origin":"osm_node","degree":2,"is_intersection":false,"source":"OpenStreetMap"},"geometry":{"type":"Point","coordinates":[108.9554205,34.3280614]}},{"type":"Feature","properties":{"node_id":"7172182690","node_origin":"osm_node","degree":4,"is_intersection":true,"source":"OpenStreetMap"},"geometry":{"type":"Point","coordinates":[108.9611889,34.3187007]}},{"type":"Feature","properties":{"node_id":"7172182694","node_origin":"osm_node","degree":4,"is_intersection":true,"source":"OpenStreetMap"},"geometry":{"type":"Point","coordinates":[108.9610811,34.3185991]}},{"type":"Feature","properties":{"node_id":"7172182696","node_origin":"osm_node","degree":3,"is_intersection":true,"source":"OpenStreetMap"},"geometry":{"type":"Point","coordinates":[108.9606383,34.3461482]}},{"type":"Feature","properties":{"node_id":"7172182705","node_origin":"osm_node","degree":4,"is_intersection":true,"source":"OpenStreetMap"},"geometry":{"type":"Point","coordinates":[108.9610903,34.3186992]}},{"type":"Feature","properties":{"node_id":"7172182707","node_origin":"osm_node","degree":4,"is_intersection":true,"source":"OpenStreetMap"},"geometry":{"type":"Point","coordinates":[108.9582748,34.3190943]}},{"type":"Feature","properties":{"node_id":"7172182716","node_origin":"osm_node","degree":2,"is_intersection":false,"source":"OpenStreetMap"},"geometry":{"type":"Point","coordinates":[108.9606492,34.3266392]}},{"type":"Feature","properties":{"node_id":"7172182718","node_origin":"osm_node","degree":4,"is_intersection":true,"source":"OpenStreetMap"},"geometry":{"type":"Point","coordinates":[108.9610245,34.323556]}},{"type":"Feature","properties":{"node_id":"7172182720","node_origin":"osm_node","degree":4,"is_intersection":true,"source":"OpenStreetMap"},"geometry":{"type":"Point","coordinates":[108.9426467,34.3194763]}},{"type":"Feature","properties":{"node_id":"7172182721","node_origin":"osm_node","degree":4,"is_intersection":true,"source":"OpenStreetMap"},"geometry":{"type":"Point","coordinates":[108.9457792,34.3425942]}},{"type":"Feature","properties":{"node_id":"7172182722","node_origin":"osm_node","degree":4,"is_intersection":true,"source":"OpenStreetMap"},"geometry":{"type":"Point","coordinates":[108.9424796,34.3280625]}},{"type":"Feature","properties":{"node_id":"7172182723","node_origin":"osm_node","degree":2,"is_intersection":false,"source":"OpenStreetMap"},"geometry":{"type":"Point","coordinates":[108.9538779,34.3194563]}},{"type":"Feature","properties":{"node_id":"7172182724","node_origin":"osm_node","degree":4,"is_intersection":true,"source":"OpenStreetMap"},"geometry":{"type":"Point","coordinates":[108.9456383,34.3280306]}},{"type":"Feature","properties":{"node_id":"7172182725","node_origin":"osm_node","degree":4,"is_intersection":true,"source":"OpenStreetMap"},"geometry":{"type":"Point","coordinates":[108.9426543,34.3390311]}},{"type":"Feature","properties":{"node_id":"7172182726","node_origin":"osm_node","degree":3,"is_intersection":true,"source":"OpenStreetMap"},"geometry":{"type":"Point","coordinates":[108.960656,34.3414561]}},{"type":"Feature","properties":{"node_id":"7172182727","node_origin":"osm_node","degree":4,"is_intersection":true,"source":"OpenStreetMap"},"geometry":{"type":"Point","coordinates":[108.963706,34.3186725]}},{"type":"Feature","properties":{"node_id":"7172182729","node_origin":"osm_node","degree":4,"is_intersection":true,"source":"OpenStreetMap"},"geometry":{"type":"Point","coordinates":[108.9490702,34.3280489]}},{"type":"Feature","properties":{"node_id":"7172182734","node_origin":"osm_node","degree":3,"is_intersection":true,"source":"OpenStreetMap"},"geometry":{"type":"Point","coordinates":[108.9555406,34.3503852]}},{"type":"Feature","properties":{"node_id":"7172182735","node_origin":"osm_node","degree":2,"is_intersection":false,"source":"OpenStreetMap"},"geometry":{"type":"Point","coordinates":[108.9610945,34.3188776]}},{"type":"Feature","properties":{"node_id":"7172182736","node_origin":"osm_node","degree":2,"is_intersection":false,"source":"OpenStreetMap"},"geometry":{"type":"Point","coordinates":[108.9610678,34.3217476]}},{"type":"Feature","properties":{"node_id":"7172182738","node_origin":"osm_node","degree":4,"is_intersection":true,"source":"OpenStreetMap"},"geometry":{"type":"Point","coordinates":[108.9490596,34.3384885]}},{"type":"Feature","properties":{"node_id":"7172182743","node_origin":"osm_node","degree":4,"is_intersection":true,"source":"OpenStreetMap"},"geometry":{"type":"Point","coordinates":[108.9555041,34.3194676]}},{"type":"Feature","properties":{"node_id":"7172182749","node_origin":"osm_node","degree":4,"is_intersection":true,"source":"OpenStreetMap"},"geometry":{"type":"Point","coordinates":[108.9524233,34.3425941]}},{"type":"Feature","properties":{"node_id":"7172182750","node_origin":"osm_node","degree":2,"is_intersection":false,"source":"OpenStreetMap"},"geometry":{"type":"Point","coordinates":[108.9590791,34.3188833]}},{"type":"Feature","properties":{"node_id":"7172182751","node_origin":"osm_node","degree":4,"is_intersection":true,"source":"OpenStreetMap"},"geometry":{"type":"Point","coordinates":[108.9606449,34.3489398]}},{"type":"Feature","properties":{"node_id":"7172182752","node_origin":"osm_node","degree":2,"is_intersection":false,"source":"OpenStreetMap"},"geometry":{"type":"Point","coordinates":[108.960678,34.3315278]}},{"type":"Feature","properties":{"node_id":"7172182756","node_origin":"osm_node","degree":2,"is_intersection":false,"source":"OpenStreetMap"},"geometry":{"type":"Point","coordinates":[108.9610265,34.3228769]}},{"type":"Feature","properties":{"node_id":"7172182759","node_origin":"osm_node","degree":2,"is_intersection":false,"source":"OpenStreetMap"},"geometry":{"type":"Point","coordinates":[108.9451908,34.3426091]}},{"type":"Feature","properties":{"node_id":"7172182766","node_origin":"osm_node","degree":4,"is_intersection":true,"source":"OpenStreetMap"},"geometry":{"type":"Point","coordinates":[108.9332148,34.3194556]}},{"type":"Feature","properties":{"node_id":"7172182767","node_origin":"osm_node","degree":4,"is_intersection":true,"source":"OpenStreetMap"},"geometry":{"type":"Point","coordinates":[108.9669078,34.3187041]}},{"type":"Feature","properties":{"node_id":"7172182768","node_origin":"osm_node","degree":2,"is_intersection":false,"source":"OpenStreetMap"},"geometry":{"type":"Point","coordinates":[108.9464521,34.3194458]}},{"type":"Feature","properties":{"node_id":"7172182771","node_origin":"osm_node","degree":2,"is_intersection":false,"source":"OpenStreetMap"},"geometry":{"type":"Point","coordinates":[108.9630512,34.3187349]}},{"type":"Feature","properties":{"node_id":"7172182780","node_origin":"osm_node","degree":4,"is_intersection":true,"source":"OpenStreetMap"},"geometry":{"type":"Point","coordinates":[108.9607774,34.3425804]}},{"type":"Feature","properties":{"node_id":"7172182782","node_origin":"osm_node","degree":3,"is_intersection":true,"source":"OpenStreetMap"},"geometry":{"type":"Point","coordinates":[108.9606522,34.350288]}},{"type":"Feature","properties":{"node_id":"7172182787","node_origin":"osm_node","degree":2,"is_intersection":false,"source":"OpenStreetMap"},"geometry":{"type":"Point","coordinates":[108.946183,34.3388919]}},{"type":"Feature","properties":{"node_id":"7172182797","node_origin":"osm_node","degree":4,"is_intersection":true,"source":"OpenStreetMap"},"geometry":{"type":"Point","coordinates":[108.9424835,34.3194753]}},{"type":"Feature","properties":{"node_id":"7172182800","node_origin":"osm_node","degree":2,"is_intersection":false,"source":"OpenStreetMap"},"geometry":{"type":"Point","coordinates":[108.9609546,34.3256297]}},{"type":"Feature","properties":{"node_id":"7172182801","node_origin":"osm_node","degree":4,"is_intersection":true,"source":"OpenStreetMap"},"geometry":{"type":"Point","coordinates":[108.9610785,34.3214992]}},{"type":"Feature","properties":{"node_id":"7172182802","node_origin":"osm_node","degree":3,"is_intersection":true,"source":"OpenStreetMap"},"geometry":{"type":"Point","coordinates":[108.9610796,34.3207582]}},{"type":"Feature","properties":{"node_id":"7172182804","node_origin":"osm_node","degree":2,"is_intersection":false,"source":"OpenStreetMap"},"geometry":{"type":"Point","coordinates":[108.9606742,34.3311896]}},{"type":"Feature","properties":{"node_id":"7172182805","node_origin":"osm_node","degree":2,"is_intersection":false,"source":"OpenStreetMap"},"geometry":{"type":"Point","coordinates":[108.9193121,34.3194533]}},{"type":"Feature","properties":{"node_id":"7172182806","node_origin":"osm_node","degree":4,"is_intersection":true,"source":"OpenStreetMap"},"geometry":{"type":"Point","coordinates":[108.9490476,34.3452196]}},{"type":"Feature","properties":{"node_id":"7172182810","node_origin":"osm_node","degree":3,"is_intersection":true,"source":"OpenStreetMap"},"geometry":{"type":"Point","coordinates":[108.9490579,34.3473254]}},{"type":"Feature","properties":{"node_id":"7172182811","node_origin":"osm_node","degree":2,"is_intersection":false,"source":"OpenStreetMap"},"geometry":{"type":"Point","coordinates":[108.9610182,34.3251714]}},{"type":"Feature","properties":{"node_id":"7172182812","node_origin":"osm_node","degree":2,"is_intersection":false,"source":"OpenStreetMap"},"geometry":{"type":"Point","coordinates":[108.955891,34.3280595]}},{"type":"Feature","properties":{"node_id":"7172182819","node_origin":"osm_node","degree":4,"is_intersection":true,"source":"OpenStreetMap"},"geometry":{"type":"Point","coordinates":[108.9555814,34.3452332]}},{"type":"Feature","properties":{"node_id":"7172182820","node_origin":"osm_node","degree":2,"is_intersection":false,"source":"OpenStreetMap"},"geometry":{"type":"Point","coordinates":[108.9606091,34.3270601]}},{"type":"Feature","properties":{"node_id":"7172182821","node_origin":"osm_node","degree":4,"is_intersection":true,"source":"OpenStreetMap"},"geometry":{"type":"Point","coordinates":[108.9610862,34.3187864]}},{"type":"Feature","properties":{"node_id":"7172182822","node_origin":"osm_node","degree":2,"is_intersection":false,"source":"OpenStreetMap"},"geometry":{"type":"Point","coordinates":[108.9568204,34.3194182]}},{"type":"Feature","properties":{"node_id":"7172182827","node_origin":"osm_node","degree":2,"is_intersection":false,"source":"OpenStreetMap"},"geometry":{"type":"Point","coordinates":[108.961004,34.325412]}},{"type":"Feature","properties":{"node_id":"7172182828","node_origin":"osm_node","degree":4,"is_intersection":true,"source":"OpenStreetMap"},"geometry":{"type":"Point","coordinates":[108.9556194,34.3425978]}},{"type":"Feature","properties":{"node_id":"7172182836","node_origin":"osm_node","degree":4,"is_intersection":true,"source":"OpenStreetMap"},"geometry":{"type":"Point","coordinates":[108.960638,34.3280407]}},{"type":"Feature","properties":{"node_id":"7172182837","node_origin":"osm_node","degree":2,"is_intersection":false,"source":"OpenStreetMap"},"geometry":{"type":"Point","coordinates":[108.9584457,34.3190507]}},{"type":"Feature","properties":{"node_id":"7172182839","node_origin":"osm_node","degree":4,"is_intersection":true,"source":"OpenStreetMap"},"geometry":{"type":"Point","coordinates":[108.9490753,34.3194623]}},{"type":"Feature","properties":{"node_id":"7172182842","node_origin":"osm_node","degree":2,"is_intersection":false,"source":"OpenStreetMap"},"geometry":{"type":"Point","coordinates":[108.9609863,34.3255264]}},{"type":"Feature","properties":{"node_id":"7172182848","node_origin":"osm_node","degree":4,"is_intersection":true,"source":"OpenStreetMap"},"geometry":{"type":"Point","coordinates":[108.932964,34.3194639]}},{"type":"Feature","properties":{"node_id":"7172182852","node_origin":"osm_node","degree":2,"is_intersection":false,"source":"OpenStreetMap"},"geometry":{"type":"Point","coordinates":[108.9599335,34.3187392]}},{"type":"Feature","properties":{"node_id":"7172182857","node_origin":"osm_node","degree":4,"is_intersection":true,"source":"OpenStreetMap"},"geometry":{"type":"Point","coordinates":[108.9557495,34.3425938]}},{"type":"Feature","properties":{"node_id":"7211682016","node_origin":"osm_node","degree":2,"is_intersection":false,"source":"OpenStreetMap"},"geometry":{"type":"Point","coordinates":[108.9401845,34.3628443]}},{"type":"Feature","properties":{"node_id":"7235858591","node_origin":"osm_node","degree":3,"is_intersection":true,"source":"OpenStreetMap"},"geometry":{"type":"Point","coordinates":[108.9587152,34.3337546]}},{"type":"Feature","properties":{"node_id":"7235858592","node_origin":"osm_node","degree":1,"is_intersection":false,"source":"OpenStreetMap"},"geometry":{"type":"Point","coordinates":[108.9587402,34.3358177]}},{"type":"Feature","properties":{"node_id":"7235858593","node_origin":"osm_node","degree":2,"is_intersection":false,"source":"OpenStreetMap"},"geometry":{"type":"Point","coordinates":[108.9601406,34.3425065]}},{"type":"Feature","properties":{"node_id":"7235858594","node_origin":"osm_node","degree":2,"is_intersection":false,"source":"OpenStreetMap"},"geometry":{"type":"Point","coordinates":[108.9541032,34.3425927]}},{"type":"Feature","properties":{"node_id":"7235858603","node_origin":"osm_node","degree":2,"is_intersection":false,"source":"OpenStreetMap"},"geometry":{"type":"Point","coordinates":[108.9555903,34.3443679]}},{"type":"Feature","properties":{"node_id":"7235858624","node_origin":"osm_node","degree":2,"is_intersection":false,"source":"OpenStreetMap"},"geometry":{"type":"Point","coordinates":[108.9538951,34.3425913]}},{"type":"Feature","properties":{"node_id":"7235858627","node_origin":"osm_node","degree":2,"is_intersection":false,"source":"OpenStreetMap"},"geometry":{"type":"Point","coordinates":[108.9426845,34.354083]}},{"type":"Feature","properties":{"node_id":"7235858630","node_origin":"osm_node","degree":4,"is_intersection":true,"source":"OpenStreetMap"},"geometry":{"type":"Point","coordinates":[108.937301,34.3538606]}},{"type":"Feature","properties":{"node_id":"7235858631","node_origin":"osm_node","degree":2,"is_intersection":false,"source":"OpenStreetMap"},"geometry":{"type":"Point","coordinates":[108.9307191,34.3537652]}},{"type":"Feature","properties":{"node_id":"7235858633","node_origin":"osm_node","degree":2,"is_intersection":false,"source":"OpenStreetMap"},"geometry":{"type":"Point","coordinates":[108.9293377,34.3537249]}},{"type":"Feature","properties":{"node_id":"7235858640","node_origin":"osm_node","degree":4,"is_intersection":true,"source":"OpenStreetMap"},"geometry":{"type":"Point","coordinates":[108.9466791,34.3544462]}},{"type":"Feature","properties":{"node_id":"7235858643","node_origin":"osm_node","degree":3,"is_intersection":true,"source":"OpenStreetMap"},"geometry":{"type":"Point","coordinates":[108.9466447,34.3569334]}},{"type":"Feature","properties":{"node_id":"7235858644","node_origin":"osm_node","degree":3,"is_intersection":true,"source":"OpenStreetMap"},"geometry":{"type":"Point","coordinates":[108.9438509,34.3569262]}},{"type":"Feature","properties":{"node_id":"7235858645","node_origin":"osm_node","degree":2,"is_intersection":false,"source":"OpenStreetMap"},"geometry":{"type":"Point","coordinates":[108.9249974,34.3665459]}},{"type":"Feature","properties":{"node_id":"7235858669","node_origin":"osm_node","degree":3,"is_intersection":true,"source":"OpenStreetMap"},"geometry":{"type":"Point","coordinates":[108.9299549,34.3194471]}},{"type":"Feature","properties":{"node_id":"7235858670","node_origin":"osm_node","degree":2,"is_intersection":false,"source":"OpenStreetMap"},"geometry":{"type":"Point","coordinates":[108.9299593,34.3211835]}},{"type":"Feature","properties":{"node_id":"7235858671","node_origin":"osm_node","degree":2,"is_intersection":false,"source":"OpenStreetMap"},"geometry":{"type":"Point","coordinates":[108.9287315,34.3211856]}},{"type":"Feature","properties":{"node_id":"7235858672","node_origin":"osm_node","degree":3,"is_intersection":true,"source":"OpenStreetMap"},"geometry":{"type":"Point","coordinates":[108.9287272,34.319442]}},{"type":"Feature","properties":{"node_id":"7241070128","node_origin":"osm_node","degree":3,"is_intersection":true,"source":"OpenStreetMap"},"geometry":{"type":"Point","coordinates":[108.9454195,34.3314151]}},{"type":"Feature","properties":{"node_id":"7241070129","node_origin":"osm_node","degree":2,"is_intersection":false,"source":"OpenStreetMap"},"geometry":{"type":"Point","coordinates":[108.945327,34.3318186]}},{"type":"Feature","properties":{"node_id":"7241070130","node_origin":"osm_node","degree":1,"is_intersection":false,"source":"OpenStreetMap"},"geometry":{"type":"Point","coordinates":[108.9441292,34.3329124]}},{"type":"Feature","properties":{"node_id":"7241070131","node_origin":"osm_node","degree":2,"is_intersection":false,"source":"OpenStreetMap"},"geometry":{"type":"Point","coordinates":[108.9513018,34.3504386]}},{"type":"Feature","properties":{"node_id":"7241070132","node_origin":"osm_node","degree":2,"is_intersection":false,"source":"OpenStreetMap"},"geometry":{"type":"Point","coordinates":[108.9511835,34.3503536]}},{"type":"Feature","properties":{"node_id":"7241070133","node_origin":"osm_node","degree":3,"is_intersection":true,"source":"OpenStreetMap"},"geometry":{"type":"Point","coordinates":[108.9511982,34.3489438]}},{"type":"Feature","properties":{"node_id":"7241070134","node_origin":"osm_node","degree":3,"is_intersection":true,"source":"OpenStreetMap"},"geometry":{"type":"Point","coordinates":[108.9637537,34.3461123]}},{"type":"Feature","properties":{"node_id":"7241070135","node_origin":"osm_node","degree":3,"is_intersection":true,"source":"OpenStreetMap"},"geometry":{"type":"Point","coordinates":[108.9637522,34.3452364]}},{"type":"Feature","properties":{"node_id":"7241070136","node_origin":"osm_node","degree":2,"is_intersection":false,"source":"OpenStreetMap"},"geometry":{"type":"Point","coordinates":[108.9607503,34.3454263]}},{"type":"Feature","properties":{"node_id":"7241070138","node_origin":"osm_node","degree":2,"is_intersection":false,"source":"OpenStreetMap"},"geometry":{"type":"Point","coordinates":[108.9549058,34.3631966]}},{"type":"Feature","properties":{"node_id":"7241070139","node_origin":"osm_node","degree":2,"is_intersection":false,"source":"OpenStreetMap"},"geometry":{"type":"Point","coordinates":[108.9552789,34.3632946]}},{"type":"Feature","properties":{"node_id":"7241070140","node_origin":"osm_node","degree":1,"is_intersection":false,"source":"OpenStreetMap"},"geometry":{"type":"Point","coordinates":[108.9576137,34.3633133]}},{"type":"Feature","properties":{"node_id":"7241070141","node_origin":"osm_node","degree":3,"is_intersection":true,"source":"OpenStreetMap"},"geometry":{"type":"Point","coordinates":[108.9427222,34.3504023]}},{"type":"Feature","properties":{"node_id":"7241070142","node_origin":"osm_node","degree":2,"is_intersection":false,"source":"OpenStreetMap"},"geometry":{"type":"Point","coordinates":[108.9424544,34.3498378]}},{"type":"Feature","properties":{"node_id":"7276768602","node_origin":"osm_node","degree":1,"is_intersection":false,"source":"OpenStreetMap"},"geometry":{"type":"Point","coordinates":[108.9451036,34.3601787]}},{"type":"Feature","properties":{"node_id":"7276768603","node_origin":"osm_node","degree":1,"is_intersection":false,"source":"OpenStreetMap"},"geometry":{"type":"Point","coordinates":[108.9449924,34.360244]}},{"type":"Feature","properties":{"node_id":"7276768604","node_origin":"osm_node","degree":1,"is_intersection":false,"source":"OpenStreetMap"},"geometry":{"type":"Point","coordinates":[108.9448239,34.3602096]}},{"type":"Feature","properties":{"node_id":"7276768605","node_origin":"osm_node","degree":2,"is_intersection":false,"source":"OpenStreetMap"},"geometry":{"type":"Point","coordinates":[108.942968,34.3543571]}},{"type":"Feature","properties":{"node_id":"7276768606","node_origin":"osm_node","degree":2,"is_intersection":false,"source":"OpenStreetMap"},"geometry":{"type":"Point","coordinates":[108.9431809,34.3543411]}},{"type":"Feature","properties":{"node_id":"7374639391","node_origin":"osm_node","degree":2,"is_intersection":false,"source":"OpenStreetMap"},"geometry":{"type":"Point","coordinates":[108.9250415,34.3226221]}},{"type":"Feature","properties":{"node_id":"7412298826","node_origin":"osm_node","degree":3,"is_intersection":true,"source":"OpenStreetMap"},"geometry":{"type":"Point","coordinates":[108.9490718,34.3569384]}},{"type":"Feature","properties":{"node_id":"8026576208","node_origin":"osm_node","degree":3,"is_intersection":true,"source":"OpenStreetMap"},"geometry":{"type":"Point","coordinates":[108.9666384,34.3186973]}},{"type":"Feature","properties":{"node_id":"8026576210","node_origin":"osm_node","degree":2,"is_intersection":false,"source":"OpenStreetMap"},"geometry":{"type":"Point","coordinates":[108.9669135,34.3187867]}},{"type":"Feature","properties":{"node_id":"8087656078","node_origin":"osm_node","degree":2,"is_intersection":false,"source":"OpenStreetMap"},"geometry":{"type":"Point","coordinates":[108.9622733,34.3279494]}},{"type":"Feature","properties":{"node_id":"8087656090","node_origin":"osm_node","degree":2,"is_intersection":false,"source":"OpenStreetMap"},"geometry":{"type":"Point","coordinates":[108.9621512,34.3280201]}},{"type":"Feature","properties":{"node_id":"8087656091","node_origin":"osm_node","degree":2,"is_intersection":false,"source":"OpenStreetMap"},"geometry":{"type":"Point","coordinates":[108.9634969,34.3280428]}},{"type":"Feature","properties":{"node_id":"8087656092","node_origin":"osm_node","degree":4,"is_intersection":true,"source":"OpenStreetMap"},"geometry":{"type":"Point","coordinates":[108.9667508,34.328038]}},{"type":"Feature","properties":{"node_id":"8087656094","node_origin":"osm_node","degree":4,"is_intersection":true,"source":"OpenStreetMap"},"geometry":{"type":"Point","coordinates":[108.9669149,34.3280601]}},{"type":"Feature","properties":{"node_id":"8087656095","node_origin":"osm_node","degree":2,"is_intersection":false,"source":"OpenStreetMap"},"geometry":{"type":"Point","coordinates":[108.9670855,34.3280643]}},{"type":"Feature","properties":{"node_id":"8087656103","node_origin":"osm_node","degree":2,"is_intersection":false,"source":"OpenStreetMap"},"geometry":{"type":"Point","coordinates":[108.9512469,34.3473334]}},{"type":"Feature","properties":{"node_id":"8087656111","node_origin":"osm_node","degree":1,"is_intersection":false,"source":"OpenStreetMap"},"geometry":{"type":"Point","coordinates":[108.9690499,34.3609358]}},{"type":"Feature","properties":{"node_id":"8087656112","node_origin":"osm_node","degree":3,"is_intersection":true,"source":"OpenStreetMap"},"geometry":{"type":"Point","coordinates":[108.9631258,34.3602491]}},{"type":"Feature","properties":{"node_id":"8087656114","node_origin":"osm_node","degree":2,"is_intersection":false,"source":"OpenStreetMap"},"geometry":{"type":"Point","coordinates":[108.9671426,34.3602502]}},{"type":"Feature","properties":{"node_id":"8087656115","node_origin":"osm_node","degree":2,"is_intersection":false,"source":"OpenStreetMap"},"geometry":{"type":"Point","coordinates":[108.967223,34.3604118]}},{"type":"Feature","properties":{"node_id":"8177668684","node_origin":"osm_node","degree":2,"is_intersection":false,"source":"OpenStreetMap"},"geometry":{"type":"Point","coordinates":[108.9250214,34.3653962]}},{"type":"Feature","properties":{"node_id":"8177668685","node_origin":"osm_node","degree":2,"is_intersection":false,"source":"OpenStreetMap"},"geometry":{"type":"Point","coordinates":[108.9251629,34.3654354]}},{"type":"Feature","properties":{"node_id":"8177668686","node_origin":"osm_node","degree":2,"is_intersection":false,"source":"OpenStreetMap"},"geometry":{"type":"Point","coordinates":[108.9251705,34.3659031]}},{"type":"Feature","properties":{"node_id":"8564475868","node_origin":"osm_node","degree":2,"is_intersection":false,"source":"OpenStreetMap"},"geometry":{"type":"Point","coordinates":[108.9153806,34.3629758]}},{"type":"Feature","properties":{"node_id":"8653733437","node_origin":"osm_node","degree":2,"is_intersection":false,"source":"OpenStreetMap"},"geometry":{"type":"Point","coordinates":[108.915177,34.3348794]}},{"type":"Feature","properties":{"node_id":"8918290412","node_origin":"osm_node","degree":2,"is_intersection":false,"source":"OpenStreetMap"},"geometry":{"type":"Point","coordinates":[108.9389913,34.3659834]}},{"type":"Feature","properties":{"node_id":"8918290414","node_origin":"osm_node","degree":4,"is_intersection":true,"source":"OpenStreetMap"},"geometry":{"type":"Point","coordinates":[108.939054,34.3628278]}},{"type":"Feature","properties":{"node_id":"8918290416","node_origin":"osm_node","degree":4,"is_intersection":true,"source":"OpenStreetMap"},"geometry":{"type":"Point","coordinates":[108.9391818,34.3600691]}},{"type":"Feature","properties":{"node_id":"8918291819","node_origin":"osm_node","degree":4,"is_intersection":true,"source":"OpenStreetMap"},"geometry":{"type":"Point","coordinates":[108.9393297,34.3569781]}},{"type":"Feature","properties":{"node_id":"8918291820","node_origin":"osm_node","degree":4,"is_intersection":true,"source":"OpenStreetMap"},"geometry":{"type":"Point","coordinates":[108.9398319,34.3539964]}},{"type":"Feature","properties":{"node_id":"8918291821","node_origin":"osm_node","degree":4,"is_intersection":true,"source":"OpenStreetMap"},"geometry":{"type":"Point","coordinates":[108.9397354,34.3539266]}},{"type":"Feature","properties":{"node_id":"8918291824","node_origin":"osm_node","degree":4,"is_intersection":true,"source":"OpenStreetMap"},"geometry":{"type":"Point","coordinates":[108.9398497,34.3539293]}},{"type":"Feature","properties":{"node_id":"8918291825","node_origin":"osm_node","degree":3,"is_intersection":true,"source":"OpenStreetMap"},"geometry":{"type":"Point","coordinates":[108.9398585,34.3538508]}},{"type":"Feature","properties":{"node_id":"8918291826","node_origin":"osm_node","degree":2,"is_intersection":false,"source":"OpenStreetMap"},"geometry":{"type":"Point","coordinates":[108.9413786,34.3600632]}},{"type":"Feature","properties":{"node_id":"8918291827","node_origin":"osm_node","degree":2,"is_intersection":false,"source":"OpenStreetMap"},"geometry":{"type":"Point","coordinates":[108.9433587,34.3599275]}},{"type":"Feature","properties":{"node_id":"8918291828","node_origin":"osm_node","degree":2,"is_intersection":false,"source":"OpenStreetMap"},"geometry":{"type":"Point","coordinates":[108.9442122,34.3597397]}},{"type":"Feature","properties":{"node_id":"8918291829","node_origin":"osm_node","degree":2,"is_intersection":false,"source":"OpenStreetMap"},"geometry":{"type":"Point","coordinates":[108.9444923,34.3596586]}},{"type":"Feature","properties":{"node_id":"8918291830","node_origin":"osm_node","degree":2,"is_intersection":false,"source":"OpenStreetMap"},"geometry":{"type":"Point","coordinates":[108.942007,34.3601353]}},{"type":"Feature","properties":{"node_id":"8918291831","node_origin":"osm_node","degree":2,"is_intersection":false,"source":"OpenStreetMap"},"geometry":{"type":"Point","coordinates":[108.9433594,34.3600178]}},{"type":"Feature","properties":{"node_id":"8918291832","node_origin":"osm_node","degree":2,"is_intersection":false,"source":"OpenStreetMap"},"geometry":{"type":"Point","coordinates":[108.9444473,34.3598287]}},{"type":"Feature","properties":{"node_id":"8918291833","node_origin":"osm_node","degree":2,"is_intersection":false,"source":"OpenStreetMap"},"geometry":{"type":"Point","coordinates":[108.944612,34.3599029]}},{"type":"Feature","properties":{"node_id":"8918291834","node_origin":"osm_node","degree":2,"is_intersection":false,"source":"OpenStreetMap"},"geometry":{"type":"Point","coordinates":[108.9443982,34.3596904]}},{"type":"Feature","properties":{"node_id":"8918291835","node_origin":"osm_node","degree":2,"is_intersection":false,"source":"OpenStreetMap"},"geometry":{"type":"Point","coordinates":[108.9445872,34.3595865]}},{"type":"Feature","properties":{"node_id":"8918291836","node_origin":"osm_node","degree":2,"is_intersection":false,"source":"OpenStreetMap"},"geometry":{"type":"Point","coordinates":[108.944561,34.3598546]}},{"type":"Feature","properties":{"node_id":"8918291841","node_origin":"osm_node","degree":2,"is_intersection":false,"source":"OpenStreetMap"},"geometry":{"type":"Point","coordinates":[108.9442717,34.3598534]}},{"type":"Feature","properties":{"node_id":"8927681714","node_origin":"osm_node","degree":4,"is_intersection":true,"source":"OpenStreetMap"},"geometry":{"type":"Point","coordinates":[108.939185,34.3599921]}},{"type":"Feature","properties":{"node_id":"8964544679","node_origin":"osm_node","degree":2,"is_intersection":false,"source":"OpenStreetMap"},"geometry":{"type":"Point","coordinates":[108.9373186,34.334554]}},{"type":"Feature","properties":{"node_id":"8964544680","node_origin":"osm_node","degree":2,"is_intersection":false,"source":"OpenStreetMap"},"geometry":{"type":"Point","coordinates":[108.9374663,34.3345559]}},{"type":"Feature","properties":{"node_id":"8972089468","node_origin":"osm_node","degree":2,"is_intersection":false,"source":"OpenStreetMap"},"geometry":{"type":"Point","coordinates":[108.93973,34.3600098]}},{"type":"Feature","properties":{"node_id":"8972089479","node_origin":"osm_node","degree":3,"is_intersection":true,"source":"OpenStreetMap"},"geometry":{"type":"Point","coordinates":[108.9448197,34.3594887]}},{"type":"Feature","properties":{"node_id":"8972089481","node_origin":"osm_node","degree":2,"is_intersection":false,"source":"OpenStreetMap"},"geometry":{"type":"Point","coordinates":[108.9467689,34.3593179]}},{"type":"Feature","properties":{"node_id":"8972089482","node_origin":"osm_node","degree":2,"is_intersection":false,"source":"OpenStreetMap"},"geometry":{"type":"Point","coordinates":[108.9471457,34.3591959]}},{"type":"Feature","properties":{"node_id":"8972089483","node_origin":"osm_node","degree":4,"is_intersection":true,"source":"OpenStreetMap"},"geometry":{"type":"Point","coordinates":[108.9543386,34.355698]}},{"type":"Feature","properties":{"node_id":"8972089484","node_origin":"osm_node","degree":4,"is_intersection":true,"source":"OpenStreetMap"},"geometry":{"type":"Point","coordinates":[108.9515069,34.3570584]}},{"type":"Feature","properties":{"node_id":"8972089485","node_origin":"osm_node","degree":4,"is_intersection":true,"source":"OpenStreetMap"},"geometry":{"type":"Point","coordinates":[108.952597,34.3565649]}},{"type":"Feature","properties":{"node_id":"8972089486","node_origin":"osm_node","degree":3,"is_intersection":true,"source":"OpenStreetMap"},"geometry":{"type":"Point","coordinates":[108.9491059,34.3582789]}},{"type":"Feature","properties":{"node_id":"8972089487","node_origin":"osm_node","degree":2,"is_intersection":false,"source":"OpenStreetMap"},"geometry":{"type":"Point","coordinates":[108.9500169,34.3577202]}},{"type":"Feature","properties":{"node_id":"8972089488","node_origin":"osm_node","degree":4,"is_intersection":true,"source":"OpenStreetMap"},"geometry":{"type":"Point","coordinates":[108.9514173,34.3571113]}},{"type":"Feature","properties":{"node_id":"8972089489","node_origin":"osm_node","degree":2,"is_intersection":false,"source":"OpenStreetMap"},"geometry":{"type":"Point","coordinates":[108.9513642,34.3582687]}},{"type":"Feature","properties":{"node_id":"8972089490","node_origin":"osm_node","degree":3,"is_intersection":true,"source":"OpenStreetMap"},"geometry":{"type":"Point","coordinates":[108.9514069,34.3585138]}},{"type":"Feature","properties":{"node_id":"8972089491","node_origin":"osm_node","degree":2,"is_intersection":false,"source":"OpenStreetMap"},"geometry":{"type":"Point","coordinates":[108.952699,34.3642657]}},{"type":"Feature","properties":{"node_id":"8972089492","node_origin":"osm_node","degree":2,"is_intersection":false,"source":"OpenStreetMap"},"geometry":{"type":"Point","coordinates":[108.9526398,34.3642453]}},{"type":"Feature","properties":{"node_id":"8972089493","node_origin":"osm_node","degree":2,"is_intersection":false,"source":"OpenStreetMap"},"geometry":{"type":"Point","coordinates":[108.9510827,34.362133]}},{"type":"Feature","properties":{"node_id":"8972089494","node_origin":"osm_node","degree":2,"is_intersection":false,"source":"OpenStreetMap"},"geometry":{"type":"Point","coordinates":[108.951182,34.361216]}},{"type":"Feature","properties":{"node_id":"8972089495","node_origin":"osm_node","degree":3,"is_intersection":true,"source":"OpenStreetMap"},"geometry":{"type":"Point","coordinates":[108.9513868,34.3575568]}},{"type":"Feature","properties":{"node_id":"8972089496","node_origin":"osm_node","degree":2,"is_intersection":false,"source":"OpenStreetMap"},"geometry":{"type":"Point","coordinates":[108.9513264,34.357416]}},{"type":"Feature","properties":{"node_id":"8972089497","node_origin":"osm_node","degree":2,"is_intersection":false,"source":"OpenStreetMap"},"geometry":{"type":"Point","coordinates":[108.9511448,34.3573433]}},{"type":"Feature","properties":{"node_id":"8972089498","node_origin":"osm_node","degree":3,"is_intersection":true,"source":"OpenStreetMap"},"geometry":{"type":"Point","coordinates":[108.9508904,34.3573774]}},{"type":"Feature","properties":{"node_id":"8972089499","node_origin":"osm_node","degree":3,"is_intersection":true,"source":"OpenStreetMap"},"geometry":{"type":"Point","coordinates":[108.9514963,34.3572607]}},{"type":"Feature","properties":{"node_id":"8972089500","node_origin":"osm_node","degree":2,"is_intersection":false,"source":"OpenStreetMap"},"geometry":{"type":"Point","coordinates":[108.9516259,34.3571509]}},{"type":"Feature","properties":{"node_id":"8972089501","node_origin":"osm_node","degree":3,"is_intersection":true,"source":"OpenStreetMap"},"geometry":{"type":"Point","coordinates":[108.9518239,34.3569175]}},{"type":"Feature","properties":{"node_id":"8972089502","node_origin":"osm_node","degree":2,"is_intersection":false,"source":"OpenStreetMap"},"geometry":{"type":"Point","coordinates":[108.9513687,34.3579326]}},{"type":"Feature","properties":{"node_id":"8972089503","node_origin":"osm_node","degree":2,"is_intersection":false,"source":"OpenStreetMap"},"geometry":{"type":"Point","coordinates":[108.9514718,34.3578939]}},{"type":"Feature","properties":{"node_id":"8972089510","node_origin":"osm_node","degree":4,"is_intersection":true,"source":"OpenStreetMap"},"geometry":{"type":"Point","coordinates":[108.9547805,34.3554396]}},{"type":"Feature","properties":{"node_id":"8972089511","node_origin":"osm_node","degree":3,"is_intersection":true,"source":"OpenStreetMap"},"geometry":{"type":"Point","coordinates":[108.9547791,34.3553384]}},{"type":"Feature","properties":{"node_id":"8972089512","node_origin":"osm_node","degree":2,"is_intersection":false,"source":"OpenStreetMap"},"geometry":{"type":"Point","coordinates":[108.9549095,34.3631091]}},{"type":"Feature","properties":{"node_id":"8972137678","node_origin":"osm_node","degree":2,"is_intersection":false,"source":"OpenStreetMap"},"geometry":{"type":"Point","coordinates":[108.9431048,34.3549794]}},{"type":"Feature","properties":{"node_id":"8972137679","node_origin":"osm_node","degree":2,"is_intersection":false,"source":"OpenStreetMap"},"geometry":{"type":"Point","coordinates":[108.9433781,34.3551822]}},{"type":"Feature","properties":{"node_id":"8972137680","node_origin":"osm_node","degree":2,"is_intersection":false,"source":"OpenStreetMap"},"geometry":{"type":"Point","coordinates":[108.9433432,34.3550414]}},{"type":"Feature","properties":{"node_id":"8972137701","node_origin":"osm_node","degree":2,"is_intersection":false,"source":"OpenStreetMap"},"geometry":{"type":"Point","coordinates":[108.9446649,34.3489711]}},{"type":"Feature","properties":{"node_id":"8972137702","node_origin":"osm_node","degree":2,"is_intersection":false,"source":"OpenStreetMap"},"geometry":{"type":"Point","coordinates":[108.9445657,34.348971]}},{"type":"Feature","properties":{"node_id":"8972137703","node_origin":"osm_node","degree":2,"is_intersection":false,"source":"OpenStreetMap"},"geometry":{"type":"Point","coordinates":[108.9486966,34.350385]}},{"type":"Feature","properties":{"node_id":"8972137704","node_origin":"osm_node","degree":2,"is_intersection":false,"source":"OpenStreetMap"},"geometry":{"type":"Point","coordinates":[108.9427405,34.3501099]}},{"type":"Feature","properties":{"node_id":"8972137705","node_origin":"osm_node","degree":2,"is_intersection":false,"source":"OpenStreetMap"},"geometry":{"type":"Point","coordinates":[108.9427649,34.3513003]}},{"type":"Feature","properties":{"node_id":"8972137706","node_origin":"osm_node","degree":2,"is_intersection":false,"source":"OpenStreetMap"},"geometry":{"type":"Point","coordinates":[108.9438974,34.3539876]}},{"type":"Feature","properties":{"node_id":"8972137707","node_origin":"osm_node","degree":2,"is_intersection":false,"source":"OpenStreetMap"},"geometry":{"type":"Point","coordinates":[108.9442408,34.3541993]}},{"type":"Feature","properties":{"node_id":"8972137708","node_origin":"osm_node","degree":2,"is_intersection":false,"source":"OpenStreetMap"},"geometry":{"type":"Point","coordinates":[108.9416232,34.3540509]}},{"type":"Feature","properties":{"node_id":"8972232275","node_origin":"osm_node","degree":2,"is_intersection":false,"source":"OpenStreetMap"},"geometry":{"type":"Point","coordinates":[108.9418376,34.3446336]}},{"type":"Feature","properties":{"node_id":"8972232276","node_origin":"osm_node","degree":2,"is_intersection":false,"source":"OpenStreetMap"},"geometry":{"type":"Point","coordinates":[108.941821,34.3476761]}},{"type":"Feature","properties":{"node_id":"8972237725","node_origin":"osm_node","degree":2,"is_intersection":false,"source":"OpenStreetMap"},"geometry":{"type":"Point","coordinates":[108.9436784,34.3388712]}},{"type":"Feature","properties":{"node_id":"8972237743","node_origin":"osm_node","degree":2,"is_intersection":false,"source":"OpenStreetMap"},"geometry":{"type":"Point","coordinates":[108.9463934,34.3425085]}},{"type":"Feature","properties":{"node_id":"8972264116","node_origin":"osm_node","degree":2,"is_intersection":false,"source":"OpenStreetMap"},"geometry":{"type":"Point","coordinates":[108.9463387,34.3425998]}},{"type":"Feature","properties":{"node_id":"8972266117","node_origin":"osm_node","degree":2,"is_intersection":false,"source":"OpenStreetMap"},"geometry":{"type":"Point","coordinates":[108.9490887,34.3415458]}},{"type":"Feature","properties":{"node_id":"8972266118","node_origin":"osm_node","degree":2,"is_intersection":false,"source":"OpenStreetMap"},"geometry":{"type":"Point","coordinates":[108.9490588,34.3432909]}},{"type":"Feature","properties":{"node_id":"8972266119","node_origin":"osm_node","degree":2,"is_intersection":false,"source":"OpenStreetMap"},"geometry":{"type":"Point","coordinates":[108.9491621,34.3431794]}},{"type":"Feature","properties":{"node_id":"8972266120","node_origin":"osm_node","degree":2,"is_intersection":false,"source":"OpenStreetMap"},"geometry":{"type":"Point","coordinates":[108.9491286,34.3460802]}},{"type":"Feature","properties":{"node_id":"8972266121","node_origin":"osm_node","degree":2,"is_intersection":false,"source":"OpenStreetMap"},"geometry":{"type":"Point","coordinates":[108.9502506,34.3473294]}},{"type":"Feature","properties":{"node_id":"8972266122","node_origin":"osm_node","degree":2,"is_intersection":false,"source":"OpenStreetMap"},"geometry":{"type":"Point","coordinates":[108.9482491,34.3489749]}},{"type":"Feature","properties":{"node_id":"8972266123","node_origin":"osm_node","degree":2,"is_intersection":false,"source":"OpenStreetMap"},"geometry":{"type":"Point","coordinates":[108.9472514,34.3489741]}},{"type":"Feature","properties":{"node_id":"8972266124","node_origin":"osm_node","degree":2,"is_intersection":false,"source":"OpenStreetMap"},"geometry":{"type":"Point","coordinates":[108.9490846,34.3507499]}},{"type":"Feature","properties":{"node_id":"8972266125","node_origin":"osm_node","degree":2,"is_intersection":false,"source":"OpenStreetMap"},"geometry":{"type":"Point","coordinates":[108.9490844,34.350895]}},{"type":"Feature","properties":{"node_id":"8972266126","node_origin":"osm_node","degree":2,"is_intersection":false,"source":"OpenStreetMap"},"geometry":{"type":"Point","coordinates":[108.950846,34.348946]}},{"type":"Feature","properties":{"node_id":"8972266127","node_origin":"osm_node","degree":2,"is_intersection":false,"source":"OpenStreetMap"},"geometry":{"type":"Point","coordinates":[108.9515259,34.3489454]}},{"type":"Feature","properties":{"node_id":"8972266128","node_origin":"osm_node","degree":2,"is_intersection":false,"source":"OpenStreetMap"},"geometry":{"type":"Point","coordinates":[108.9521166,34.3551389]}},{"type":"Feature","properties":{"node_id":"8972266129","node_origin":"osm_node","degree":2,"is_intersection":false,"source":"OpenStreetMap"},"geometry":{"type":"Point","coordinates":[108.9525827,34.3551052]}},{"type":"Feature","properties":{"node_id":"8972266130","node_origin":"osm_node","degree":2,"is_intersection":false,"source":"OpenStreetMap"},"geometry":{"type":"Point","coordinates":[108.9480113,34.3545764]}},{"type":"Feature","properties":{"node_id":"8972266131","node_origin":"osm_node","degree":2,"is_intersection":false,"source":"OpenStreetMap"},"geometry":{"type":"Point","coordinates":[108.9497918,34.3547466]}},{"type":"Feature","properties":{"node_id":"8972266132","node_origin":"osm_node","degree":2,"is_intersection":false,"source":"OpenStreetMap"},"geometry":{"type":"Point","coordinates":[108.9490914,34.3536138]}},{"type":"Feature","properties":{"node_id":"8972445562","node_origin":"osm_node","degree":2,"is_intersection":false,"source":"OpenStreetMap"},"geometry":{"type":"Point","coordinates":[108.9418365,34.3447242]}},{"type":"Feature","properties":{"node_id":"8972445565","node_origin":"osm_node","degree":2,"is_intersection":false,"source":"OpenStreetMap"},"geometry":{"type":"Point","coordinates":[108.943322,34.3446883]}},{"type":"Feature","properties":{"node_id":"8973178162","node_origin":"osm_node","degree":2,"is_intersection":false,"source":"OpenStreetMap"},"geometry":{"type":"Point","coordinates":[108.9409705,34.3388726]}},{"type":"Feature","properties":{"node_id":"8973220987","node_origin":"osm_node","degree":2,"is_intersection":false,"source":"OpenStreetMap"},"geometry":{"type":"Point","coordinates":[108.9406901,34.3388756]}},{"type":"Feature","properties":{"node_id":"8973220988","node_origin":"osm_node","degree":2,"is_intersection":false,"source":"OpenStreetMap"},"geometry":{"type":"Point","coordinates":[108.9412449,34.3388687]}},{"type":"Feature","properties":{"node_id":"8973220989","node_origin":"osm_node","degree":2,"is_intersection":false,"source":"OpenStreetMap"},"geometry":{"type":"Point","coordinates":[108.9347673,34.3390264]}},{"type":"Feature","properties":{"node_id":"8973220990","node_origin":"osm_node","degree":3,"is_intersection":true,"source":"OpenStreetMap"},"geometry":{"type":"Point","coordinates":[108.9355059,34.3389646]}},{"type":"Feature","properties":{"node_id":"8973220991","node_origin":"osm_node","degree":2,"is_intersection":false,"source":"OpenStreetMap"},"geometry":{"type":"Point","coordinates":[108.9314984,34.3390178]}},{"type":"Feature","properties":{"node_id":"8973220992","node_origin":"osm_node","degree":3,"is_intersection":true,"source":"OpenStreetMap"},"geometry":{"type":"Point","coordinates":[108.9307867,34.3389557]}},{"type":"Feature","properties":{"node_id":"8973220993","node_origin":"osm_node","degree":2,"is_intersection":false,"source":"OpenStreetMap"},"geometry":{"type":"Point","coordinates":[108.9314843,34.3388977]}},{"type":"Feature","properties":{"node_id":"8973220994","node_origin":"osm_node","degree":2,"is_intersection":false,"source":"OpenStreetMap"},"geometry":{"type":"Point","coordinates":[108.9348496,34.3388948]}},{"type":"Feature","properties":{"node_id":"8973220995","node_origin":"osm_node","degree":4,"is_intersection":true,"source":"OpenStreetMap"},"geometry":{"type":"Point","coordinates":[108.9329292,34.3388965]}},{"type":"Feature","properties":{"node_id":"8973220996","node_origin":"osm_node","degree":4,"is_intersection":true,"source":"OpenStreetMap"},"geometry":{"type":"Point","coordinates":[108.9332154,34.3388962]}},{"type":"Feature","properties":{"node_id":"8973220997","node_origin":"osm_node","degree":2,"is_intersection":false,"source":"OpenStreetMap"},"geometry":{"type":"Point","coordinates":[108.9347387,34.3388949]}},{"type":"Feature","properties":{"node_id":"8973221012","node_origin":"osm_node","degree":2,"is_intersection":false,"source":"OpenStreetMap"},"geometry":{"type":"Point","coordinates":[108.9375705,34.3313505]}},{"type":"Feature","properties":{"node_id":"8973221013","node_origin":"osm_node","degree":2,"is_intersection":false,"source":"OpenStreetMap"},"geometry":{"type":"Point","coordinates":[108.9490854,34.3322654]}},{"type":"Feature","properties":{"node_id":"8973221014","node_origin":"osm_node","degree":2,"is_intersection":false,"source":"OpenStreetMap"},"geometry":{"type":"Point","coordinates":[108.9490783,34.3345635]}},{"type":"Feature","properties":{"node_id":"8973221015","node_origin":"osm_node","degree":2,"is_intersection":false,"source":"OpenStreetMap"},"geometry":{"type":"Point","coordinates":[108.9481829,34.3349558]}},{"type":"Feature","properties":{"node_id":"8973221016","node_origin":"osm_node","degree":2,"is_intersection":false,"source":"OpenStreetMap"},"geometry":{"type":"Point","coordinates":[108.9486401,34.3349519]}},{"type":"Feature","properties":{"node_id":"8973232017","node_origin":"osm_node","degree":3,"is_intersection":true,"source":"OpenStreetMap"},"geometry":{"type":"Point","coordinates":[108.9490706,34.3365292]}},{"type":"Feature","properties":{"node_id":"8973232018","node_origin":"osm_node","degree":3,"is_intersection":true,"source":"OpenStreetMap"},"geometry":{"type":"Point","coordinates":[108.9557838,34.3365292]}},{"type":"Feature","properties":{"node_id":"8973232019","node_origin":"osm_node","degree":4,"is_intersection":true,"source":"OpenStreetMap"},"geometry":{"type":"Point","coordinates":[108.9523953,34.3365292]}},{"type":"Feature","properties":{"node_id":"8973232020","node_origin":"osm_node","degree":4,"is_intersection":true,"source":"OpenStreetMap"},"geometry":{"type":"Point","coordinates":[108.9556611,34.3365292]}},{"type":"Feature","properties":{"node_id":"8973232021","node_origin":"osm_node","degree":2,"is_intersection":false,"source":"OpenStreetMap"},"geometry":{"type":"Point","coordinates":[108.9490846,34.3406907]}},{"type":"Feature","properties":{"node_id":"8973232022","node_origin":"osm_node","degree":2,"is_intersection":false,"source":"OpenStreetMap"},"geometry":{"type":"Point","coordinates":[108.949069,34.3393145]}},{"type":"Feature","properties":{"node_id":"8973232023","node_origin":"osm_node","degree":2,"is_intersection":false,"source":"OpenStreetMap"},"geometry":{"type":"Point","coordinates":[108.949064,34.3375522]}},{"type":"Feature","properties":{"node_id":"8973232024","node_origin":"osm_node","degree":2,"is_intersection":false,"source":"OpenStreetMap"},"geometry":{"type":"Point","coordinates":[108.9490748,34.3358613]}},{"type":"Feature","properties":{"node_id":"8973232025","node_origin":"osm_node","degree":2,"is_intersection":false,"source":"OpenStreetMap"},"geometry":{"type":"Point","coordinates":[108.9483607,34.3314225]}},{"type":"Feature","properties":{"node_id":"8973232026","node_origin":"osm_node","degree":2,"is_intersection":false,"source":"OpenStreetMap"},"geometry":{"type":"Point","coordinates":[108.9496283,34.3313333]}},{"type":"Feature","properties":{"node_id":"8973232031","node_origin":"osm_node","degree":2,"is_intersection":false,"source":"OpenStreetMap"},"geometry":{"type":"Point","coordinates":[108.9490849,34.3305835]}},{"type":"Feature","properties":{"node_id":"8973232032","node_origin":"osm_node","degree":2,"is_intersection":false,"source":"OpenStreetMap"},"geometry":{"type":"Point","coordinates":[108.9426411,34.3325394]}},{"type":"Feature","properties":{"node_id":"8973232035","node_origin":"osm_node","degree":2,"is_intersection":false,"source":"OpenStreetMap"},"geometry":{"type":"Point","coordinates":[108.9415882,34.3314099]}},{"type":"Feature","properties":{"node_id":"8973232036","node_origin":"osm_node","degree":2,"is_intersection":false,"source":"OpenStreetMap"},"geometry":{"type":"Point","coordinates":[108.9436821,34.3314114]}},{"type":"Feature","properties":{"node_id":"8973232037","node_origin":"osm_node","degree":2,"is_intersection":false,"source":"OpenStreetMap"},"geometry":{"type":"Point","coordinates":[108.9438055,34.3313417]}},{"type":"Feature","properties":{"node_id":"8973232055","node_origin":"osm_node","degree":2,"is_intersection":false,"source":"OpenStreetMap"},"geometry":{"type":"Point","coordinates":[108.9524362,34.3408313]}},{"type":"Feature","properties":{"node_id":"8973232056","node_origin":"osm_node","degree":2,"is_intersection":false,"source":"OpenStreetMap"},"geometry":{"type":"Point","coordinates":[108.9524404,34.3418598]}},{"type":"Feature","properties":{"node_id":"8973798021","node_origin":"osm_node","degree":2,"is_intersection":false,"source":"OpenStreetMap"},"geometry":{"type":"Point","coordinates":[108.9424732,34.3304218]}},{"type":"Feature","properties":{"node_id":"8973798022","node_origin":"osm_node","degree":2,"is_intersection":false,"source":"OpenStreetMap"},"geometry":{"type":"Point","coordinates":[108.9426418,34.3290998]}},{"type":"Feature","properties":{"node_id":"8973798023","node_origin":"osm_node","degree":2,"is_intersection":false,"source":"OpenStreetMap"},"geometry":{"type":"Point","coordinates":[108.9556713,34.3415594]}},{"type":"Feature","properties":{"node_id":"8973798024","node_origin":"osm_node","degree":2,"is_intersection":false,"source":"OpenStreetMap"},"geometry":{"type":"Point","coordinates":[108.9556702,34.3416107]}},{"type":"Feature","properties":{"node_id":"8973798025","node_origin":"osm_node","degree":2,"is_intersection":false,"source":"OpenStreetMap"},"geometry":{"type":"Point","coordinates":[108.9545418,34.3384491]}},{"type":"Feature","properties":{"node_id":"8973798026","node_origin":"osm_node","degree":2,"is_intersection":false,"source":"OpenStreetMap"},"geometry":{"type":"Point","coordinates":[108.9557994,34.3394233]}},{"type":"Feature","properties":{"node_id":"8973798027","node_origin":"osm_node","degree":2,"is_intersection":false,"source":"OpenStreetMap"},"geometry":{"type":"Point","coordinates":[108.9556666,34.3376639]}},{"type":"Feature","properties":{"node_id":"8973798028","node_origin":"osm_node","degree":2,"is_intersection":false,"source":"OpenStreetMap"},"geometry":{"type":"Point","coordinates":[108.950549,34.3384564]}},{"type":"Feature","properties":{"node_id":"8973798029","node_origin":"osm_node","degree":2,"is_intersection":false,"source":"OpenStreetMap"},"geometry":{"type":"Point","coordinates":[108.9503399,34.3383938]}},{"type":"Feature","properties":{"node_id":"8973798030","node_origin":"osm_node","degree":2,"is_intersection":false,"source":"OpenStreetMap"},"geometry":{"type":"Point","coordinates":[108.9523967,34.3374674]}},{"type":"Feature","properties":{"node_id":"8973798031","node_origin":"osm_node","degree":2,"is_intersection":false,"source":"OpenStreetMap"},"geometry":{"type":"Point","coordinates":[108.9523942,34.3358303]}},{"type":"Feature","properties":{"node_id":"8973798032","node_origin":"osm_node","degree":2,"is_intersection":false,"source":"OpenStreetMap"},"geometry":{"type":"Point","coordinates":[108.9557643,34.3340848]}},{"type":"Feature","properties":{"node_id":"8973798033","node_origin":"osm_node","degree":2,"is_intersection":false,"source":"OpenStreetMap"},"geometry":{"type":"Point","coordinates":[108.9556095,34.3333918]}},{"type":"Feature","properties":{"node_id":"8973798038","node_origin":"osm_node","degree":2,"is_intersection":false,"source":"OpenStreetMap"},"geometry":{"type":"Point","coordinates":[108.9555851,34.3326531]}},{"type":"Feature","properties":{"node_id":"8973798039","node_origin":"osm_node","degree":2,"is_intersection":false,"source":"OpenStreetMap"},"geometry":{"type":"Point","coordinates":[108.9557035,34.3321526]}},{"type":"Feature","properties":{"node_id":"8973798040","node_origin":"osm_node","degree":2,"is_intersection":false,"source":"OpenStreetMap"},"geometry":{"type":"Point","coordinates":[108.9545505,34.3314267]}},{"type":"Feature","properties":{"node_id":"8973798041","node_origin":"osm_node","degree":2,"is_intersection":false,"source":"OpenStreetMap"},"geometry":{"type":"Point","coordinates":[108.954511,34.3313322]}},{"type":"Feature","properties":{"node_id":"8973798042","node_origin":"osm_node","degree":2,"is_intersection":false,"source":"OpenStreetMap"},"geometry":{"type":"Point","coordinates":[108.9565019,34.3313192]}},{"type":"Feature","properties":{"node_id":"8973916479","node_origin":"osm_node","degree":2,"is_intersection":false,"source":"OpenStreetMap"},"geometry":{"type":"Point","coordinates":[108.9589636,34.3313032]}},{"type":"Feature","properties":{"node_id":"8973916503","node_origin":"osm_node","degree":2,"is_intersection":false,"source":"OpenStreetMap"},"geometry":{"type":"Point","coordinates":[108.9390401,34.3632172]}},{"type":"Feature","properties":{"node_id":"8973916504","node_origin":"osm_node","degree":2,"is_intersection":false,"source":"OpenStreetMap"},"geometry":{"type":"Point","coordinates":[108.9390116,34.3623854]}},{"type":"Feature","properties":{"node_id":"8973924881","node_origin":"osm_node","degree":2,"is_intersection":false,"source":"OpenStreetMap"},"geometry":{"type":"Point","coordinates":[108.9376735,34.3600208]}},{"type":"Feature","properties":{"node_id":"8973924882","node_origin":"osm_node","degree":2,"is_intersection":false,"source":"OpenStreetMap"},"geometry":{"type":"Point","coordinates":[108.9372072,34.3599331]}},{"type":"Feature","properties":{"node_id":"8973924883","node_origin":"osm_node","degree":2,"is_intersection":false,"source":"OpenStreetMap"},"geometry":{"type":"Point","coordinates":[108.9391732,34.3584284]}},{"type":"Feature","properties":{"node_id":"8973924884","node_origin":"osm_node","degree":2,"is_intersection":false,"source":"OpenStreetMap"},"geometry":{"type":"Point","coordinates":[108.9392662,34.3583016]}},{"type":"Feature","properties":{"node_id":"8974070657","node_origin":"osm_node","degree":2,"is_intersection":false,"source":"OpenStreetMap"},"geometry":{"type":"Point","coordinates":[108.934108,34.3613279]}},{"type":"Feature","properties":{"node_id":"8974070658","node_origin":"osm_node","degree":2,"is_intersection":false,"source":"OpenStreetMap"},"geometry":{"type":"Point","coordinates":[108.9343041,34.3609412]}},{"type":"Feature","properties":{"node_id":"8974083417","node_origin":"osm_node","degree":2,"is_intersection":false,"source":"OpenStreetMap"},"geometry":{"type":"Point","coordinates":[108.9333499,34.3598795]}},{"type":"Feature","properties":{"node_id":"8974083418","node_origin":"osm_node","degree":2,"is_intersection":false,"source":"OpenStreetMap"},"geometry":{"type":"Point","coordinates":[108.9326514,34.3597844]}},{"type":"Feature","properties":{"node_id":"8974083419","node_origin":"osm_node","degree":2,"is_intersection":false,"source":"OpenStreetMap"},"geometry":{"type":"Point","coordinates":[108.9339028,34.3585933]}},{"type":"Feature","properties":{"node_id":"8974083420","node_origin":"osm_node","degree":2,"is_intersection":false,"source":"OpenStreetMap"},"geometry":{"type":"Point","coordinates":[108.9340938,34.3578899]}},{"type":"Feature","properties":{"node_id":"8974083425","node_origin":"osm_node","degree":2,"is_intersection":false,"source":"OpenStreetMap"},"geometry":{"type":"Point","coordinates":[108.9339169,34.3551311]}},{"type":"Feature","properties":{"node_id":"8974083449","node_origin":"osm_node","degree":2,"is_intersection":false,"source":"OpenStreetMap"},"geometry":{"type":"Point","coordinates":[108.9335379,34.3524167]}},{"type":"Feature","properties":{"node_id":"8974083450","node_origin":"osm_node","degree":2,"is_intersection":false,"source":"OpenStreetMap"},"geometry":{"type":"Point","coordinates":[108.9328194,34.3537355]}},{"type":"Feature","properties":{"node_id":"8974083451","node_origin":"osm_node","degree":2,"is_intersection":false,"source":"OpenStreetMap"},"geometry":{"type":"Point","coordinates":[108.9348951,34.3537097]}},{"type":"Feature","properties":{"node_id":"8974083452","node_origin":"osm_node","degree":2,"is_intersection":false,"source":"OpenStreetMap"},"geometry":{"type":"Point","coordinates":[108.9325631,34.3490268]}},{"type":"Feature","properties":{"node_id":"8974083453","node_origin":"osm_node","degree":2,"is_intersection":false,"source":"OpenStreetMap"},"geometry":{"type":"Point","coordinates":[108.9345114,34.348924]}},{"type":"Feature","properties":{"node_id":"8974083454","node_origin":"osm_node","degree":2,"is_intersection":false,"source":"OpenStreetMap"},"geometry":{"type":"Point","coordinates":[108.9336618,34.3501765]}},{"type":"Feature","properties":{"node_id":"8974083455","node_origin":"osm_node","degree":3,"is_intersection":true,"source":"OpenStreetMap"},"geometry":{"type":"Point","coordinates":[108.9332765,34.3471307]}},{"type":"Feature","properties":{"node_id":"8974302102","node_origin":"osm_node","degree":2,"is_intersection":false,"source":"OpenStreetMap"},"geometry":{"type":"Point","coordinates":[108.9524231,34.346526]}},{"type":"Feature","properties":{"node_id":"8974302103","node_origin":"osm_node","degree":2,"is_intersection":false,"source":"OpenStreetMap"},"geometry":{"type":"Point","coordinates":[108.9524232,34.3463517]}},{"type":"Feature","properties":{"node_id":"8974302108","node_origin":"osm_node","degree":2,"is_intersection":false,"source":"OpenStreetMap"},"geometry":{"type":"Point","coordinates":[108.9548637,34.3489571]}},{"type":"Feature","properties":{"node_id":"8974302109","node_origin":"osm_node","degree":2,"is_intersection":false,"source":"OpenStreetMap"},"geometry":{"type":"Point","coordinates":[108.956241,34.3489552]}},{"type":"Feature","properties":{"node_id":"8974302110","node_origin":"osm_node","degree":2,"is_intersection":false,"source":"OpenStreetMap"},"geometry":{"type":"Point","coordinates":[108.9554951,34.3481584]}},{"type":"Feature","properties":{"node_id":"8974359630","node_origin":"osm_node","degree":2,"is_intersection":false,"source":"OpenStreetMap"},"geometry":{"type":"Point","coordinates":[108.9523517,34.3318713]}},{"type":"Feature","properties":{"node_id":"8974359631","node_origin":"osm_node","degree":2,"is_intersection":false,"source":"OpenStreetMap"},"geometry":{"type":"Point","coordinates":[108.9523535,34.3319874]}},{"type":"Feature","properties":{"node_id":"8974463991","node_origin":"osm_node","degree":2,"is_intersection":false,"source":"OpenStreetMap"},"geometry":{"type":"Point","coordinates":[108.9556737,34.3286384]}},{"type":"Feature","properties":{"node_id":"8974463992","node_origin":"osm_node","degree":2,"is_intersection":false,"source":"OpenStreetMap"},"geometry":{"type":"Point","coordinates":[108.9565954,34.3279684]}},{"type":"Feature","properties":{"node_id":"8974463993","node_origin":"osm_node","degree":2,"is_intersection":false,"source":"OpenStreetMap"},"geometry":{"type":"Point","coordinates":[108.9547455,34.3280485]}},{"type":"Feature","properties":{"node_id":"8974463994","node_origin":"osm_node","degree":2,"is_intersection":false,"source":"OpenStreetMap"},"geometry":{"type":"Point","coordinates":[108.9163424,34.3248013]}},{"type":"Feature","properties":{"node_id":"8974463997","node_origin":"osm_node","degree":2,"is_intersection":false,"source":"OpenStreetMap"},"geometry":{"type":"Point","coordinates":[108.955538,34.3271842]}},{"type":"Feature","properties":{"node_id":"8974464003","node_origin":"osm_node","degree":2,"is_intersection":false,"source":"OpenStreetMap"},"geometry":{"type":"Point","coordinates":[108.9424716,34.3272505]}},{"type":"Feature","properties":{"node_id":"8974464004","node_origin":"osm_node","degree":2,"is_intersection":false,"source":"OpenStreetMap"},"geometry":{"type":"Point","coordinates":[108.9151556,34.3356908]}},{"type":"Feature","properties":{"node_id":"8974464012","node_origin":"osm_node","degree":3,"is_intersection":true,"source":"OpenStreetMap"},"geometry":{"type":"Point","coordinates":[108.9172946,34.3193837]}},{"type":"Feature","properties":{"node_id":"8974464013","node_origin":"osm_node","degree":2,"is_intersection":false,"source":"OpenStreetMap"},"geometry":{"type":"Point","coordinates":[108.9148094,34.3422388]}},{"type":"Feature","properties":{"node_id":"8974541789","node_origin":"osm_node","degree":2,"is_intersection":false,"source":"OpenStreetMap"},"geometry":{"type":"Point","coordinates":[108.9145323,34.3569968]}},{"type":"Feature","properties":{"node_id":"8974541794","node_origin":"osm_node","degree":2,"is_intersection":false,"source":"OpenStreetMap"},"geometry":{"type":"Point","coordinates":[108.9148464,34.3570804]}},{"type":"Feature","properties":{"node_id":"8974541799","node_origin":"osm_node","degree":2,"is_intersection":false,"source":"OpenStreetMap"},"geometry":{"type":"Point","coordinates":[108.9150775,34.3434801]}},{"type":"Feature","properties":{"node_id":"8974541803","node_origin":"osm_node","degree":2,"is_intersection":false,"source":"OpenStreetMap"},"geometry":{"type":"Point","coordinates":[108.9158445,34.342592]}},{"type":"Feature","properties":{"node_id":"8974541811","node_origin":"osm_node","degree":2,"is_intersection":false,"source":"OpenStreetMap"},"geometry":{"type":"Point","coordinates":[108.9156006,34.338678]}},{"type":"Feature","properties":{"node_id":"8974541814","node_origin":"osm_node","degree":2,"is_intersection":false,"source":"OpenStreetMap"},"geometry":{"type":"Point","coordinates":[108.9157484,34.3357637]}},{"type":"Feature","properties":{"node_id":"8974542118","node_origin":"osm_node","degree":2,"is_intersection":false,"source":"OpenStreetMap"},"geometry":{"type":"Point","coordinates":[108.915871,34.3332575]}},{"type":"Feature","properties":{"node_id":"8974542119","node_origin":"osm_node","degree":2,"is_intersection":false,"source":"OpenStreetMap"},"geometry":{"type":"Point","coordinates":[108.9159322,34.3326704]}},{"type":"Feature","properties":{"node_id":"8974542120","node_origin":"osm_node","degree":2,"is_intersection":false,"source":"OpenStreetMap"},"geometry":{"type":"Point","coordinates":[108.9159532,34.332105]}},{"type":"Feature","properties":{"node_id":"8974542122","node_origin":"osm_node","degree":2,"is_intersection":false,"source":"OpenStreetMap"},"geometry":{"type":"Point","coordinates":[108.9160986,34.3303093]}},{"type":"Feature","properties":{"node_id":"8974542123","node_origin":"osm_node","degree":2,"is_intersection":false,"source":"OpenStreetMap"},"geometry":{"type":"Point","coordinates":[108.9161482,34.330011]}},{"type":"Feature","properties":{"node_id":"8974542124","node_origin":"osm_node","degree":2,"is_intersection":false,"source":"OpenStreetMap"},"geometry":{"type":"Point","coordinates":[108.9162152,34.3295757]}},{"type":"Feature","properties":{"node_id":"8974542125","node_origin":"osm_node","degree":2,"is_intersection":false,"source":"OpenStreetMap"},"geometry":{"type":"Point","coordinates":[108.9164519,34.3242735]}},{"type":"Feature","properties":{"node_id":"8974542127","node_origin":"osm_node","degree":2,"is_intersection":false,"source":"OpenStreetMap"},"geometry":{"type":"Point","coordinates":[108.9168642,34.3249279]}},{"type":"Feature","properties":{"node_id":"8974587541","node_origin":"osm_node","degree":2,"is_intersection":false,"source":"OpenStreetMap"},"geometry":{"type":"Point","coordinates":[108.9145194,34.3520051]}},{"type":"Feature","properties":{"node_id":"8974587542","node_origin":"osm_node","degree":2,"is_intersection":false,"source":"OpenStreetMap"},"geometry":{"type":"Point","coordinates":[108.9147889,34.3500975]}},{"type":"Feature","properties":{"node_id":"8974587543","node_origin":"osm_node","degree":2,"is_intersection":false,"source":"OpenStreetMap"},"geometry":{"type":"Point","coordinates":[108.9156605,34.3489347]}},{"type":"Feature","properties":{"node_id":"8974587544","node_origin":"osm_node","degree":2,"is_intersection":false,"source":"OpenStreetMap"},"geometry":{"type":"Point","coordinates":[108.9155774,34.3490268]}},{"type":"Feature","properties":{"node_id":"8974587545","node_origin":"osm_node","degree":2,"is_intersection":false,"source":"OpenStreetMap"},"geometry":{"type":"Point","coordinates":[108.9147399,34.3479041]}},{"type":"Feature","properties":{"node_id":"8974587546","node_origin":"osm_node","degree":2,"is_intersection":false,"source":"OpenStreetMap"},"geometry":{"type":"Point","coordinates":[108.9134588,34.3458664]}},{"type":"Feature","properties":{"node_id":"8974587547","node_origin":"osm_node","degree":2,"is_intersection":false,"source":"OpenStreetMap"},"geometry":{"type":"Point","coordinates":[108.9135598,34.3458768]}},{"type":"Feature","properties":{"node_id":"8974587548","node_origin":"osm_node","degree":2,"is_intersection":false,"source":"OpenStreetMap"},"geometry":{"type":"Point","coordinates":[108.9183399,34.3468488]}},{"type":"Feature","properties":{"node_id":"8974587550","node_origin":"osm_node","degree":2,"is_intersection":false,"source":"OpenStreetMap"},"geometry":{"type":"Point","coordinates":[108.9180975,34.3521712]}},{"type":"Feature","properties":{"node_id":"8974587551","node_origin":"osm_node","degree":2,"is_intersection":false,"source":"OpenStreetMap"},"geometry":{"type":"Point","coordinates":[108.9180997,34.3515879]}},{"type":"Feature","properties":{"node_id":"8974587552","node_origin":"osm_node","degree":3,"is_intersection":true,"source":"OpenStreetMap"},"geometry":{"type":"Point","coordinates":[108.9147563,34.3508519]}},{"type":"Feature","properties":{"node_id":"8974587553","node_origin":"osm_node","degree":3,"is_intersection":true,"source":"OpenStreetMap"},"geometry":{"type":"Point","coordinates":[108.9181023,34.3508563]}},{"type":"Feature","properties":{"node_id":"8974587554","node_origin":"osm_node","degree":2,"is_intersection":false,"source":"OpenStreetMap"},"geometry":{"type":"Point","coordinates":[108.91871,34.3435791]}},{"type":"Feature","properties":{"node_id":"8974587555","node_origin":"osm_node","degree":2,"is_intersection":false,"source":"OpenStreetMap"},"geometry":{"type":"Point","coordinates":[108.9188797,34.3419534]}},{"type":"Feature","properties":{"node_id":"8974587556","node_origin":"osm_node","degree":2,"is_intersection":false,"source":"OpenStreetMap"},"geometry":{"type":"Point","coordinates":[108.9190378,34.3399463]}},{"type":"Feature","properties":{"node_id":"8974587557","node_origin":"osm_node","degree":2,"is_intersection":false,"source":"OpenStreetMap"},"geometry":{"type":"Point","coordinates":[108.9167797,34.3425932]}},{"type":"Feature","properties":{"node_id":"8974587558","node_origin":"osm_node","degree":2,"is_intersection":false,"source":"OpenStreetMap"},"geometry":{"type":"Point","coordinates":[108.9169731,34.3425913]}},{"type":"Feature","properties":{"node_id":"8974587559","node_origin":"osm_node","degree":2,"is_intersection":false,"source":"OpenStreetMap"},"geometry":{"type":"Point","coordinates":[108.9199706,34.3425915]}},{"type":"Feature","properties":{"node_id":"8974587560","node_origin":"osm_node","degree":2,"is_intersection":false,"source":"OpenStreetMap"},"geometry":{"type":"Point","coordinates":[108.9212395,34.3425886]}},{"type":"Feature","properties":{"node_id":"8974587561","node_origin":"osm_node","degree":2,"is_intersection":false,"source":"OpenStreetMap"},"geometry":{"type":"Point","coordinates":[108.9238819,34.3425931]}},{"type":"Feature","properties":{"node_id":"8974587562","node_origin":"osm_node","degree":2,"is_intersection":false,"source":"OpenStreetMap"},"geometry":{"type":"Point","coordinates":[108.9262032,34.3426251]}},{"type":"Feature","properties":{"node_id":"8974587563","node_origin":"osm_node","degree":2,"is_intersection":false,"source":"OpenStreetMap"},"geometry":{"type":"Point","coordinates":[108.9315528,34.3426011]}},{"type":"Feature","properties":{"node_id":"8974587564","node_origin":"osm_node","degree":2,"is_intersection":false,"source":"OpenStreetMap"},"geometry":{"type":"Point","coordinates":[108.9342481,34.3425717]}},{"type":"Feature","properties":{"node_id":"8974587565","node_origin":"osm_node","degree":2,"is_intersection":false,"source":"OpenStreetMap"},"geometry":{"type":"Point","coordinates":[108.935633,34.342588]}},{"type":"Feature","properties":{"node_id":"8974587566","node_origin":"osm_node","degree":2,"is_intersection":false,"source":"OpenStreetMap"},"geometry":{"type":"Point","coordinates":[108.9372578,34.3425887]}},{"type":"Feature","properties":{"node_id":"8974587567","node_origin":"osm_node","degree":2,"is_intersection":false,"source":"OpenStreetMap"},"geometry":{"type":"Point","coordinates":[108.938612,34.3425843]}},{"type":"Feature","properties":{"node_id":"8974587568","node_origin":"osm_node","degree":2,"is_intersection":false,"source":"OpenStreetMap"},"geometry":{"type":"Point","coordinates":[108.9152079,34.3405454]}},{"type":"Feature","properties":{"node_id":"8974587569","node_origin":"osm_node","degree":2,"is_intersection":false,"source":"OpenStreetMap"},"geometry":{"type":"Point","coordinates":[108.9154697,34.3397361]}},{"type":"Feature","properties":{"node_id":"8974587570","node_origin":"osm_node","degree":1,"is_intersection":false,"source":"OpenStreetMap"},"geometry":{"type":"Point","coordinates":[108.9191009,34.3311954]}},{"type":"Feature","properties":{"node_id":"8974587571","node_origin":"osm_node","degree":2,"is_intersection":false,"source":"OpenStreetMap"},"geometry":{"type":"Point","coordinates":[108.9152158,34.3373467]}},{"type":"Feature","properties":{"node_id":"8974587572","node_origin":"osm_node","degree":2,"is_intersection":false,"source":"OpenStreetMap"},"geometry":{"type":"Point","coordinates":[108.9157648,34.335397]}},{"type":"Feature","properties":{"node_id":"8974587574","node_origin":"osm_node","degree":2,"is_intersection":false,"source":"OpenStreetMap"},"geometry":{"type":"Point","coordinates":[108.9170284,34.3285971]}},{"type":"Feature","properties":{"node_id":"8974587575","node_origin":"osm_node","degree":2,"is_intersection":false,"source":"OpenStreetMap"},"geometry":{"type":"Point","coordinates":[108.9170255,34.328519]}},{"type":"Feature","properties":{"node_id":"8974587576","node_origin":"osm_node","degree":2,"is_intersection":false,"source":"OpenStreetMap"},"geometry":{"type":"Point","coordinates":[108.9166167,34.3234291]}},{"type":"Feature","properties":{"node_id":"8974587578","node_origin":"osm_node","degree":2,"is_intersection":false,"source":"OpenStreetMap"},"geometry":{"type":"Point","coordinates":[108.9177132,34.3200477]}},{"type":"Feature","properties":{"node_id":"8974587580","node_origin":"osm_node","degree":2,"is_intersection":false,"source":"OpenStreetMap"},"geometry":{"type":"Point","coordinates":[108.917334,34.319135]}},{"type":"Feature","properties":{"node_id":"8974682923","node_origin":"osm_node","degree":2,"is_intersection":false,"source":"OpenStreetMap"},"geometry":{"type":"Point","coordinates":[108.9191161,34.3384497]}},{"type":"Feature","properties":{"node_id":"8974682924","node_origin":"osm_node","degree":2,"is_intersection":false,"source":"OpenStreetMap"},"geometry":{"type":"Point","coordinates":[108.9191249,34.3360236]}},{"type":"Feature","properties":{"node_id":"8974682925","node_origin":"osm_node","degree":2,"is_intersection":false,"source":"OpenStreetMap"},"geometry":{"type":"Point","coordinates":[108.9191228,34.3359366]}},{"type":"Feature","properties":{"node_id":"8974682926","node_origin":"osm_node","degree":2,"is_intersection":false,"source":"OpenStreetMap"},"geometry":{"type":"Point","coordinates":[108.9191214,34.3326691]}},{"type":"Feature","properties":{"node_id":"8974682927","node_origin":"osm_node","degree":2,"is_intersection":false,"source":"OpenStreetMap"},"geometry":{"type":"Point","coordinates":[108.9191223,34.3327282]}},{"type":"Feature","properties":{"node_id":"8974682930","node_origin":"osm_node","degree":2,"is_intersection":false,"source":"OpenStreetMap"},"geometry":{"type":"Point","coordinates":[108.9223219,34.3314142]}},{"type":"Feature","properties":{"node_id":"8974682932","node_origin":"osm_node","degree":2,"is_intersection":false,"source":"OpenStreetMap"},"geometry":{"type":"Point","coordinates":[108.9191071,34.3293716]}},{"type":"Feature","properties":{"node_id":"8974682933","node_origin":"osm_node","degree":2,"is_intersection":false,"source":"OpenStreetMap"},"geometry":{"type":"Point","coordinates":[108.9191165,34.3278334]}},{"type":"Feature","properties":{"node_id":"8974682934","node_origin":"osm_node","degree":2,"is_intersection":false,"source":"OpenStreetMap"},"geometry":{"type":"Point","coordinates":[108.9191106,34.3257135]}},{"type":"Feature","properties":{"node_id":"8974682935","node_origin":"osm_node","degree":2,"is_intersection":false,"source":"OpenStreetMap"},"geometry":{"type":"Point","coordinates":[108.9191108,34.3257637]}},{"type":"Feature","properties":{"node_id":"8974682940","node_origin":"osm_node","degree":2,"is_intersection":false,"source":"OpenStreetMap"},"geometry":{"type":"Point","coordinates":[108.9320511,34.3390177]}},{"type":"Feature","properties":{"node_id":"8974682941","node_origin":"osm_node","degree":2,"is_intersection":false,"source":"OpenStreetMap"},"geometry":{"type":"Point","coordinates":[108.9319376,34.3388973]}},{"type":"Feature","properties":{"node_id":"8974682942","node_origin":"osm_node","degree":2,"is_intersection":false,"source":"OpenStreetMap"},"geometry":{"type":"Point","coordinates":[108.9329369,34.3378441]}},{"type":"Feature","properties":{"node_id":"8974682943","node_origin":"osm_node","degree":2,"is_intersection":false,"source":"OpenStreetMap"},"geometry":{"type":"Point","coordinates":[108.9332044,34.3364226]}},{"type":"Feature","properties":{"node_id":"8974682946","node_origin":"osm_node","degree":2,"is_intersection":false,"source":"OpenStreetMap"},"geometry":{"type":"Point","coordinates":[108.9329546,34.333989]}},{"type":"Feature","properties":{"node_id":"8974682947","node_origin":"osm_node","degree":2,"is_intersection":false,"source":"OpenStreetMap"},"geometry":{"type":"Point","coordinates":[108.9331942,34.3326456]}},{"type":"Feature","properties":{"node_id":"8974682948","node_origin":"osm_node","degree":2,"is_intersection":false,"source":"OpenStreetMap"},"geometry":{"type":"Point","coordinates":[108.9339063,34.3313439]}},{"type":"Feature","properties":{"node_id":"8974682949","node_origin":"osm_node","degree":2,"is_intersection":false,"source":"OpenStreetMap"},"geometry":{"type":"Point","coordinates":[108.9381329,34.3314098]}},{"type":"Feature","properties":{"node_id":"8974682950","node_origin":"osm_node","degree":2,"is_intersection":false,"source":"OpenStreetMap"},"geometry":{"type":"Point","coordinates":[108.9390043,34.3313437]}},{"type":"Feature","properties":{"node_id":"8974682951","node_origin":"osm_node","degree":2,"is_intersection":false,"source":"OpenStreetMap"},"geometry":{"type":"Point","coordinates":[108.932936,34.3303011]}},{"type":"Feature","properties":{"node_id":"8974682952","node_origin":"osm_node","degree":2,"is_intersection":false,"source":"OpenStreetMap"},"geometry":{"type":"Point","coordinates":[108.9332014,34.3293958]}},{"type":"Feature","properties":{"node_id":"8974682953","node_origin":"osm_node","degree":2,"is_intersection":false,"source":"OpenStreetMap"},"geometry":{"type":"Point","coordinates":[108.9343185,34.3282247]}},{"type":"Feature","properties":{"node_id":"8974682954","node_origin":"osm_node","degree":2,"is_intersection":false,"source":"OpenStreetMap"},"geometry":{"type":"Point","coordinates":[108.9352162,34.3282738]}},{"type":"Feature","properties":{"node_id":"8974682955","node_origin":"osm_node","degree":2,"is_intersection":false,"source":"OpenStreetMap"},"geometry":{"type":"Point","coordinates":[108.9251514,34.3398391]}},{"type":"Feature","properties":{"node_id":"8974682956","node_origin":"osm_node","degree":2,"is_intersection":false,"source":"OpenStreetMap"},"geometry":{"type":"Point","coordinates":[108.9263735,34.3389494]}},{"type":"Feature","properties":{"node_id":"8974682957","node_origin":"osm_node","degree":2,"is_intersection":false,"source":"OpenStreetMap"},"geometry":{"type":"Point","coordinates":[108.9265275,34.3389499]}},{"type":"Feature","properties":{"node_id":"8974682958","node_origin":"osm_node","degree":2,"is_intersection":false,"source":"OpenStreetMap"},"geometry":{"type":"Point","coordinates":[108.9201538,34.3389502]}},{"type":"Feature","properties":{"node_id":"8974682959","node_origin":"osm_node","degree":2,"is_intersection":false,"source":"OpenStreetMap"},"geometry":{"type":"Point","coordinates":[108.9203288,34.3389499]}},{"type":"Feature","properties":{"node_id":"8974682960","node_origin":"osm_node","degree":2,"is_intersection":false,"source":"OpenStreetMap"},"geometry":{"type":"Point","coordinates":[108.9251465,34.3359646]}},{"type":"Feature","properties":{"node_id":"8974682961","node_origin":"osm_node","degree":2,"is_intersection":false,"source":"OpenStreetMap"},"geometry":{"type":"Point","coordinates":[108.9250288,34.3339857]}},{"type":"Feature","properties":{"node_id":"8974682962","node_origin":"osm_node","degree":2,"is_intersection":false,"source":"OpenStreetMap"},"geometry":{"type":"Point","coordinates":[108.9251443,34.3323094]}},{"type":"Feature","properties":{"node_id":"8974705288","node_origin":"osm_node","degree":2,"is_intersection":false,"source":"OpenStreetMap"},"geometry":{"type":"Point","coordinates":[108.9242253,34.3314104]}},{"type":"Feature","properties":{"node_id":"8974705289","node_origin":"osm_node","degree":2,"is_intersection":false,"source":"OpenStreetMap"},"geometry":{"type":"Point","coordinates":[108.9266037,34.331332]}},{"type":"Feature","properties":{"node_id":"8974705290","node_origin":"osm_node","degree":2,"is_intersection":false,"source":"OpenStreetMap"},"geometry":{"type":"Point","coordinates":[108.9250363,34.3302281]}},{"type":"Feature","properties":{"node_id":"8974705291","node_origin":"osm_node","degree":2,"is_intersection":false,"source":"OpenStreetMap"},"geometry":{"type":"Point","coordinates":[108.9251527,34.3297398]}},{"type":"Feature","properties":{"node_id":"8974705292","node_origin":"osm_node","degree":2,"is_intersection":false,"source":"OpenStreetMap"},"geometry":{"type":"Point","coordinates":[108.9250538,34.3278288]}},{"type":"Feature","properties":{"node_id":"8974705293","node_origin":"osm_node","degree":2,"is_intersection":false,"source":"OpenStreetMap"},"geometry":{"type":"Point","coordinates":[108.9243769,34.3287312]}},{"type":"Feature","properties":{"node_id":"8974705294","node_origin":"osm_node","degree":2,"is_intersection":false,"source":"OpenStreetMap"},"geometry":{"type":"Point","coordinates":[108.9256216,34.3286098]}},{"type":"Feature","properties":{"node_id":"8974705295","node_origin":"osm_node","degree":2,"is_intersection":false,"source":"OpenStreetMap"},"geometry":{"type":"Point","coordinates":[108.9263043,34.3286502]}},{"type":"Feature","properties":{"node_id":"8974705296","node_origin":"osm_node","degree":2,"is_intersection":false,"source":"OpenStreetMap"},"geometry":{"type":"Point","coordinates":[108.9332031,34.3261339]}},{"type":"Feature","properties":{"node_id":"8974705297","node_origin":"osm_node","degree":2,"is_intersection":false,"source":"OpenStreetMap"},"geometry":{"type":"Point","coordinates":[108.9329464,34.3271171]}},{"type":"Feature","properties":{"node_id":"8974705298","node_origin":"osm_node","degree":2,"is_intersection":false,"source":"OpenStreetMap"},"geometry":{"type":"Point","coordinates":[108.9332006,34.324863]}},{"type":"Feature","properties":{"node_id":"8974705299","node_origin":"osm_node","degree":2,"is_intersection":false,"source":"OpenStreetMap"},"geometry":{"type":"Point","coordinates":[108.9323836,34.3240001]}},{"type":"Feature","properties":{"node_id":"8974705300","node_origin":"osm_node","degree":2,"is_intersection":false,"source":"OpenStreetMap"},"geometry":{"type":"Point","coordinates":[108.9244673,34.3242863]}},{"type":"Feature","properties":{"node_id":"8974705301","node_origin":"osm_node","degree":2,"is_intersection":false,"source":"OpenStreetMap"},"geometry":{"type":"Point","coordinates":[108.9251767,34.3249791]}},{"type":"Feature","properties":{"node_id":"8974705302","node_origin":"osm_node","degree":2,"is_intersection":false,"source":"OpenStreetMap"},"geometry":{"type":"Point","coordinates":[108.9258752,34.3242336]}},{"type":"Feature","properties":{"node_id":"8974705303","node_origin":"osm_node","degree":2,"is_intersection":false,"source":"OpenStreetMap"},"geometry":{"type":"Point","coordinates":[108.9297388,34.3217684]}},{"type":"Feature","properties":{"node_id":"8974705306","node_origin":"osm_node","degree":2,"is_intersection":false,"source":"OpenStreetMap"},"geometry":{"type":"Point","coordinates":[108.9262102,34.3193701]}},{"type":"Feature","properties":{"node_id":"8974705307","node_origin":"osm_node","degree":2,"is_intersection":false,"source":"OpenStreetMap"},"geometry":{"type":"Point","coordinates":[108.9273111,34.3193655]}},{"type":"Feature","properties":{"node_id":"8974705308","node_origin":"osm_node","degree":2,"is_intersection":false,"source":"OpenStreetMap"},"geometry":{"type":"Point","coordinates":[108.9276854,34.3193839]}},{"type":"Feature","properties":{"node_id":"8974705310","node_origin":"osm_node","degree":2,"is_intersection":false,"source":"OpenStreetMap"},"geometry":{"type":"Point","coordinates":[108.9261171,34.3194477]}},{"type":"Feature","properties":{"node_id":"8974705312","node_origin":"osm_node","degree":2,"is_intersection":false,"source":"OpenStreetMap"},"geometry":{"type":"Point","coordinates":[108.9280796,34.3194449]}},{"type":"Feature","properties":{"node_id":"8974705315","node_origin":"osm_node","degree":2,"is_intersection":false,"source":"OpenStreetMap"},"geometry":{"type":"Point","coordinates":[108.9250286,34.3233892]}},{"type":"Feature","properties":{"node_id":"8974813669","node_origin":"osm_node","degree":2,"is_intersection":false,"source":"OpenStreetMap"},"geometry":{"type":"Point","coordinates":[108.93962,34.3194644]}},{"type":"Feature","properties":{"node_id":"8974813670","node_origin":"osm_node","degree":3,"is_intersection":true,"source":"OpenStreetMap"},"geometry":{"type":"Point","coordinates":[108.9440142,34.319482]}},{"type":"Feature","properties":{"node_id":"8974813671","node_origin":"osm_node","degree":2,"is_intersection":false,"source":"OpenStreetMap"},"geometry":{"type":"Point","coordinates":[108.939626,34.3193749]}},{"type":"Feature","properties":{"node_id":"8974813672","node_origin":"osm_node","degree":2,"is_intersection":false,"source":"OpenStreetMap"},"geometry":{"type":"Point","coordinates":[108.9407931,34.3193869]}},{"type":"Feature","properties":{"node_id":"8974915885","node_origin":"osm_node","degree":2,"is_intersection":false,"source":"OpenStreetMap"},"geometry":{"type":"Point","coordinates":[108.9299075,34.3349619]}},{"type":"Feature","properties":{"node_id":"8974915886","node_origin":"osm_node","degree":2,"is_intersection":false,"source":"OpenStreetMap"},"geometry":{"type":"Point","coordinates":[108.9300133,34.3349625]}},{"type":"Feature","properties":{"node_id":"8975921253","node_origin":"osm_node","degree":2,"is_intersection":false,"source":"OpenStreetMap"},"geometry":{"type":"Point","coordinates":[108.9323174,34.3240022]}},{"type":"Feature","properties":{"node_id":"8976819306","node_origin":"osm_node","degree":2,"is_intersection":false,"source":"OpenStreetMap"},"geometry":{"type":"Point","coordinates":[108.9490722,34.3272283]}},{"type":"Feature","properties":{"node_id":"8976819307","node_origin":"osm_node","degree":2,"is_intersection":false,"source":"OpenStreetMap"},"geometry":{"type":"Point","coordinates":[108.9482306,34.3280444]}},{"type":"Feature","properties":{"node_id":"8976819309","node_origin":"osm_node","degree":2,"is_intersection":false,"source":"OpenStreetMap"},"geometry":{"type":"Point","coordinates":[108.9502659,34.3279833]}},{"type":"Feature","properties":{"node_id":"8976819310","node_origin":"osm_node","degree":2,"is_intersection":false,"source":"OpenStreetMap"},"geometry":{"type":"Point","coordinates":[108.9490647,34.3240389]}},{"type":"Feature","properties":{"node_id":"8976819311","node_origin":"osm_node","degree":2,"is_intersection":false,"source":"OpenStreetMap"},"geometry":{"type":"Point","coordinates":[108.9490658,34.3243402]}},{"type":"Feature","properties":{"node_id":"8976819312","node_origin":"osm_node","degree":2,"is_intersection":false,"source":"OpenStreetMap"},"geometry":{"type":"Point","coordinates":[108.9534681,34.3194464]}},{"type":"Feature","properties":{"node_id":"8976819313","node_origin":"osm_node","degree":2,"is_intersection":false,"source":"OpenStreetMap"},"geometry":{"type":"Point","coordinates":[108.9552664,34.3194672]}},{"type":"Feature","properties":{"node_id":"8976819314","node_origin":"osm_node","degree":2,"is_intersection":false,"source":"OpenStreetMap"},"geometry":{"type":"Point","coordinates":[108.9574771,34.3193016]}},{"type":"Feature","properties":{"node_id":"8976819315","node_origin":"osm_node","degree":2,"is_intersection":false,"source":"OpenStreetMap"},"geometry":{"type":"Point","coordinates":[108.9570462,34.3193896]}},{"type":"Feature","properties":{"node_id":"8976819316","node_origin":"osm_node","degree":2,"is_intersection":false,"source":"OpenStreetMap"},"geometry":{"type":"Point","coordinates":[108.9536932,34.3193826]}},{"type":"Feature","properties":{"node_id":"8976820018","node_origin":"osm_node","degree":3,"is_intersection":true,"source":"OpenStreetMap"},"geometry":{"type":"Point","coordinates":[108.9525277,34.3193684]}},{"type":"Feature","properties":{"node_id":"8976820019","node_origin":"osm_node","degree":3,"is_intersection":true,"source":"OpenStreetMap"},"geometry":{"type":"Point","coordinates":[108.9524877,34.3202385]}},{"type":"Feature","properties":{"node_id":"8976820021","node_origin":"osm_node","degree":4,"is_intersection":true,"source":"OpenStreetMap"},"geometry":{"type":"Point","coordinates":[108.9525236,34.3194514]}},{"type":"Feature","properties":{"node_id":"8976820022","node_origin":"osm_node","degree":2,"is_intersection":false,"source":"OpenStreetMap"},"geometry":{"type":"Point","coordinates":[108.9490627,34.3228223]}},{"type":"Feature","properties":{"node_id":"8976905703","node_origin":"osm_node","degree":2,"is_intersection":false,"source":"OpenStreetMap"},"geometry":{"type":"Point","coordinates":[108.9555431,34.3227137]}},{"type":"Feature","properties":{"node_id":"8976905704","node_origin":"osm_node","degree":2,"is_intersection":false,"source":"OpenStreetMap"},"geometry":{"type":"Point","coordinates":[108.954795,34.3235977]}},{"type":"Feature","properties":{"node_id":"8976905705","node_origin":"osm_node","degree":2,"is_intersection":false,"source":"OpenStreetMap"},"geometry":{"type":"Point","coordinates":[108.9546932,34.3235989]}},{"type":"Feature","properties":{"node_id":"8976905706","node_origin":"osm_node","degree":2,"is_intersection":false,"source":"OpenStreetMap"},"geometry":{"type":"Point","coordinates":[108.9556611,34.3243932]}},{"type":"Feature","properties":{"node_id":"8976936238","node_origin":"osm_node","degree":2,"is_intersection":false,"source":"OpenStreetMap"},"geometry":{"type":"Point","coordinates":[108.9510993,34.3235983]}},{"type":"Feature","properties":{"node_id":"8977510836","node_origin":"osm_node","degree":2,"is_intersection":false,"source":"OpenStreetMap"},"geometry":{"type":"Point","coordinates":[108.9388353,34.365456]}},{"type":"Feature","properties":{"node_id":"8977510837","node_origin":"osm_node","degree":2,"is_intersection":false,"source":"OpenStreetMap"},"geometry":{"type":"Point","coordinates":[108.9389836,34.3654736]}},{"type":"Feature","properties":{"node_id":"8977510839","node_origin":"osm_node","degree":2,"is_intersection":false,"source":"OpenStreetMap"},"geometry":{"type":"Point","coordinates":[108.9388497,34.3652051]}},{"type":"Feature","properties":{"node_id":"8977510840","node_origin":"osm_node","degree":2,"is_intersection":false,"source":"OpenStreetMap"},"geometry":{"type":"Point","coordinates":[108.9389835,34.3651947]}},{"type":"Feature","properties":{"node_id":"8977510878","node_origin":"osm_node","degree":2,"is_intersection":false,"source":"OpenStreetMap"},"geometry":{"type":"Point","coordinates":[108.9340023,34.3600832]}},{"type":"Feature","properties":{"node_id":"8977510879","node_origin":"osm_node","degree":2,"is_intersection":false,"source":"OpenStreetMap"},"geometry":{"type":"Point","coordinates":[108.9342395,34.3600609]}},{"type":"Feature","properties":{"node_id":"8977510880","node_origin":"osm_node","degree":2,"is_intersection":false,"source":"OpenStreetMap"},"geometry":{"type":"Point","coordinates":[108.9338121,34.3598936]}},{"type":"Feature","properties":{"node_id":"8977510881","node_origin":"osm_node","degree":2,"is_intersection":false,"source":"OpenStreetMap"},"geometry":{"type":"Point","coordinates":[108.9338013,34.3598138]}},{"type":"Feature","properties":{"node_id":"8977510882","node_origin":"osm_node","degree":2,"is_intersection":false,"source":"OpenStreetMap"},"geometry":{"type":"Point","coordinates":[108.9345172,34.3599166]}},{"type":"Feature","properties":{"node_id":"8977510883","node_origin":"osm_node","degree":2,"is_intersection":false,"source":"OpenStreetMap"},"geometry":{"type":"Point","coordinates":[108.9345198,34.3598456]}},{"type":"Feature","properties":{"node_id":"8977510884","node_origin":"osm_node","degree":2,"is_intersection":false,"source":"OpenStreetMap"},"geometry":{"type":"Point","coordinates":[108.9339807,34.359651]}},{"type":"Feature","properties":{"node_id":"8977510885","node_origin":"osm_node","degree":2,"is_intersection":false,"source":"OpenStreetMap"},"geometry":{"type":"Point","coordinates":[108.9342081,34.359627]}},{"type":"Feature","properties":{"node_id":"8977510886","node_origin":"osm_node","degree":2,"is_intersection":false,"source":"OpenStreetMap"},"geometry":{"type":"Point","coordinates":[108.9312317,34.3598876]}},{"type":"Feature","properties":{"node_id":"8977510887","node_origin":"osm_node","degree":2,"is_intersection":false,"source":"OpenStreetMap"},"geometry":{"type":"Point","coordinates":[108.9312986,34.3598166]}},{"type":"Feature","properties":{"node_id":"8977510888","node_origin":"osm_node","degree":2,"is_intersection":false,"source":"OpenStreetMap"},"geometry":{"type":"Point","coordinates":[108.9313027,34.3597499]}},{"type":"Feature","properties":{"node_id":"8977510889","node_origin":"osm_node","degree":2,"is_intersection":false,"source":"OpenStreetMap"},"geometry":{"type":"Point","coordinates":[108.931066,34.3598091]}},{"type":"Feature","properties":{"node_id":"8977510890","node_origin":"osm_node","degree":2,"is_intersection":false,"source":"OpenStreetMap"},"geometry":{"type":"Point","coordinates":[108.9310615,34.359742]}},{"type":"Feature","properties":{"node_id":"8977510891","node_origin":"osm_node","degree":2,"is_intersection":false,"source":"OpenStreetMap"},"geometry":{"type":"Point","coordinates":[108.9389701,34.3629538]}},{"type":"Feature","properties":{"node_id":"8977510892","node_origin":"osm_node","degree":2,"is_intersection":false,"source":"OpenStreetMap"},"geometry":{"type":"Point","coordinates":[108.9390497,34.3629493]}},{"type":"Feature","properties":{"node_id":"8977510893","node_origin":"osm_node","degree":2,"is_intersection":false,"source":"OpenStreetMap"},"geometry":{"type":"Point","coordinates":[108.9391657,34.3628294]}},{"type":"Feature","properties":{"node_id":"8977510894","node_origin":"osm_node","degree":2,"is_intersection":false,"source":"OpenStreetMap"},"geometry":{"type":"Point","coordinates":[108.9389946,34.3626088]}},{"type":"Feature","properties":{"node_id":"8977510895","node_origin":"osm_node","degree":2,"is_intersection":false,"source":"OpenStreetMap"},"geometry":{"type":"Point","coordinates":[108.9390645,34.3626014]}},{"type":"Feature","properties":{"node_id":"8977510896","node_origin":"osm_node","degree":2,"is_intersection":false,"source":"OpenStreetMap"},"geometry":{"type":"Point","coordinates":[108.9423931,34.3624754]}},{"type":"Feature","properties":{"node_id":"8977510897","node_origin":"osm_node","degree":2,"is_intersection":false,"source":"OpenStreetMap"},"geometry":{"type":"Point","coordinates":[108.9422117,34.3623929]}},{"type":"Feature","properties":{"node_id":"8977510898","node_origin":"osm_node","degree":2,"is_intersection":false,"source":"OpenStreetMap"},"geometry":{"type":"Point","coordinates":[108.9391086,34.3601793]}},{"type":"Feature","properties":{"node_id":"8977510899","node_origin":"osm_node","degree":2,"is_intersection":false,"source":"OpenStreetMap"},"geometry":{"type":"Point","coordinates":[108.9391769,34.3601739]}},{"type":"Feature","properties":{"node_id":"8977510900","node_origin":"osm_node","degree":2,"is_intersection":false,"source":"OpenStreetMap"},"geometry":{"type":"Point","coordinates":[108.9389336,34.3600624]}},{"type":"Feature","properties":{"node_id":"8977510901","node_origin":"osm_node","degree":2,"is_intersection":false,"source":"OpenStreetMap"},"geometry":{"type":"Point","coordinates":[108.9389354,34.3599894]}},{"type":"Feature","properties":{"node_id":"8977510902","node_origin":"osm_node","degree":2,"is_intersection":false,"source":"OpenStreetMap"},"geometry":{"type":"Point","coordinates":[108.9392809,34.3600714]}},{"type":"Feature","properties":{"node_id":"8977510903","node_origin":"osm_node","degree":2,"is_intersection":false,"source":"OpenStreetMap"},"geometry":{"type":"Point","coordinates":[108.9392741,34.359995]}},{"type":"Feature","properties":{"node_id":"8977510904","node_origin":"osm_node","degree":2,"is_intersection":false,"source":"OpenStreetMap"},"geometry":{"type":"Point","coordinates":[108.9391228,34.3599141]}},{"type":"Feature","properties":{"node_id":"8977510905","node_origin":"osm_node","degree":2,"is_intersection":false,"source":"OpenStreetMap"},"geometry":{"type":"Point","coordinates":[108.9391888,34.3599123]}},{"type":"Feature","properties":{"node_id":"8978632831","node_origin":"osm_node","degree":2,"is_intersection":false,"source":"OpenStreetMap"},"geometry":{"type":"Point","coordinates":[108.9418437,34.3441129]}},{"type":"Feature","properties":{"node_id":"8978632832","node_origin":"osm_node","degree":2,"is_intersection":false,"source":"OpenStreetMap"},"geometry":{"type":"Point","coordinates":[108.9433218,34.3440963]}},{"type":"Feature","properties":{"node_id":"8978632833","node_origin":"osm_node","degree":2,"is_intersection":false,"source":"OpenStreetMap"},"geometry":{"type":"Point","coordinates":[108.9433237,34.3451713]}},{"type":"Feature","properties":{"node_id":"8978632834","node_origin":"osm_node","degree":2,"is_intersection":false,"source":"OpenStreetMap"},"geometry":{"type":"Point","coordinates":[108.9418269,34.3470814]}},{"type":"Feature","properties":{"node_id":"8978632835","node_origin":"osm_node","degree":2,"is_intersection":false,"source":"OpenStreetMap"},"geometry":{"type":"Point","coordinates":[108.9433099,34.3470993]}},{"type":"Feature","properties":{"node_id":"8978632836","node_origin":"osm_node","degree":2,"is_intersection":false,"source":"OpenStreetMap"},"geometry":{"type":"Point","coordinates":[108.942457,34.3498788]}},{"type":"Feature","properties":{"node_id":"8978632837","node_origin":"osm_node","degree":2,"is_intersection":false,"source":"OpenStreetMap"},"geometry":{"type":"Point","coordinates":[108.9427865,34.3498788]}},{"type":"Feature","properties":{"node_id":"8987028809","node_origin":"osm_node","degree":2,"is_intersection":false,"source":"OpenStreetMap"},"geometry":{"type":"Point","coordinates":[108.9451593,34.3596552]}},{"type":"Feature","properties":{"node_id":"8987028810","node_origin":"osm_node","degree":2,"is_intersection":false,"source":"OpenStreetMap"},"geometry":{"type":"Point","coordinates":[108.9451187,34.3595824]}},{"type":"Feature","properties":{"node_id":"8987028811","node_origin":"osm_node","degree":2,"is_intersection":false,"source":"OpenStreetMap"},"geometry":{"type":"Point","coordinates":[108.9489086,34.3583712]}},{"type":"Feature","properties":{"node_id":"8987028812","node_origin":"osm_node","degree":2,"is_intersection":false,"source":"OpenStreetMap"},"geometry":{"type":"Point","coordinates":[108.9488485,34.358294]}},{"type":"Feature","properties":{"node_id":"8987028813","node_origin":"osm_node","degree":2,"is_intersection":false,"source":"OpenStreetMap"},"geometry":{"type":"Point","coordinates":[108.9491063,34.3579835]}},{"type":"Feature","properties":{"node_id":"8987028814","node_origin":"osm_node","degree":2,"is_intersection":false,"source":"OpenStreetMap"},"geometry":{"type":"Point","coordinates":[108.9495335,34.3580629]}},{"type":"Feature","properties":{"node_id":"8987028815","node_origin":"osm_node","degree":2,"is_intersection":false,"source":"OpenStreetMap"},"geometry":{"type":"Point","coordinates":[108.9494799,34.3579868]}},{"type":"Feature","properties":{"node_id":"8987028816","node_origin":"osm_node","degree":2,"is_intersection":false,"source":"OpenStreetMap"},"geometry":{"type":"Point","coordinates":[108.951226,34.3573628]}},{"type":"Feature","properties":{"node_id":"8987035117","node_origin":"osm_node","degree":2,"is_intersection":false,"source":"OpenStreetMap"},"geometry":{"type":"Point","coordinates":[108.9514007,34.357275]}},{"type":"Feature","properties":{"node_id":"8987035118","node_origin":"osm_node","degree":2,"is_intersection":false,"source":"OpenStreetMap"},"geometry":{"type":"Point","coordinates":[108.9512861,34.3571776]}},{"type":"Feature","properties":{"node_id":"8987035119","node_origin":"osm_node","degree":2,"is_intersection":false,"source":"OpenStreetMap"},"geometry":{"type":"Point","coordinates":[108.9512948,34.3570857]}},{"type":"Feature","properties":{"node_id":"8987035120","node_origin":"osm_node","degree":2,"is_intersection":false,"source":"OpenStreetMap"},"geometry":{"type":"Point","coordinates":[108.9517493,34.3569507]}},{"type":"Feature","properties":{"node_id":"8987035121","node_origin":"osm_node","degree":2,"is_intersection":false,"source":"OpenStreetMap"},"geometry":{"type":"Point","coordinates":[108.9517335,34.356873]}},{"type":"Feature","properties":{"node_id":"8987035122","node_origin":"osm_node","degree":2,"is_intersection":false,"source":"OpenStreetMap"},"geometry":{"type":"Point","coordinates":[108.9515105,34.3566442]}},{"type":"Feature","properties":{"node_id":"8987035123","node_origin":"osm_node","degree":2,"is_intersection":false,"source":"OpenStreetMap"},"geometry":{"type":"Point","coordinates":[108.9515535,34.3552981]}},{"type":"Feature","properties":{"node_id":"8987035124","node_origin":"osm_node","degree":2,"is_intersection":false,"source":"OpenStreetMap"},"geometry":{"type":"Point","coordinates":[108.951572,34.3548007]}},{"type":"Feature","properties":{"node_id":"8987072664","node_origin":"osm_node","degree":2,"is_intersection":false,"source":"OpenStreetMap"},"geometry":{"type":"Point","coordinates":[108.9466767,34.3546221]}},{"type":"Feature","properties":{"node_id":"8987072665","node_origin":"osm_node","degree":2,"is_intersection":false,"source":"OpenStreetMap"},"geometry":{"type":"Point","coordinates":[108.9429509,34.3542733]}},{"type":"Feature","properties":{"node_id":"8987072666","node_origin":"osm_node","degree":2,"is_intersection":false,"source":"OpenStreetMap"},"geometry":{"type":"Point","coordinates":[108.9431709,34.3542652]}},{"type":"Feature","properties":{"node_id":"8987072667","node_origin":"osm_node","degree":2,"is_intersection":false,"source":"OpenStreetMap"},"geometry":{"type":"Point","coordinates":[108.9433426,34.3541356]}},{"type":"Feature","properties":{"node_id":"8987072668","node_origin":"osm_node","degree":2,"is_intersection":false,"source":"OpenStreetMap"},"geometry":{"type":"Point","coordinates":[108.9425722,34.3540776]}},{"type":"Feature","properties":{"node_id":"8987072669","node_origin":"osm_node","degree":2,"is_intersection":false,"source":"OpenStreetMap"},"geometry":{"type":"Point","coordinates":[108.9425666,34.3540191]}},{"type":"Feature","properties":{"node_id":"8987072670","node_origin":"osm_node","degree":2,"is_intersection":false,"source":"OpenStreetMap"},"geometry":{"type":"Point","coordinates":[108.9425706,34.3539445]}},{"type":"Feature","properties":{"node_id":"8987072671","node_origin":"osm_node","degree":2,"is_intersection":false,"source":"OpenStreetMap"},"geometry":{"type":"Point","coordinates":[108.9433486,34.3540438]}},{"type":"Feature","properties":{"node_id":"8987072672","node_origin":"osm_node","degree":2,"is_intersection":false,"source":"OpenStreetMap"},"geometry":{"type":"Point","coordinates":[108.9433482,34.353961]}},{"type":"Feature","properties":{"node_id":"8987072673","node_origin":"osm_node","degree":2,"is_intersection":false,"source":"OpenStreetMap"},"geometry":{"type":"Point","coordinates":[108.9428672,34.3537654]}},{"type":"Feature","properties":{"node_id":"8987072674","node_origin":"osm_node","degree":2,"is_intersection":false,"source":"OpenStreetMap"},"geometry":{"type":"Point","coordinates":[108.9430833,34.3537488]}},{"type":"Feature","properties":{"node_id":"8987072677","node_origin":"osm_node","degree":2,"is_intersection":false,"source":"OpenStreetMap"},"geometry":{"type":"Point","coordinates":[108.9374566,34.353932]}},{"type":"Feature","properties":{"node_id":"8987072678","node_origin":"osm_node","degree":2,"is_intersection":false,"source":"OpenStreetMap"},"geometry":{"type":"Point","coordinates":[108.9397037,34.3540992]}},{"type":"Feature","properties":{"node_id":"8987072679","node_origin":"osm_node","degree":2,"is_intersection":false,"source":"OpenStreetMap"},"geometry":{"type":"Point","coordinates":[108.9398119,34.3541152]}},{"type":"Feature","properties":{"node_id":"8987072680","node_origin":"osm_node","degree":2,"is_intersection":false,"source":"OpenStreetMap"},"geometry":{"type":"Point","coordinates":[108.9395365,34.3539793]}},{"type":"Feature","properties":{"node_id":"8987072681","node_origin":"osm_node","degree":2,"is_intersection":false,"source":"OpenStreetMap"},"geometry":{"type":"Point","coordinates":[108.9395354,34.3539208]}},{"type":"Feature","properties":{"node_id":"8987072682","node_origin":"osm_node","degree":2,"is_intersection":false,"source":"OpenStreetMap"},"geometry":{"type":"Point","coordinates":[108.9395311,34.353841]}},{"type":"Feature","properties":{"node_id":"8987072683","node_origin":"osm_node","degree":2,"is_intersection":false,"source":"OpenStreetMap"},"geometry":{"type":"Point","coordinates":[108.93705,34.3539247]}},{"type":"Feature","properties":{"node_id":"8987072684","node_origin":"osm_node","degree":2,"is_intersection":false,"source":"OpenStreetMap"},"geometry":{"type":"Point","coordinates":[108.9374481,34.3538645]}},{"type":"Feature","properties":{"node_id":"8987072685","node_origin":"osm_node","degree":2,"is_intersection":false,"source":"OpenStreetMap"},"geometry":{"type":"Point","coordinates":[108.9374573,34.3537945]}},{"type":"Feature","properties":{"node_id":"8987072686","node_origin":"osm_node","degree":2,"is_intersection":false,"source":"OpenStreetMap"},"geometry":{"type":"Point","coordinates":[108.9370524,34.3538546]}},{"type":"Feature","properties":{"node_id":"8987072687","node_origin":"osm_node","degree":2,"is_intersection":false,"source":"OpenStreetMap"},"geometry":{"type":"Point","coordinates":[108.9370565,34.3537788]}},{"type":"Feature","properties":{"node_id":"8987072688","node_origin":"osm_node","degree":2,"is_intersection":false,"source":"OpenStreetMap"},"geometry":{"type":"Point","coordinates":[108.9145189,34.3527947]}},{"type":"Feature","properties":{"node_id":"8987072689","node_origin":"osm_node","degree":2,"is_intersection":false,"source":"OpenStreetMap"},"geometry":{"type":"Point","coordinates":[108.9147603,34.3527916]}},{"type":"Feature","properties":{"node_id":"8987072690","node_origin":"osm_node","degree":2,"is_intersection":false,"source":"OpenStreetMap"},"geometry":{"type":"Point","coordinates":[108.9146229,34.349144]}},{"type":"Feature","properties":{"node_id":"8987072691","node_origin":"osm_node","degree":2,"is_intersection":false,"source":"OpenStreetMap"},"geometry":{"type":"Point","coordinates":[108.9148365,34.3491516]}},{"type":"Feature","properties":{"node_id":"8987072692","node_origin":"osm_node","degree":2,"is_intersection":false,"source":"OpenStreetMap"},"geometry":{"type":"Point","coordinates":[108.9151137,34.3489324]}},{"type":"Feature","properties":{"node_id":"8987072693","node_origin":"osm_node","degree":2,"is_intersection":false,"source":"OpenStreetMap"},"geometry":{"type":"Point","coordinates":[108.9148725,34.3487239]}},{"type":"Feature","properties":{"node_id":"8987072694","node_origin":"osm_node","degree":2,"is_intersection":false,"source":"OpenStreetMap"},"geometry":{"type":"Point","coordinates":[108.9180857,34.3491739]}},{"type":"Feature","properties":{"node_id":"8987072695","node_origin":"osm_node","degree":2,"is_intersection":false,"source":"OpenStreetMap"},"geometry":{"type":"Point","coordinates":[108.9179358,34.3489421]}},{"type":"Feature","properties":{"node_id":"8987072696","node_origin":"osm_node","degree":2,"is_intersection":false,"source":"OpenStreetMap"},"geometry":{"type":"Point","coordinates":[108.9182645,34.3489459]}},{"type":"Feature","properties":{"node_id":"8987072697","node_origin":"osm_node","degree":2,"is_intersection":false,"source":"OpenStreetMap"},"geometry":{"type":"Point","coordinates":[108.9181097,34.3487434]}},{"type":"Feature","properties":{"node_id":"8987072698","node_origin":"osm_node","degree":2,"is_intersection":false,"source":"OpenStreetMap"},"geometry":{"type":"Point","coordinates":[108.920403,34.3489444]}},{"type":"Feature","properties":{"node_id":"8987072699","node_origin":"osm_node","degree":2,"is_intersection":false,"source":"OpenStreetMap"},"geometry":{"type":"Point","coordinates":[108.9218364,34.348948]}},{"type":"Feature","properties":{"node_id":"8987072700","node_origin":"osm_node","degree":2,"is_intersection":false,"source":"OpenStreetMap"},"geometry":{"type":"Point","coordinates":[108.9333403,34.3492545]}},{"type":"Feature","properties":{"node_id":"8987072701","node_origin":"osm_node","degree":2,"is_intersection":false,"source":"OpenStreetMap"},"geometry":{"type":"Point","coordinates":[108.9336062,34.3492426]}},{"type":"Feature","properties":{"node_id":"8987072702","node_origin":"osm_node","degree":2,"is_intersection":false,"source":"OpenStreetMap"},"geometry":{"type":"Point","coordinates":[108.9331546,34.3489301]}},{"type":"Feature","properties":{"node_id":"8987072703","node_origin":"osm_node","degree":2,"is_intersection":false,"source":"OpenStreetMap"},"geometry":{"type":"Point","coordinates":[108.9338042,34.3489207]}},{"type":"Feature","properties":{"node_id":"8987072704","node_origin":"osm_node","degree":2,"is_intersection":false,"source":"OpenStreetMap"},"geometry":{"type":"Point","coordinates":[108.9333171,34.3487322]}},{"type":"Feature","properties":{"node_id":"8987072705","node_origin":"osm_node","degree":2,"is_intersection":false,"source":"OpenStreetMap"},"geometry":{"type":"Point","coordinates":[108.9335796,34.3487344]}},{"type":"Feature","properties":{"node_id":"8987072706","node_origin":"osm_node","degree":2,"is_intersection":false,"source":"OpenStreetMap"},"geometry":{"type":"Point","coordinates":[108.9370526,34.3489508]}},{"type":"Feature","properties":{"node_id":"8987072707","node_origin":"osm_node","degree":2,"is_intersection":false,"source":"OpenStreetMap"},"geometry":{"type":"Point","coordinates":[108.9372585,34.3491871]}},{"type":"Feature","properties":{"node_id":"8987072708","node_origin":"osm_node","degree":2,"is_intersection":false,"source":"OpenStreetMap"},"geometry":{"type":"Point","coordinates":[108.9374533,34.3489532]}},{"type":"Feature","properties":{"node_id":"8987072709","node_origin":"osm_node","degree":2,"is_intersection":false,"source":"OpenStreetMap"},"geometry":{"type":"Point","coordinates":[108.9396117,34.3489513]}},{"type":"Feature","properties":{"node_id":"8987072710","node_origin":"osm_node","degree":2,"is_intersection":false,"source":"OpenStreetMap"},"geometry":{"type":"Point","coordinates":[108.9433205,34.3485747]}},{"type":"Feature","properties":{"node_id":"8987087791","node_origin":"osm_node","degree":2,"is_intersection":false,"source":"OpenStreetMap"},"geometry":{"type":"Point","coordinates":[108.9488466,34.3338201]}},{"type":"Feature","properties":{"node_id":"8987087792","node_origin":"osm_node","degree":2,"is_intersection":false,"source":"OpenStreetMap"},"geometry":{"type":"Point","coordinates":[108.9492382,34.3338275]}},{"type":"Feature","properties":{"node_id":"8987087793","node_origin":"osm_node","degree":2,"is_intersection":false,"source":"OpenStreetMap"},"geometry":{"type":"Point","coordinates":[108.9556243,34.3339118]}},{"type":"Feature","properties":{"node_id":"8987087794","node_origin":"osm_node","degree":2,"is_intersection":false,"source":"OpenStreetMap"},"geometry":{"type":"Point","coordinates":[108.9557627,34.3339135]}},{"type":"Feature","properties":{"node_id":"8987087795","node_origin":"osm_node","degree":2,"is_intersection":false,"source":"OpenStreetMap"},"geometry":{"type":"Point","coordinates":[108.9553414,34.3337736]}},{"type":"Feature","properties":{"node_id":"8987087796","node_origin":"osm_node","degree":2,"is_intersection":false,"source":"OpenStreetMap"},"geometry":{"type":"Point","coordinates":[108.9556169,34.3336155]}},{"type":"Feature","properties":{"node_id":"8987087797","node_origin":"osm_node","degree":2,"is_intersection":false,"source":"OpenStreetMap"},"geometry":{"type":"Point","coordinates":[108.9557557,34.333614]}},{"type":"Feature","properties":{"node_id":"8987087798","node_origin":"osm_node","degree":2,"is_intersection":false,"source":"OpenStreetMap"},"geometry":{"type":"Point","coordinates":[108.9373829,34.3349539]}},{"type":"Feature","properties":{"node_id":"8987087799","node_origin":"osm_node","degree":2,"is_intersection":false,"source":"OpenStreetMap"},"geometry":{"type":"Point","coordinates":[108.9375459,34.3348881]}},{"type":"Feature","properties":{"node_id":"8987087800","node_origin":"osm_node","degree":2,"is_intersection":false,"source":"OpenStreetMap"},"geometry":{"type":"Point","coordinates":[108.9377471,34.3349568]}},{"type":"Feature","properties":{"node_id":"8987087801","node_origin":"osm_node","degree":2,"is_intersection":false,"source":"OpenStreetMap"},"geometry":{"type":"Point","coordinates":[108.9375551,34.3330682]}},{"type":"Feature","properties":{"node_id":"8987087802","node_origin":"osm_node","degree":2,"is_intersection":false,"source":"OpenStreetMap"},"geometry":{"type":"Point","coordinates":[108.9375489,34.3315644]}},{"type":"Feature","properties":{"node_id":"8987087803","node_origin":"osm_node","degree":2,"is_intersection":false,"source":"OpenStreetMap"},"geometry":{"type":"Point","coordinates":[108.9424788,34.3316272]}},{"type":"Feature","properties":{"node_id":"8987087804","node_origin":"osm_node","degree":2,"is_intersection":false,"source":"OpenStreetMap"},"geometry":{"type":"Point","coordinates":[108.9426353,34.3316261]}},{"type":"Feature","properties":{"node_id":"8987087805","node_origin":"osm_node","degree":2,"is_intersection":false,"source":"OpenStreetMap"},"geometry":{"type":"Point","coordinates":[108.9428956,34.3314097]}},{"type":"Feature","properties":{"node_id":"8987087806","node_origin":"osm_node","degree":2,"is_intersection":false,"source":"OpenStreetMap"},"geometry":{"type":"Point","coordinates":[108.9422297,34.3314093]}},{"type":"Feature","properties":{"node_id":"8987087807","node_origin":"osm_node","degree":2,"is_intersection":false,"source":"OpenStreetMap"},"geometry":{"type":"Point","coordinates":[108.9422283,34.3313403]}},{"type":"Feature","properties":{"node_id":"8987087808","node_origin":"osm_node","degree":2,"is_intersection":false,"source":"OpenStreetMap"},"geometry":{"type":"Point","coordinates":[108.942897,34.3313445]}},{"type":"Feature","properties":{"node_id":"8987087809","node_origin":"osm_node","degree":2,"is_intersection":false,"source":"OpenStreetMap"},"geometry":{"type":"Point","coordinates":[108.9424727,34.3311784]}},{"type":"Feature","properties":{"node_id":"8987087810","node_origin":"osm_node","degree":2,"is_intersection":false,"source":"OpenStreetMap"},"geometry":{"type":"Point","coordinates":[108.9426385,34.3311761]}},{"type":"Feature","properties":{"node_id":"8987087811","node_origin":"osm_node","degree":2,"is_intersection":false,"source":"OpenStreetMap"},"geometry":{"type":"Point","coordinates":[108.9490901,34.3316385]}},{"type":"Feature","properties":{"node_id":"8987087812","node_origin":"osm_node","degree":2,"is_intersection":false,"source":"OpenStreetMap"},"geometry":{"type":"Point","coordinates":[108.9487888,34.3314248]}},{"type":"Feature","properties":{"node_id":"8987087813","node_origin":"osm_node","degree":2,"is_intersection":false,"source":"OpenStreetMap"},"geometry":{"type":"Point","coordinates":[108.9487846,34.3313333]}},{"type":"Feature","properties":{"node_id":"8987087814","node_origin":"osm_node","degree":2,"is_intersection":false,"source":"OpenStreetMap"},"geometry":{"type":"Point","coordinates":[108.9493414,34.3314253]}},{"type":"Feature","properties":{"node_id":"8987087815","node_origin":"osm_node","degree":2,"is_intersection":false,"source":"OpenStreetMap"},"geometry":{"type":"Point","coordinates":[108.9493395,34.3313331]}},{"type":"Feature","properties":{"node_id":"8987087816","node_origin":"osm_node","degree":2,"is_intersection":false,"source":"OpenStreetMap"},"geometry":{"type":"Point","coordinates":[108.9490882,34.3311652]}},{"type":"Feature","properties":{"node_id":"8987094524","node_origin":"osm_node","degree":2,"is_intersection":false,"source":"OpenStreetMap"},"geometry":{"type":"Point","coordinates":[108.9455942,34.345218]}},{"type":"Feature","properties":{"node_id":"8987094525","node_origin":"osm_node","degree":2,"is_intersection":false,"source":"OpenStreetMap"},"geometry":{"type":"Point","coordinates":[108.9459259,34.3452162]}},{"type":"Feature","properties":{"node_id":"8987094526","node_origin":"osm_node","degree":2,"is_intersection":false,"source":"OpenStreetMap"},"geometry":{"type":"Point","coordinates":[108.9457704,34.3451187]}},{"type":"Feature","properties":{"node_id":"8987094527","node_origin":"osm_node","degree":2,"is_intersection":false,"source":"OpenStreetMap"},"geometry":{"type":"Point","coordinates":[108.9457841,34.3428139]}},{"type":"Feature","properties":{"node_id":"8987094528","node_origin":"osm_node","degree":2,"is_intersection":false,"source":"OpenStreetMap"},"geometry":{"type":"Point","coordinates":[108.9490609,34.342843]}},{"type":"Feature","properties":{"node_id":"8987094529","node_origin":"osm_node","degree":2,"is_intersection":false,"source":"OpenStreetMap"},"geometry":{"type":"Point","coordinates":[108.9491597,34.34285]}},{"type":"Feature","properties":{"node_id":"8987094530","node_origin":"osm_node","degree":2,"is_intersection":false,"source":"OpenStreetMap"},"geometry":{"type":"Point","coordinates":[108.9488377,34.342608]}},{"type":"Feature","properties":{"node_id":"8987094531","node_origin":"osm_node","degree":2,"is_intersection":false,"source":"OpenStreetMap"},"geometry":{"type":"Point","coordinates":[108.9488379,34.3425185]}},{"type":"Feature","properties":{"node_id":"8987094532","node_origin":"osm_node","degree":2,"is_intersection":false,"source":"OpenStreetMap"},"geometry":{"type":"Point","coordinates":[108.9490815,34.3403843]}},{"type":"Feature","properties":{"node_id":"8987094533","node_origin":"osm_node","degree":2,"is_intersection":false,"source":"OpenStreetMap"},"geometry":{"type":"Point","coordinates":[108.9492634,34.3402485]}},{"type":"Feature","properties":{"node_id":"8987094534","node_origin":"osm_node","degree":2,"is_intersection":false,"source":"OpenStreetMap"},"geometry":{"type":"Point","coordinates":[108.9490787,34.340168]}},{"type":"Feature","properties":{"node_id":"8987094535","node_origin":"osm_node","degree":2,"is_intersection":false,"source":"OpenStreetMap"},"geometry":{"type":"Point","coordinates":[108.9524343,34.3403793]}},{"type":"Feature","properties":{"node_id":"8987094536","node_origin":"osm_node","degree":2,"is_intersection":false,"source":"OpenStreetMap"},"geometry":{"type":"Point","coordinates":[108.9522809,34.3402722]}},{"type":"Feature","properties":{"node_id":"8987094537","node_origin":"osm_node","degree":2,"is_intersection":false,"source":"OpenStreetMap"},"geometry":{"type":"Point","coordinates":[108.9525411,34.3402731]}},{"type":"Feature","properties":{"node_id":"8987094538","node_origin":"osm_node","degree":2,"is_intersection":false,"source":"OpenStreetMap"},"geometry":{"type":"Point","coordinates":[108.9524317,34.3401543]}},{"type":"Feature","properties":{"node_id":"8987094539","node_origin":"osm_node","degree":2,"is_intersection":false,"source":"OpenStreetMap"},"geometry":{"type":"Point","coordinates":[108.9554636,34.3402663]}},{"type":"Feature","properties":{"node_id":"8987094540","node_origin":"osm_node","degree":2,"is_intersection":false,"source":"OpenStreetMap"},"geometry":{"type":"Point","coordinates":[108.9490851,34.3492171]}},{"type":"Feature","properties":{"node_id":"8987094541","node_origin":"osm_node","degree":2,"is_intersection":false,"source":"OpenStreetMap"},"geometry":{"type":"Point","coordinates":[108.9511958,34.3491752]}},{"type":"Feature","properties":{"node_id":"8987094542","node_origin":"osm_node","degree":2,"is_intersection":false,"source":"OpenStreetMap"},"geometry":{"type":"Point","coordinates":[108.9493258,34.3489557]}},{"type":"Feature","properties":{"node_id":"8987094543","node_origin":"osm_node","degree":2,"is_intersection":false,"source":"OpenStreetMap"},"geometry":{"type":"Point","coordinates":[108.9488818,34.3489576]}},{"type":"Feature","properties":{"node_id":"8987094544","node_origin":"osm_node","degree":2,"is_intersection":false,"source":"OpenStreetMap"},"geometry":{"type":"Point","coordinates":[108.946661,34.3491734]}},{"type":"Feature","properties":{"node_id":"8987094545","node_origin":"osm_node","degree":2,"is_intersection":false,"source":"OpenStreetMap"},"geometry":{"type":"Point","coordinates":[108.9464144,34.3489733]}},{"type":"Feature","properties":{"node_id":"8987094546","node_origin":"osm_node","degree":2,"is_intersection":false,"source":"OpenStreetMap"},"geometry":{"type":"Point","coordinates":[108.9468002,34.3489737]}},{"type":"Feature","properties":{"node_id":"8987094547","node_origin":"osm_node","degree":2,"is_intersection":false,"source":"OpenStreetMap"},"geometry":{"type":"Point","coordinates":[108.9490513,34.3487428]}},{"type":"Feature","properties":{"node_id":"8987094548","node_origin":"osm_node","degree":2,"is_intersection":false,"source":"OpenStreetMap"},"geometry":{"type":"Point","coordinates":[108.949119,34.3487443]}},{"type":"Feature","properties":{"node_id":"8987094549","node_origin":"osm_node","degree":2,"is_intersection":false,"source":"OpenStreetMap"},"geometry":{"type":"Point","coordinates":[108.9513932,34.3489448]}},{"type":"Feature","properties":{"node_id":"8987094550","node_origin":"osm_node","degree":2,"is_intersection":false,"source":"OpenStreetMap"},"geometry":{"type":"Point","coordinates":[108.9524579,34.3488555]}},{"type":"Feature","properties":{"node_id":"8987094551","node_origin":"osm_node","degree":2,"is_intersection":false,"source":"OpenStreetMap"},"geometry":{"type":"Point","coordinates":[108.9522385,34.3489489]}},{"type":"Feature","properties":{"node_id":"8987094552","node_origin":"osm_node","degree":2,"is_intersection":false,"source":"OpenStreetMap"},"geometry":{"type":"Point","coordinates":[108.9525621,34.3489503]}},{"type":"Feature","properties":{"node_id":"8987094553","node_origin":"osm_node","degree":2,"is_intersection":false,"source":"OpenStreetMap"},"geometry":{"type":"Point","coordinates":[108.9557723,34.3489568]}},{"type":"Feature","properties":{"node_id":"8987094554","node_origin":"osm_node","degree":2,"is_intersection":false,"source":"OpenStreetMap"},"geometry":{"type":"Point","coordinates":[108.9553148,34.3489584]}},{"type":"Feature","properties":{"node_id":"8987094555","node_origin":"osm_node","degree":2,"is_intersection":false,"source":"OpenStreetMap"},"geometry":{"type":"Point","coordinates":[108.9554772,34.3486906]}},{"type":"Feature","properties":{"node_id":"8987094556","node_origin":"osm_node","degree":2,"is_intersection":false,"source":"OpenStreetMap"},"geometry":{"type":"Point","coordinates":[108.9556032,34.3486977]}},{"type":"Feature","properties":{"node_id":"8987094557","node_origin":"osm_node","degree":2,"is_intersection":false,"source":"OpenStreetMap"},"geometry":{"type":"Point","coordinates":[108.9580169,34.348949]}},{"type":"Feature","properties":{"node_id":"8987094558","node_origin":"osm_node","degree":2,"is_intersection":false,"source":"OpenStreetMap"},"geometry":{"type":"Point","coordinates":[108.9605409,34.3489402]}},{"type":"Feature","properties":{"node_id":"8987094559","node_origin":"osm_node","degree":2,"is_intersection":false,"source":"OpenStreetMap"},"geometry":{"type":"Point","coordinates":[108.9609332,34.3461479]}},{"type":"Feature","properties":{"node_id":"8987094560","node_origin":"osm_node","degree":2,"is_intersection":false,"source":"OpenStreetMap"},"geometry":{"type":"Point","coordinates":[108.9555765,34.3454115]}},{"type":"Feature","properties":{"node_id":"8987094561","node_origin":"osm_node","degree":2,"is_intersection":false,"source":"OpenStreetMap"},"geometry":{"type":"Point","coordinates":[108.9556874,34.3454116]}},{"type":"Feature","properties":{"node_id":"8987094562","node_origin":"osm_node","degree":2,"is_intersection":false,"source":"OpenStreetMap"},"geometry":{"type":"Point","coordinates":[108.9555171,34.347508]}},{"type":"Feature","properties":{"node_id":"8987094563","node_origin":"osm_node","degree":2,"is_intersection":false,"source":"OpenStreetMap"},"geometry":{"type":"Point","coordinates":[108.9556199,34.3475123]}},{"type":"Feature","properties":{"node_id":"8987094564","node_origin":"osm_node","degree":2,"is_intersection":false,"source":"OpenStreetMap"},"geometry":{"type":"Point","coordinates":[108.9556681,34.3386498]}},{"type":"Feature","properties":{"node_id":"8987094565","node_origin":"osm_node","degree":2,"is_intersection":false,"source":"OpenStreetMap"},"geometry":{"type":"Point","coordinates":[108.9558084,34.3386419]}},{"type":"Feature","properties":{"node_id":"8987094566","node_origin":"osm_node","degree":2,"is_intersection":false,"source":"OpenStreetMap"},"geometry":{"type":"Point","coordinates":[108.9554399,34.338457]}},{"type":"Feature","properties":{"node_id":"8987094567","node_origin":"osm_node","degree":2,"is_intersection":false,"source":"OpenStreetMap"},"geometry":{"type":"Point","coordinates":[108.9559862,34.3383755]}},{"type":"Feature","properties":{"node_id":"8987094568","node_origin":"osm_node","degree":2,"is_intersection":false,"source":"OpenStreetMap"},"geometry":{"type":"Point","coordinates":[108.9554386,34.3383812]}},{"type":"Feature","properties":{"node_id":"8987094569","node_origin":"osm_node","degree":2,"is_intersection":false,"source":"OpenStreetMap"},"geometry":{"type":"Point","coordinates":[108.955669,34.3381544]}},{"type":"Feature","properties":{"node_id":"8987094570","node_origin":"osm_node","degree":2,"is_intersection":false,"source":"OpenStreetMap"},"geometry":{"type":"Point","coordinates":[108.9558154,34.3381589]}},{"type":"Feature","properties":{"node_id":"8987094571","node_origin":"osm_node","degree":2,"is_intersection":false,"source":"OpenStreetMap"},"geometry":{"type":"Point","coordinates":[108.9524049,34.3387314]}},{"type":"Feature","properties":{"node_id":"8987094572","node_origin":"osm_node","degree":2,"is_intersection":false,"source":"OpenStreetMap"},"geometry":{"type":"Point","coordinates":[108.9522563,34.3384575]}},{"type":"Feature","properties":{"node_id":"8987094573","node_origin":"osm_node","degree":2,"is_intersection":false,"source":"OpenStreetMap"},"geometry":{"type":"Point","coordinates":[108.9522577,34.3383915]}},{"type":"Feature","properties":{"node_id":"8987094574","node_origin":"osm_node","degree":2,"is_intersection":false,"source":"OpenStreetMap"},"geometry":{"type":"Point","coordinates":[108.9523978,34.3381725]}},{"type":"Feature","properties":{"node_id":"8987094575","node_origin":"osm_node","degree":2,"is_intersection":false,"source":"OpenStreetMap"},"geometry":{"type":"Point","coordinates":[108.9525453,34.3384551]}},{"type":"Feature","properties":{"node_id":"8987094576","node_origin":"osm_node","degree":2,"is_intersection":false,"source":"OpenStreetMap"},"geometry":{"type":"Point","coordinates":[108.9525425,34.3383905]}},{"type":"Feature","properties":{"node_id":"8987094577","node_origin":"osm_node","degree":2,"is_intersection":false,"source":"OpenStreetMap"},"geometry":{"type":"Point","coordinates":[108.9523955,34.3366355]}},{"type":"Feature","properties":{"node_id":"8987094578","node_origin":"osm_node","degree":2,"is_intersection":false,"source":"OpenStreetMap"},"geometry":{"type":"Point","coordinates":[108.9522188,34.3365292]}},{"type":"Feature","properties":{"node_id":"8987094579","node_origin":"osm_node","degree":2,"is_intersection":false,"source":"OpenStreetMap"},"geometry":{"type":"Point","coordinates":[108.9525729,34.3365292]}},{"type":"Feature","properties":{"node_id":"8987094580","node_origin":"osm_node","degree":2,"is_intersection":false,"source":"OpenStreetMap"},"geometry":{"type":"Point","coordinates":[108.9523951,34.3364005]}},{"type":"Feature","properties":{"node_id":"8987094581","node_origin":"osm_node","degree":2,"is_intersection":false,"source":"OpenStreetMap"},"geometry":{"type":"Point","coordinates":[108.9554476,34.3365292]}},{"type":"Feature","properties":{"node_id":"8987094582","node_origin":"osm_node","degree":2,"is_intersection":false,"source":"OpenStreetMap"},"geometry":{"type":"Point","coordinates":[108.9556586,34.3363323]}},{"type":"Feature","properties":{"node_id":"8987094583","node_origin":"osm_node","degree":2,"is_intersection":false,"source":"OpenStreetMap"},"geometry":{"type":"Point","coordinates":[108.9557824,34.3363294]}},{"type":"Feature","properties":{"node_id":"8987094584","node_origin":"osm_node","degree":2,"is_intersection":false,"source":"OpenStreetMap"},"geometry":{"type":"Point","coordinates":[108.9556432,34.335139]}},{"type":"Feature","properties":{"node_id":"8987094585","node_origin":"osm_node","degree":2,"is_intersection":false,"source":"OpenStreetMap"},"geometry":{"type":"Point","coordinates":[108.9557737,34.3351348]}},{"type":"Feature","properties":{"node_id":"8987094586","node_origin":"osm_node","degree":2,"is_intersection":false,"source":"OpenStreetMap"},"geometry":{"type":"Point","coordinates":[108.9553764,34.3349735]}},{"type":"Feature","properties":{"node_id":"8987094587","node_origin":"osm_node","degree":2,"is_intersection":false,"source":"OpenStreetMap"},"geometry":{"type":"Point","coordinates":[108.9556391,34.3348495]}},{"type":"Feature","properties":{"node_id":"8987094588","node_origin":"osm_node","degree":2,"is_intersection":false,"source":"OpenStreetMap"},"geometry":{"type":"Point","coordinates":[108.9557714,34.3348509]}},{"type":"Feature","properties":{"node_id":"8987094589","node_origin":"osm_node","degree":2,"is_intersection":false,"source":"OpenStreetMap"},"geometry":{"type":"Point","coordinates":[108.9523932,34.3351524]}},{"type":"Feature","properties":{"node_id":"8987094590","node_origin":"osm_node","degree":2,"is_intersection":false,"source":"OpenStreetMap"},"geometry":{"type":"Point","coordinates":[108.9522457,34.3349707]}},{"type":"Feature","properties":{"node_id":"8987094591","node_origin":"osm_node","degree":2,"is_intersection":false,"source":"OpenStreetMap"},"geometry":{"type":"Point","coordinates":[108.9525744,34.3349718]}},{"type":"Feature","properties":{"node_id":"8987094592","node_origin":"osm_node","degree":2,"is_intersection":false,"source":"OpenStreetMap"},"geometry":{"type":"Point","coordinates":[108.9523917,34.3348424]}},{"type":"Feature","properties":{"node_id":"8987094593","node_origin":"osm_node","degree":2,"is_intersection":false,"source":"OpenStreetMap"},"geometry":{"type":"Point","coordinates":[108.9523838,34.3339493]}},{"type":"Feature","properties":{"node_id":"8987094594","node_origin":"osm_node","degree":2,"is_intersection":false,"source":"OpenStreetMap"},"geometry":{"type":"Point","coordinates":[108.9522575,34.3338062]}},{"type":"Feature","properties":{"node_id":"8987094595","node_origin":"osm_node","degree":2,"is_intersection":false,"source":"OpenStreetMap"},"geometry":{"type":"Point","coordinates":[108.9525934,34.333803]}},{"type":"Feature","properties":{"node_id":"8987094596","node_origin":"osm_node","degree":2,"is_intersection":false,"source":"OpenStreetMap"},"geometry":{"type":"Point","coordinates":[108.9523805,34.3336807]}},{"type":"Feature","properties":{"node_id":"8987094597","node_origin":"osm_node","degree":2,"is_intersection":false,"source":"OpenStreetMap"},"geometry":{"type":"Point","coordinates":[108.9490795,34.3351371]}},{"type":"Feature","properties":{"node_id":"8987094598","node_origin":"osm_node","degree":2,"is_intersection":false,"source":"OpenStreetMap"},"geometry":{"type":"Point","coordinates":[108.9493014,34.3349498]}},{"type":"Feature","properties":{"node_id":"8987094599","node_origin":"osm_node","degree":2,"is_intersection":false,"source":"OpenStreetMap"},"geometry":{"type":"Point","coordinates":[108.9490746,34.3339522]}},{"type":"Feature","properties":{"node_id":"8987094600","node_origin":"osm_node","degree":2,"is_intersection":false,"source":"OpenStreetMap"},"geometry":{"type":"Point","coordinates":[108.9424834,34.335063]}},{"type":"Feature","properties":{"node_id":"8987094601","node_origin":"osm_node","degree":2,"is_intersection":false,"source":"OpenStreetMap"},"geometry":{"type":"Point","coordinates":[108.9426333,34.3350611]}},{"type":"Feature","properties":{"node_id":"8987094602","node_origin":"osm_node","degree":2,"is_intersection":false,"source":"OpenStreetMap"},"geometry":{"type":"Point","coordinates":[108.942229,34.3349771]}},{"type":"Feature","properties":{"node_id":"8987094603","node_origin":"osm_node","degree":2,"is_intersection":false,"source":"OpenStreetMap"},"geometry":{"type":"Point","coordinates":[108.9424832,34.33488]}},{"type":"Feature","properties":{"node_id":"8987094604","node_origin":"osm_node","degree":2,"is_intersection":false,"source":"OpenStreetMap"},"geometry":{"type":"Point","coordinates":[108.9426327,34.3348868]}},{"type":"Feature","properties":{"node_id":"8987094605","node_origin":"osm_node","degree":2,"is_intersection":false,"source":"OpenStreetMap"},"geometry":{"type":"Point","coordinates":[108.9424875,34.3392223]}},{"type":"Feature","properties":{"node_id":"8987094606","node_origin":"osm_node","degree":2,"is_intersection":false,"source":"OpenStreetMap"},"geometry":{"type":"Point","coordinates":[108.9422291,34.3388588]}},{"type":"Feature","properties":{"node_id":"8987094607","node_origin":"osm_node","degree":2,"is_intersection":false,"source":"OpenStreetMap"},"geometry":{"type":"Point","coordinates":[108.942657,34.3392243]}},{"type":"Feature","properties":{"node_id":"8987094608","node_origin":"osm_node","degree":2,"is_intersection":false,"source":"OpenStreetMap"},"geometry":{"type":"Point","coordinates":[108.942864,34.3390284]}},{"type":"Feature","properties":{"node_id":"8987094609","node_origin":"osm_node","degree":2,"is_intersection":false,"source":"OpenStreetMap"},"geometry":{"type":"Point","coordinates":[108.9428658,34.3388533]}},{"type":"Feature","properties":{"node_id":"8987094610","node_origin":"osm_node","degree":2,"is_intersection":false,"source":"OpenStreetMap"},"geometry":{"type":"Point","coordinates":[108.9424926,34.3386857]}},{"type":"Feature","properties":{"node_id":"8987094611","node_origin":"osm_node","degree":2,"is_intersection":false,"source":"OpenStreetMap"},"geometry":{"type":"Point","coordinates":[108.9426623,34.3386857]}},{"type":"Feature","properties":{"node_id":"8987094612","node_origin":"osm_node","degree":2,"is_intersection":false,"source":"OpenStreetMap"},"geometry":{"type":"Point","coordinates":[108.9490616,34.3386635]}},{"type":"Feature","properties":{"node_id":"8987094613","node_origin":"osm_node","degree":2,"is_intersection":false,"source":"OpenStreetMap"},"geometry":{"type":"Point","coordinates":[108.948806,34.3385241]}},{"type":"Feature","properties":{"node_id":"8987094614","node_origin":"osm_node","degree":2,"is_intersection":false,"source":"OpenStreetMap"},"geometry":{"type":"Point","coordinates":[108.9487894,34.3384309]}},{"type":"Feature","properties":{"node_id":"8987094615","node_origin":"osm_node","degree":2,"is_intersection":false,"source":"OpenStreetMap"},"geometry":{"type":"Point","coordinates":[108.9490598,34.3382072]}},{"type":"Feature","properties":{"node_id":"8987094616","node_origin":"osm_node","degree":2,"is_intersection":false,"source":"OpenStreetMap"},"geometry":{"type":"Point","coordinates":[108.9493564,34.3384625]}},{"type":"Feature","properties":{"node_id":"8987096117","node_origin":"osm_node","degree":2,"is_intersection":false,"source":"OpenStreetMap"},"geometry":{"type":"Point","coordinates":[108.9493583,34.3383945]}},{"type":"Feature","properties":{"node_id":"8987096118","node_origin":"osm_node","degree":2,"is_intersection":false,"source":"OpenStreetMap"},"geometry":{"type":"Point","coordinates":[108.9510748,34.3384567]}},{"type":"Feature","properties":{"node_id":"8987096119","node_origin":"osm_node","degree":2,"is_intersection":false,"source":"OpenStreetMap"},"geometry":{"type":"Point","coordinates":[108.9510769,34.3383929]}},{"type":"Feature","properties":{"node_id":"8987096120","node_origin":"osm_node","degree":2,"is_intersection":false,"source":"OpenStreetMap"},"geometry":{"type":"Point","coordinates":[108.9490695,34.3366944]}},{"type":"Feature","properties":{"node_id":"8987096121","node_origin":"osm_node","degree":2,"is_intersection":false,"source":"OpenStreetMap"},"geometry":{"type":"Point","coordinates":[108.9490715,34.3363785]}},{"type":"Feature","properties":{"node_id":"8987096122","node_origin":"osm_node","degree":2,"is_intersection":false,"source":"OpenStreetMap"},"geometry":{"type":"Point","coordinates":[108.9493252,34.3365292]}},{"type":"Feature","properties":{"node_id":"8987099466","node_origin":"osm_node","degree":2,"is_intersection":false,"source":"OpenStreetMap"},"geometry":{"type":"Point","coordinates":[108.9555469,34.3215597]}},{"type":"Feature","properties":{"node_id":"8987099467","node_origin":"osm_node","degree":2,"is_intersection":false,"source":"OpenStreetMap"},"geometry":{"type":"Point","coordinates":[108.9556668,34.3215869]}},{"type":"Feature","properties":{"node_id":"8987099476","node_origin":"osm_node","degree":2,"is_intersection":false,"source":"OpenStreetMap"},"geometry":{"type":"Point","coordinates":[108.9525155,34.3196349]}},{"type":"Feature","properties":{"node_id":"8987099477","node_origin":"osm_node","degree":2,"is_intersection":false,"source":"OpenStreetMap"},"geometry":{"type":"Point","coordinates":[108.952384,34.3194487]}},{"type":"Feature","properties":{"node_id":"8987099478","node_origin":"osm_node","degree":2,"is_intersection":false,"source":"OpenStreetMap"},"geometry":{"type":"Point","coordinates":[108.9527011,34.3194483]}},{"type":"Feature","properties":{"node_id":"8987099479","node_origin":"osm_node","degree":2,"is_intersection":false,"source":"OpenStreetMap"},"geometry":{"type":"Point","coordinates":[108.9523841,34.3193687]}},{"type":"Feature","properties":{"node_id":"8987099480","node_origin":"osm_node","degree":2,"is_intersection":false,"source":"OpenStreetMap"},"geometry":{"type":"Point","coordinates":[108.9527027,34.3193757]}},{"type":"Feature","properties":{"node_id":"8987099481","node_origin":"osm_node","degree":2,"is_intersection":false,"source":"OpenStreetMap"},"geometry":{"type":"Point","coordinates":[108.9490722,34.3196687]}},{"type":"Feature","properties":{"node_id":"8987099482","node_origin":"osm_node","degree":2,"is_intersection":false,"source":"OpenStreetMap"},"geometry":{"type":"Point","coordinates":[108.9488658,34.319461]}},{"type":"Feature","properties":{"node_id":"8987099483","node_origin":"osm_node","degree":2,"is_intersection":false,"source":"OpenStreetMap"},"geometry":{"type":"Point","coordinates":[108.9488658,34.3193769]}},{"type":"Feature","properties":{"node_id":"8987099484","node_origin":"osm_node","degree":2,"is_intersection":false,"source":"OpenStreetMap"},"geometry":{"type":"Point","coordinates":[108.9492799,34.3194621]}},{"type":"Feature","properties":{"node_id":"8987099485","node_origin":"osm_node","degree":2,"is_intersection":false,"source":"OpenStreetMap"},"geometry":{"type":"Point","coordinates":[108.9492772,34.3193758]}},{"type":"Feature","properties":{"node_id":"8987099486","node_origin":"osm_node","degree":2,"is_intersection":false,"source":"OpenStreetMap"},"geometry":{"type":"Point","coordinates":[108.9490739,34.3191664]}},{"type":"Feature","properties":{"node_id":"8987099487","node_origin":"osm_node","degree":2,"is_intersection":false,"source":"OpenStreetMap"},"geometry":{"type":"Point","coordinates":[108.945807,34.3194492]}},{"type":"Feature","properties":{"node_id":"8987099488","node_origin":"osm_node","degree":2,"is_intersection":false,"source":"OpenStreetMap"},"geometry":{"type":"Point","coordinates":[108.945807,34.3193836]}},{"type":"Feature","properties":{"node_id":"8987099497","node_origin":"osm_node","degree":2,"is_intersection":false,"source":"OpenStreetMap"},"geometry":{"type":"Point","coordinates":[108.9388789,34.3194588]}},{"type":"Feature","properties":{"node_id":"8987099498","node_origin":"osm_node","degree":2,"is_intersection":false,"source":"OpenStreetMap"},"geometry":{"type":"Point","coordinates":[108.9388844,34.3193848]}},{"type":"Feature","properties":{"node_id":"8987099499","node_origin":"osm_node","degree":2,"is_intersection":false,"source":"OpenStreetMap"},"geometry":{"type":"Point","coordinates":[108.9382184,34.3194537]}},{"type":"Feature","properties":{"node_id":"8987099500","node_origin":"osm_node","degree":2,"is_intersection":false,"source":"OpenStreetMap"},"geometry":{"type":"Point","coordinates":[108.9382184,34.3193837]}},{"type":"Feature","properties":{"node_id":"8987099501","node_origin":"osm_node","degree":2,"is_intersection":false,"source":"OpenStreetMap"},"geometry":{"type":"Point","coordinates":[108.9376199,34.3194492]}},{"type":"Feature","properties":{"node_id":"8987099502","node_origin":"osm_node","degree":2,"is_intersection":false,"source":"OpenStreetMap"},"geometry":{"type":"Point","coordinates":[108.9375841,34.319384]}},{"type":"Feature","properties":{"node_id":"8987099503","node_origin":"osm_node","degree":2,"is_intersection":false,"source":"OpenStreetMap"},"geometry":{"type":"Point","coordinates":[108.9359907,34.3194471]}},{"type":"Feature","properties":{"node_id":"8987099504","node_origin":"osm_node","degree":2,"is_intersection":false,"source":"OpenStreetMap"},"geometry":{"type":"Point","coordinates":[108.9359907,34.3193806]}},{"type":"Feature","properties":{"node_id":"8987099505","node_origin":"osm_node","degree":2,"is_intersection":false,"source":"OpenStreetMap"},"geometry":{"type":"Point","coordinates":[108.9329655,34.3196425]}},{"type":"Feature","properties":{"node_id":"8987099506","node_origin":"osm_node","degree":2,"is_intersection":false,"source":"OpenStreetMap"},"geometry":{"type":"Point","coordinates":[108.9332199,34.3196413]}},{"type":"Feature","properties":{"node_id":"8987099507","node_origin":"osm_node","degree":2,"is_intersection":false,"source":"OpenStreetMap"},"geometry":{"type":"Point","coordinates":[108.9327855,34.3194603]}},{"type":"Feature","properties":{"node_id":"8987099508","node_origin":"osm_node","degree":2,"is_intersection":false,"source":"OpenStreetMap"},"geometry":{"type":"Point","coordinates":[108.932784,34.319393]}},{"type":"Feature","properties":{"node_id":"8987099509","node_origin":"osm_node","degree":2,"is_intersection":false,"source":"OpenStreetMap"},"geometry":{"type":"Point","coordinates":[108.9334108,34.319455]}},{"type":"Feature","properties":{"node_id":"8987099510","node_origin":"osm_node","degree":2,"is_intersection":false,"source":"OpenStreetMap"},"geometry":{"type":"Point","coordinates":[108.9334135,34.3193781]}},{"type":"Feature","properties":{"node_id":"8987099511","node_origin":"osm_node","degree":2,"is_intersection":false,"source":"OpenStreetMap"},"geometry":{"type":"Point","coordinates":[108.932991,34.3192106]}},{"type":"Feature","properties":{"node_id":"8987099512","node_origin":"osm_node","degree":2,"is_intersection":false,"source":"OpenStreetMap"},"geometry":{"type":"Point","coordinates":[108.9332285,34.3192107]}},{"type":"Feature","properties":{"node_id":"8987109272","node_origin":"osm_node","degree":2,"is_intersection":false,"source":"OpenStreetMap"},"geometry":{"type":"Point","coordinates":[108.9555364,34.3294432]}},{"type":"Feature","properties":{"node_id":"8987109273","node_origin":"osm_node","degree":2,"is_intersection":false,"source":"OpenStreetMap"},"geometry":{"type":"Point","coordinates":[108.9556705,34.3294432]}},{"type":"Feature","properties":{"node_id":"8987109274","node_origin":"osm_node","degree":2,"is_intersection":false,"source":"OpenStreetMap"},"geometry":{"type":"Point","coordinates":[108.9555345,34.3282155]}},{"type":"Feature","properties":{"node_id":"8987109275","node_origin":"osm_node","degree":2,"is_intersection":false,"source":"OpenStreetMap"},"geometry":{"type":"Point","coordinates":[108.9556754,34.3282112]}},{"type":"Feature","properties":{"node_id":"8987109276","node_origin":"osm_node","degree":2,"is_intersection":false,"source":"OpenStreetMap"},"geometry":{"type":"Point","coordinates":[108.9553466,34.32806]}},{"type":"Feature","properties":{"node_id":"8987109277","node_origin":"osm_node","degree":2,"is_intersection":false,"source":"OpenStreetMap"},"geometry":{"type":"Point","coordinates":[108.95535,34.3279645]}},{"type":"Feature","properties":{"node_id":"8987109278","node_origin":"osm_node","degree":2,"is_intersection":false,"source":"OpenStreetMap"},"geometry":{"type":"Point","coordinates":[108.9558836,34.3279665]}},{"type":"Feature","properties":{"node_id":"8987109279","node_origin":"osm_node","degree":2,"is_intersection":false,"source":"OpenStreetMap"},"geometry":{"type":"Point","coordinates":[108.9555346,34.3277792]}},{"type":"Feature","properties":{"node_id":"8987109280","node_origin":"osm_node","degree":2,"is_intersection":false,"source":"OpenStreetMap"},"geometry":{"type":"Point","coordinates":[108.9556636,34.3277876]}},{"type":"Feature","properties":{"node_id":"8987109281","node_origin":"osm_node","degree":2,"is_intersection":false,"source":"OpenStreetMap"},"geometry":{"type":"Point","coordinates":[108.9521736,34.3280478]}},{"type":"Feature","properties":{"node_id":"8987109282","node_origin":"osm_node","degree":2,"is_intersection":false,"source":"OpenStreetMap"},"geometry":{"type":"Point","coordinates":[108.952168,34.327982]}},{"type":"Feature","properties":{"node_id":"8987109283","node_origin":"osm_node","degree":2,"is_intersection":false,"source":"OpenStreetMap"},"geometry":{"type":"Point","coordinates":[108.9525011,34.3280488]}},{"type":"Feature","properties":{"node_id":"8987109284","node_origin":"osm_node","degree":2,"is_intersection":false,"source":"OpenStreetMap"},"geometry":{"type":"Point","coordinates":[108.9524943,34.3279834]}},{"type":"Feature","properties":{"node_id":"8987109285","node_origin":"osm_node","degree":2,"is_intersection":false,"source":"OpenStreetMap"},"geometry":{"type":"Point","coordinates":[108.9507367,34.3280397]}},{"type":"Feature","properties":{"node_id":"8987109286","node_origin":"osm_node","degree":2,"is_intersection":false,"source":"OpenStreetMap"},"geometry":{"type":"Point","coordinates":[108.9507334,34.3279792]}},{"type":"Feature","properties":{"node_id":"8987109287","node_origin":"osm_node","degree":2,"is_intersection":false,"source":"OpenStreetMap"},"geometry":{"type":"Point","coordinates":[108.9490706,34.3282389]}},{"type":"Feature","properties":{"node_id":"8987109288","node_origin":"osm_node","degree":2,"is_intersection":false,"source":"OpenStreetMap"},"geometry":{"type":"Point","coordinates":[108.949073,34.3277913]}},{"type":"Feature","properties":{"node_id":"8987109289","node_origin":"osm_node","degree":2,"is_intersection":false,"source":"OpenStreetMap"},"geometry":{"type":"Point","coordinates":[108.949329,34.3280475]}},{"type":"Feature","properties":{"node_id":"8987109290","node_origin":"osm_node","degree":2,"is_intersection":false,"source":"OpenStreetMap"},"geometry":{"type":"Point","coordinates":[108.9493239,34.3279915]}},{"type":"Feature","properties":{"node_id":"8987109291","node_origin":"osm_node","degree":2,"is_intersection":false,"source":"OpenStreetMap"},"geometry":{"type":"Point","coordinates":[108.9488885,34.3280479]}},{"type":"Feature","properties":{"node_id":"8987109292","node_origin":"osm_node","degree":2,"is_intersection":false,"source":"OpenStreetMap"},"geometry":{"type":"Point","coordinates":[108.9488902,34.3279913]}},{"type":"Feature","properties":{"node_id":"8987109293","node_origin":"osm_node","degree":2,"is_intersection":false,"source":"OpenStreetMap"},"geometry":{"type":"Point","coordinates":[108.9474011,34.32804]}},{"type":"Feature","properties":{"node_id":"8987109294","node_origin":"osm_node","degree":2,"is_intersection":false,"source":"OpenStreetMap"},"geometry":{"type":"Point","coordinates":[108.9474028,34.3279721]}},{"type":"Feature","properties":{"node_id":"8987109295","node_origin":"osm_node","degree":2,"is_intersection":false,"source":"OpenStreetMap"},"geometry":{"type":"Point","coordinates":[108.9457427,34.3280312]}},{"type":"Feature","properties":{"node_id":"8987109296","node_origin":"osm_node","degree":2,"is_intersection":false,"source":"OpenStreetMap"},"geometry":{"type":"Point","coordinates":[108.9457393,34.3279665]}},{"type":"Feature","properties":{"node_id":"8987109297","node_origin":"osm_node","degree":2,"is_intersection":false,"source":"OpenStreetMap"},"geometry":{"type":"Point","coordinates":[108.9440317,34.3280409]}},{"type":"Feature","properties":{"node_id":"8987109298","node_origin":"osm_node","degree":2,"is_intersection":false,"source":"OpenStreetMap"},"geometry":{"type":"Point","coordinates":[108.9435336,34.3280485]}},{"type":"Feature","properties":{"node_id":"8987109299","node_origin":"osm_node","degree":2,"is_intersection":false,"source":"OpenStreetMap"},"geometry":{"type":"Point","coordinates":[108.9428645,34.3280586]}},{"type":"Feature","properties":{"node_id":"8987109300","node_origin":"osm_node","degree":2,"is_intersection":false,"source":"OpenStreetMap"},"geometry":{"type":"Point","coordinates":[108.9428596,34.3279884]}},{"type":"Feature","properties":{"node_id":"8987109301","node_origin":"osm_node","degree":2,"is_intersection":false,"source":"OpenStreetMap"},"geometry":{"type":"Point","coordinates":[108.9435322,34.3279788]}},{"type":"Feature","properties":{"node_id":"8987109302","node_origin":"osm_node","degree":2,"is_intersection":false,"source":"OpenStreetMap"},"geometry":{"type":"Point","coordinates":[108.9440369,34.3279716]}},{"type":"Feature","properties":{"node_id":"8987109303","node_origin":"osm_node","degree":2,"is_intersection":false,"source":"OpenStreetMap"},"geometry":{"type":"Point","coordinates":[108.9424782,34.3282473]}},{"type":"Feature","properties":{"node_id":"8987109304","node_origin":"osm_node","degree":2,"is_intersection":false,"source":"OpenStreetMap"},"geometry":{"type":"Point","coordinates":[108.9426351,34.3282417]}},{"type":"Feature","properties":{"node_id":"8987109305","node_origin":"osm_node","degree":2,"is_intersection":false,"source":"OpenStreetMap"},"geometry":{"type":"Point","coordinates":[108.9422123,34.3280706]}},{"type":"Feature","properties":{"node_id":"8987109306","node_origin":"osm_node","degree":2,"is_intersection":false,"source":"OpenStreetMap"},"geometry":{"type":"Point","coordinates":[108.942214,34.3279905]}},{"type":"Feature","properties":{"node_id":"8987109307","node_origin":"osm_node","degree":2,"is_intersection":false,"source":"OpenStreetMap"},"geometry":{"type":"Point","coordinates":[108.9424746,34.3277927]}},{"type":"Feature","properties":{"node_id":"8987109308","node_origin":"osm_node","degree":2,"is_intersection":false,"source":"OpenStreetMap"},"geometry":{"type":"Point","coordinates":[108.9426344,34.3277899]}},{"type":"Feature","properties":{"node_id":"8987109309","node_origin":"osm_node","degree":2,"is_intersection":false,"source":"OpenStreetMap"},"geometry":{"type":"Point","coordinates":[108.9350263,34.3282799]}},{"type":"Feature","properties":{"node_id":"8987109310","node_origin":"osm_node","degree":2,"is_intersection":false,"source":"OpenStreetMap"},"geometry":{"type":"Point","coordinates":[108.9350288,34.3282019]}},{"type":"Feature","properties":{"node_id":"8987109311","node_origin":"osm_node","degree":2,"is_intersection":false,"source":"OpenStreetMap"},"geometry":{"type":"Point","coordinates":[108.9329366,34.3284946]}},{"type":"Feature","properties":{"node_id":"8987109312","node_origin":"osm_node","degree":2,"is_intersection":false,"source":"OpenStreetMap"},"geometry":{"type":"Point","coordinates":[108.9332049,34.3284924]}},{"type":"Feature","properties":{"node_id":"8987109313","node_origin":"osm_node","degree":2,"is_intersection":false,"source":"OpenStreetMap"},"geometry":{"type":"Point","coordinates":[108.933467,34.3283301]}},{"type":"Feature","properties":{"node_id":"8987109314","node_origin":"osm_node","degree":2,"is_intersection":false,"source":"OpenStreetMap"},"geometry":{"type":"Point","coordinates":[108.9327118,34.3283532]}},{"type":"Feature","properties":{"node_id":"8987109315","node_origin":"osm_node","degree":2,"is_intersection":false,"source":"OpenStreetMap"},"geometry":{"type":"Point","coordinates":[108.9327146,34.3282712]}},{"type":"Feature","properties":{"node_id":"8987109316","node_origin":"osm_node","degree":2,"is_intersection":false,"source":"OpenStreetMap"},"geometry":{"type":"Point","coordinates":[108.932938,34.3281822]}},{"type":"Feature","properties":{"node_id":"8987111817","node_origin":"osm_node","degree":2,"is_intersection":false,"source":"OpenStreetMap"},"geometry":{"type":"Point","coordinates":[108.9525287,34.331413]}},{"type":"Feature","properties":{"node_id":"8987111818","node_origin":"osm_node","degree":2,"is_intersection":false,"source":"OpenStreetMap"},"geometry":{"type":"Point","coordinates":[108.9523476,34.3316147]}},{"type":"Feature","properties":{"node_id":"8987111819","node_origin":"osm_node","degree":2,"is_intersection":false,"source":"OpenStreetMap"},"geometry":{"type":"Point","coordinates":[108.952532,34.3313337]}},{"type":"Feature","properties":{"node_id":"8987111820","node_origin":"osm_node","degree":2,"is_intersection":false,"source":"OpenStreetMap"},"geometry":{"type":"Point","coordinates":[108.9538313,34.3314218]}},{"type":"Feature","properties":{"node_id":"8987111821","node_origin":"osm_node","degree":2,"is_intersection":false,"source":"OpenStreetMap"},"geometry":{"type":"Point","coordinates":[108.9538313,34.3313327]}},{"type":"Feature","properties":{"node_id":"8987111822","node_origin":"osm_node","degree":2,"is_intersection":false,"source":"OpenStreetMap"},"geometry":{"type":"Point","coordinates":[108.9555523,34.3316735]}},{"type":"Feature","properties":{"node_id":"8987111823","node_origin":"osm_node","degree":2,"is_intersection":false,"source":"OpenStreetMap"},"geometry":{"type":"Point","coordinates":[108.9556833,34.3316706]}},{"type":"Feature","properties":{"node_id":"8987111824","node_origin":"osm_node","degree":2,"is_intersection":false,"source":"OpenStreetMap"},"geometry":{"type":"Point","coordinates":[108.9559353,34.3314345]}},{"type":"Feature","properties":{"node_id":"8987111825","node_origin":"osm_node","degree":2,"is_intersection":false,"source":"OpenStreetMap"},"geometry":{"type":"Point","coordinates":[108.9559404,34.3313246]}},{"type":"Feature","properties":{"node_id":"8987111826","node_origin":"osm_node","degree":2,"is_intersection":false,"source":"OpenStreetMap"},"geometry":{"type":"Point","coordinates":[108.9552611,34.3314268]}},{"type":"Feature","properties":{"node_id":"8987111827","node_origin":"osm_node","degree":2,"is_intersection":false,"source":"OpenStreetMap"},"geometry":{"type":"Point","coordinates":[108.9552577,34.3313305]}},{"type":"Feature","properties":{"node_id":"8987111828","node_origin":"osm_node","degree":2,"is_intersection":false,"source":"OpenStreetMap"},"geometry":{"type":"Point","coordinates":[108.955539,34.331114]}},{"type":"Feature","properties":{"node_id":"8987111829","node_origin":"osm_node","degree":2,"is_intersection":false,"source":"OpenStreetMap"},"geometry":{"type":"Point","coordinates":[108.955664,34.3311112]}},{"type":"Feature","properties":{"node_id":"8987111830","node_origin":"osm_node","degree":2,"is_intersection":false,"source":"OpenStreetMap"},"geometry":{"type":"Point","coordinates":[108.9329497,34.3351303]}},{"type":"Feature","properties":{"node_id":"8987111831","node_origin":"osm_node","degree":2,"is_intersection":false,"source":"OpenStreetMap"},"geometry":{"type":"Point","coordinates":[108.9331883,34.3351233]}},{"type":"Feature","properties":{"node_id":"8987111832","node_origin":"osm_node","degree":2,"is_intersection":false,"source":"OpenStreetMap"},"geometry":{"type":"Point","coordinates":[108.9327321,34.3349756]}},{"type":"Feature","properties":{"node_id":"8987111833","node_origin":"osm_node","degree":2,"is_intersection":false,"source":"OpenStreetMap"},"geometry":{"type":"Point","coordinates":[108.932951,34.3348589]}},{"type":"Feature","properties":{"node_id":"8987111834","node_origin":"osm_node","degree":2,"is_intersection":false,"source":"OpenStreetMap"},"geometry":{"type":"Point","coordinates":[108.9331885,34.3348519]}},{"type":"Feature","properties":{"node_id":"8987111835","node_origin":"osm_node","degree":2,"is_intersection":false,"source":"OpenStreetMap"},"geometry":{"type":"Point","coordinates":[108.9334182,34.3349709]}},{"type":"Feature","properties":{"node_id":"8987111836","node_origin":"osm_node","degree":2,"is_intersection":false,"source":"OpenStreetMap"},"geometry":{"type":"Point","coordinates":[108.932932,34.3392049]}},{"type":"Feature","properties":{"node_id":"8987111837","node_origin":"osm_node","degree":2,"is_intersection":false,"source":"OpenStreetMap"},"geometry":{"type":"Point","coordinates":[108.9332158,34.339205]}},{"type":"Feature","properties":{"node_id":"8987111838","node_origin":"osm_node","degree":2,"is_intersection":false,"source":"OpenStreetMap"},"geometry":{"type":"Point","coordinates":[108.9327306,34.3390175]}},{"type":"Feature","properties":{"node_id":"8987111839","node_origin":"osm_node","degree":2,"is_intersection":false,"source":"OpenStreetMap"},"geometry":{"type":"Point","coordinates":[108.9327357,34.3388967]}},{"type":"Feature","properties":{"node_id":"8987111840","node_origin":"osm_node","degree":2,"is_intersection":false,"source":"OpenStreetMap"},"geometry":{"type":"Point","coordinates":[108.9329304,34.3387266]}},{"type":"Feature","properties":{"node_id":"8987111841","node_origin":"osm_node","degree":2,"is_intersection":false,"source":"OpenStreetMap"},"geometry":{"type":"Point","coordinates":[108.9332154,34.3387251]}},{"type":"Feature","properties":{"node_id":"8987111842","node_origin":"osm_node","degree":2,"is_intersection":false,"source":"OpenStreetMap"},"geometry":{"type":"Point","coordinates":[108.9334201,34.3390278]}},{"type":"Feature","properties":{"node_id":"8987111843","node_origin":"osm_node","degree":2,"is_intersection":false,"source":"OpenStreetMap"},"geometry":{"type":"Point","coordinates":[108.9334235,34.338896]}},{"type":"Feature","properties":{"node_id":"8987111844","node_origin":"osm_node","degree":2,"is_intersection":false,"source":"OpenStreetMap"},"geometry":{"type":"Point","coordinates":[108.9374258,34.3389493]}},{"type":"Feature","properties":{"node_id":"8987111845","node_origin":"osm_node","degree":2,"is_intersection":false,"source":"OpenStreetMap"},"geometry":{"type":"Point","coordinates":[108.9375524,34.3391321]}},{"type":"Feature","properties":{"node_id":"8987111846","node_origin":"osm_node","degree":2,"is_intersection":false,"source":"OpenStreetMap"},"geometry":{"type":"Point","coordinates":[108.9377066,34.3389071]}},{"type":"Feature","properties":{"node_id":"8987111847","node_origin":"osm_node","degree":2,"is_intersection":false,"source":"OpenStreetMap"},"geometry":{"type":"Point","coordinates":[108.9300205,34.3389464]}},{"type":"Feature","properties":{"node_id":"8987111848","node_origin":"osm_node","degree":2,"is_intersection":false,"source":"OpenStreetMap"},"geometry":{"type":"Point","coordinates":[108.9302595,34.3389493]}},{"type":"Feature","properties":{"node_id":"8987111849","node_origin":"osm_node","degree":2,"is_intersection":false,"source":"OpenStreetMap"},"geometry":{"type":"Point","coordinates":[108.9250283,34.3391644]}},{"type":"Feature","properties":{"node_id":"8987111850","node_origin":"osm_node","degree":2,"is_intersection":false,"source":"OpenStreetMap"},"geometry":{"type":"Point","coordinates":[108.924865,34.3389423]}},{"type":"Feature","properties":{"node_id":"8987111851","node_origin":"osm_node","degree":2,"is_intersection":false,"source":"OpenStreetMap"},"geometry":{"type":"Point","coordinates":[108.9251469,34.3391658]}},{"type":"Feature","properties":{"node_id":"8987111852","node_origin":"osm_node","degree":2,"is_intersection":false,"source":"OpenStreetMap"},"geometry":{"type":"Point","coordinates":[108.9253478,34.3389465]}},{"type":"Feature","properties":{"node_id":"8987111853","node_origin":"osm_node","degree":2,"is_intersection":false,"source":"OpenStreetMap"},"geometry":{"type":"Point","coordinates":[108.9251455,34.3387643]}},{"type":"Feature","properties":{"node_id":"8987111854","node_origin":"osm_node","degree":2,"is_intersection":false,"source":"OpenStreetMap"},"geometry":{"type":"Point","coordinates":[108.9250288,34.3387546]}},{"type":"Feature","properties":{"node_id":"8987111855","node_origin":"osm_node","degree":2,"is_intersection":false,"source":"OpenStreetMap"},"geometry":{"type":"Point","coordinates":[108.9250306,34.3380207]}},{"type":"Feature","properties":{"node_id":"8987111856","node_origin":"osm_node","degree":2,"is_intersection":false,"source":"OpenStreetMap"},"geometry":{"type":"Point","coordinates":[108.9250336,34.3351143]}},{"type":"Feature","properties":{"node_id":"8987111857","node_origin":"osm_node","degree":2,"is_intersection":false,"source":"OpenStreetMap"},"geometry":{"type":"Point","coordinates":[108.9251524,34.3351201]}},{"type":"Feature","properties":{"node_id":"8987111858","node_origin":"osm_node","degree":2,"is_intersection":false,"source":"OpenStreetMap"},"geometry":{"type":"Point","coordinates":[108.9248893,34.3349405]}},{"type":"Feature","properties":{"node_id":"8987111859","node_origin":"osm_node","degree":2,"is_intersection":false,"source":"OpenStreetMap"},"geometry":{"type":"Point","coordinates":[108.9253128,34.3349397]}},{"type":"Feature","properties":{"node_id":"8987111860","node_origin":"osm_node","degree":2,"is_intersection":false,"source":"OpenStreetMap"},"geometry":{"type":"Point","coordinates":[108.9250327,34.3348529]}},{"type":"Feature","properties":{"node_id":"8987111861","node_origin":"osm_node","degree":2,"is_intersection":false,"source":"OpenStreetMap"},"geometry":{"type":"Point","coordinates":[108.9251532,34.3348487]}},{"type":"Feature","properties":{"node_id":"8987111862","node_origin":"osm_node","degree":2,"is_intersection":false,"source":"OpenStreetMap"},"geometry":{"type":"Point","coordinates":[108.9204551,34.3389497]}},{"type":"Feature","properties":{"node_id":"8987111863","node_origin":"osm_node","degree":2,"is_intersection":false,"source":"OpenStreetMap"},"geometry":{"type":"Point","coordinates":[108.9189407,34.3389481]}},{"type":"Feature","properties":{"node_id":"8987111864","node_origin":"osm_node","degree":2,"is_intersection":false,"source":"OpenStreetMap"},"geometry":{"type":"Point","coordinates":[108.9192607,34.3389496]}},{"type":"Feature","properties":{"node_id":"8987111865","node_origin":"osm_node","degree":2,"is_intersection":false,"source":"OpenStreetMap"},"geometry":{"type":"Point","coordinates":[108.9191112,34.3387771]}},{"type":"Feature","properties":{"node_id":"8987111866","node_origin":"osm_node","degree":2,"is_intersection":false,"source":"OpenStreetMap"},"geometry":{"type":"Point","coordinates":[108.915237,34.3392157]}},{"type":"Feature","properties":{"node_id":"8987111867","node_origin":"osm_node","degree":2,"is_intersection":false,"source":"OpenStreetMap"},"geometry":{"type":"Point","coordinates":[108.915489,34.3392111]}},{"type":"Feature","properties":{"node_id":"8987111868","node_origin":"osm_node","degree":2,"is_intersection":false,"source":"OpenStreetMap"},"geometry":{"type":"Point","coordinates":[108.9152178,34.3386888]}},{"type":"Feature","properties":{"node_id":"8987111869","node_origin":"osm_node","degree":2,"is_intersection":false,"source":"OpenStreetMap"},"geometry":{"type":"Point","coordinates":[108.9157811,34.3390134]}},{"type":"Feature","properties":{"node_id":"8987111870","node_origin":"osm_node","degree":2,"is_intersection":false,"source":"OpenStreetMap"},"geometry":{"type":"Point","coordinates":[108.918796,34.3427827]}},{"type":"Feature","properties":{"node_id":"8987111871","node_origin":"osm_node","degree":2,"is_intersection":false,"source":"OpenStreetMap"},"geometry":{"type":"Point","coordinates":[108.9186763,34.3425944]}},{"type":"Feature","properties":{"node_id":"8987111873","node_origin":"osm_node","degree":2,"is_intersection":false,"source":"OpenStreetMap"},"geometry":{"type":"Point","coordinates":[108.9151701,34.3423575]}},{"type":"Feature","properties":{"node_id":"8987111874","node_origin":"osm_node","degree":2,"is_intersection":false,"source":"OpenStreetMap"},"geometry":{"type":"Point","coordinates":[108.9153619,34.342367]}},{"type":"Feature","properties":{"node_id":"8987111875","node_origin":"osm_node","degree":2,"is_intersection":false,"source":"OpenStreetMap"},"geometry":{"type":"Point","coordinates":[108.9155628,34.3425976]}},{"type":"Feature","properties":{"node_id":"8987119217","node_origin":"osm_node","degree":2,"is_intersection":false,"source":"OpenStreetMap"},"geometry":{"type":"Point","coordinates":[108.9334591,34.3282504]}},{"type":"Feature","properties":{"node_id":"8987119218","node_origin":"osm_node","degree":2,"is_intersection":false,"source":"OpenStreetMap"},"geometry":{"type":"Point","coordinates":[108.9332061,34.3281708]}},{"type":"Feature","properties":{"node_id":"8987119219","node_origin":"osm_node","degree":2,"is_intersection":false,"source":"OpenStreetMap"},"geometry":{"type":"Point","coordinates":[108.9290193,34.3285192]}},{"type":"Feature","properties":{"node_id":"8987119220","node_origin":"osm_node","degree":2,"is_intersection":false,"source":"OpenStreetMap"},"geometry":{"type":"Point","coordinates":[108.9290144,34.3284443]}},{"type":"Feature","properties":{"node_id":"8987119221","node_origin":"osm_node","degree":2,"is_intersection":false,"source":"OpenStreetMap"},"geometry":{"type":"Point","coordinates":[108.9250508,34.3288513]}},{"type":"Feature","properties":{"node_id":"8987119222","node_origin":"osm_node","degree":2,"is_intersection":false,"source":"OpenStreetMap"},"geometry":{"type":"Point","coordinates":[108.9251624,34.3288477]}},{"type":"Feature","properties":{"node_id":"8987119223","node_origin":"osm_node","degree":2,"is_intersection":false,"source":"OpenStreetMap"},"geometry":{"type":"Point","coordinates":[108.9250548,34.3285278]}},{"type":"Feature","properties":{"node_id":"8987119224","node_origin":"osm_node","degree":2,"is_intersection":false,"source":"OpenStreetMap"},"geometry":{"type":"Point","coordinates":[108.9251635,34.3285265]}},{"type":"Feature","properties":{"node_id":"8987119225","node_origin":"osm_node","degree":2,"is_intersection":false,"source":"OpenStreetMap"},"geometry":{"type":"Point","coordinates":[108.919109,34.3288211]}},{"type":"Feature","properties":{"node_id":"8987119226","node_origin":"osm_node","degree":2,"is_intersection":false,"source":"OpenStreetMap"},"geometry":{"type":"Point","coordinates":[108.9191129,34.3285553]}},{"type":"Feature","properties":{"node_id":"8987119227","node_origin":"osm_node","degree":2,"is_intersection":false,"source":"OpenStreetMap"},"geometry":{"type":"Point","coordinates":[108.9189773,34.3287054]}},{"type":"Feature","properties":{"node_id":"8987119228","node_origin":"osm_node","degree":2,"is_intersection":false,"source":"OpenStreetMap"},"geometry":{"type":"Point","coordinates":[108.918977,34.3286482]}},{"type":"Feature","properties":{"node_id":"8987119229","node_origin":"osm_node","degree":2,"is_intersection":false,"source":"OpenStreetMap"},"geometry":{"type":"Point","coordinates":[108.9192798,34.3287216]}},{"type":"Feature","properties":{"node_id":"8987119230","node_origin":"osm_node","degree":2,"is_intersection":false,"source":"OpenStreetMap"},"geometry":{"type":"Point","coordinates":[108.9192751,34.3286654]}},{"type":"Feature","properties":{"node_id":"8987119231","node_origin":"osm_node","degree":2,"is_intersection":false,"source":"OpenStreetMap"},"geometry":{"type":"Point","coordinates":[108.9164362,34.3285711]}},{"type":"Feature","properties":{"node_id":"8987119232","node_origin":"osm_node","degree":2,"is_intersection":false,"source":"OpenStreetMap"},"geometry":{"type":"Point","coordinates":[108.9164394,34.328489]}},{"type":"Feature","properties":{"node_id":"8987119233","node_origin":"osm_node","degree":2,"is_intersection":false,"source":"OpenStreetMap"},"geometry":{"type":"Point","coordinates":[108.9191075,34.3245819]}},{"type":"Feature","properties":{"node_id":"8987119234","node_origin":"osm_node","degree":2,"is_intersection":false,"source":"OpenStreetMap"},"geometry":{"type":"Point","coordinates":[108.9189632,34.3244961]}},{"type":"Feature","properties":{"node_id":"8987119235","node_origin":"osm_node","degree":2,"is_intersection":false,"source":"OpenStreetMap"},"geometry":{"type":"Point","coordinates":[108.919255,34.324486]}},{"type":"Feature","properties":{"node_id":"8987119236","node_origin":"osm_node","degree":2,"is_intersection":false,"source":"OpenStreetMap"},"geometry":{"type":"Point","coordinates":[108.9250335,34.3243668]}},{"type":"Feature","properties":{"node_id":"8987119237","node_origin":"osm_node","degree":2,"is_intersection":false,"source":"OpenStreetMap"},"geometry":{"type":"Point","coordinates":[108.9251783,34.3243669]}},{"type":"Feature","properties":{"node_id":"8987119238","node_origin":"osm_node","degree":2,"is_intersection":false,"source":"OpenStreetMap"},"geometry":{"type":"Point","coordinates":[108.925178,34.324171]}},{"type":"Feature","properties":{"node_id":"8987119239","node_origin":"osm_node","degree":2,"is_intersection":false,"source":"OpenStreetMap"},"geometry":{"type":"Point","coordinates":[108.9250321,34.324178]}},{"type":"Feature","properties":{"node_id":"8987119240","node_origin":"osm_node","degree":2,"is_intersection":false,"source":"OpenStreetMap"},"geometry":{"type":"Point","coordinates":[108.9290018,34.3241041]}},{"type":"Feature","properties":{"node_id":"8987119241","node_origin":"osm_node","degree":2,"is_intersection":false,"source":"OpenStreetMap"},"geometry":{"type":"Point","coordinates":[108.9295325,34.3240859]}},{"type":"Feature","properties":{"node_id":"8987119242","node_origin":"osm_node","degree":2,"is_intersection":false,"source":"OpenStreetMap"},"geometry":{"type":"Point","coordinates":[108.9291904,34.324008]}},{"type":"Feature","properties":{"node_id":"8987119243","node_origin":"osm_node","degree":2,"is_intersection":false,"source":"OpenStreetMap"},"geometry":{"type":"Point","coordinates":[108.9329648,34.3241117]}},{"type":"Feature","properties":{"node_id":"8987119244","node_origin":"osm_node","degree":2,"is_intersection":false,"source":"OpenStreetMap"},"geometry":{"type":"Point","coordinates":[108.9331991,34.3241103]}},{"type":"Feature","properties":{"node_id":"8987119245","node_origin":"osm_node","degree":2,"is_intersection":false,"source":"OpenStreetMap"},"geometry":{"type":"Point","coordinates":[108.9327427,34.3239887]}},{"type":"Feature","properties":{"node_id":"8987119246","node_origin":"osm_node","degree":2,"is_intersection":false,"source":"OpenStreetMap"},"geometry":{"type":"Point","coordinates":[108.9329663,34.3238305]}},{"type":"Feature","properties":{"node_id":"8987119247","node_origin":"osm_node","degree":2,"is_intersection":false,"source":"OpenStreetMap"},"geometry":{"type":"Point","coordinates":[108.9332007,34.3238277]}},{"type":"Feature","properties":{"node_id":"8987119248","node_origin":"osm_node","degree":2,"is_intersection":false,"source":"OpenStreetMap"},"geometry":{"type":"Point","coordinates":[108.9334023,34.3239616]}},{"type":"Feature","properties":{"node_id":"8987119249","node_origin":"osm_node","degree":2,"is_intersection":false,"source":"OpenStreetMap"},"geometry":{"type":"Point","coordinates":[108.9370393,34.3238131]}},{"type":"Feature","properties":{"node_id":"8987119250","node_origin":"osm_node","degree":2,"is_intersection":false,"source":"OpenStreetMap"},"geometry":{"type":"Point","coordinates":[108.9368376,34.3238211]}},{"type":"Feature","properties":{"node_id":"8987119257","node_origin":"osm_node","degree":2,"is_intersection":false,"source":"OpenStreetMap"},"geometry":{"type":"Point","coordinates":[108.9465542,34.3236008]}},{"type":"Feature","properties":{"node_id":"8987119258","node_origin":"osm_node","degree":2,"is_intersection":false,"source":"OpenStreetMap"},"geometry":{"type":"Point","coordinates":[108.9490637,34.3236822]}},{"type":"Feature","properties":{"node_id":"8987119259","node_origin":"osm_node","degree":2,"is_intersection":false,"source":"OpenStreetMap"},"geometry":{"type":"Point","coordinates":[108.9488801,34.3235974]}},{"type":"Feature","properties":{"node_id":"8987119260","node_origin":"osm_node","degree":2,"is_intersection":false,"source":"OpenStreetMap"},"geometry":{"type":"Point","coordinates":[108.9490634,34.3234933]}},{"type":"Feature","properties":{"node_id":"8987119261","node_origin":"osm_node","degree":2,"is_intersection":false,"source":"OpenStreetMap"},"geometry":{"type":"Point","coordinates":[108.9492392,34.3235975]}},{"type":"Feature","properties":{"node_id":"8987119262","node_origin":"osm_node","degree":2,"is_intersection":false,"source":"OpenStreetMap"},"geometry":{"type":"Point","coordinates":[108.9523347,34.3237032]}},{"type":"Feature","properties":{"node_id":"8987119263","node_origin":"osm_node","degree":2,"is_intersection":false,"source":"OpenStreetMap"},"geometry":{"type":"Point","coordinates":[108.9523395,34.3234991]}},{"type":"Feature","properties":{"node_id":"8987119264","node_origin":"osm_node","degree":2,"is_intersection":false,"source":"OpenStreetMap"},"geometry":{"type":"Point","coordinates":[108.9555411,34.3237773]}},{"type":"Feature","properties":{"node_id":"8987119265","node_origin":"osm_node","degree":2,"is_intersection":false,"source":"OpenStreetMap"},"geometry":{"type":"Point","coordinates":[108.9556615,34.3237815]}},{"type":"Feature","properties":{"node_id":"8987119266","node_origin":"osm_node","degree":2,"is_intersection":false,"source":"OpenStreetMap"},"geometry":{"type":"Point","coordinates":[108.9555407,34.3234695]}},{"type":"Feature","properties":{"node_id":"8987119267","node_origin":"osm_node","degree":2,"is_intersection":false,"source":"OpenStreetMap"},"geometry":{"type":"Point","coordinates":[108.9556619,34.3234807]}},{"type":"Feature","properties":{"node_id":"8987126917","node_origin":"osm_node","degree":2,"is_intersection":false,"source":"OpenStreetMap"},"geometry":{"type":"Point","coordinates":[108.9223994,34.3194473]}},{"type":"Feature","properties":{"node_id":"8987126918","node_origin":"osm_node","degree":2,"is_intersection":false,"source":"OpenStreetMap"},"geometry":{"type":"Point","coordinates":[108.9224338,34.3193857]}},{"type":"Feature","properties":{"node_id":"8987126919","node_origin":"osm_node","degree":2,"is_intersection":false,"source":"OpenStreetMap"},"geometry":{"type":"Point","coordinates":[108.9204084,34.3194512]}},{"type":"Feature","properties":{"node_id":"8987126920","node_origin":"osm_node","degree":2,"is_intersection":false,"source":"OpenStreetMap"},"geometry":{"type":"Point","coordinates":[108.9204056,34.3193859]}},{"type":"Feature","properties":{"node_id":"9022218331","node_origin":"osm_node","degree":2,"is_intersection":false,"source":"OpenStreetMap"},"geometry":{"type":"Point","coordinates":[108.925018,34.3648695]}},{"type":"Feature","properties":{"node_id":"9022218332","node_origin":"osm_node","degree":2,"is_intersection":false,"source":"OpenStreetMap"},"geometry":{"type":"Point","coordinates":[108.9251497,34.3648784]}},{"type":"Feature","properties":{"node_id":"9028835939","node_origin":"osm_node","degree":1,"is_intersection":false,"source":"OpenStreetMap"},"geometry":{"type":"Point","coordinates":[108.9248471,34.3665244]}},{"type":"Feature","properties":{"node_id":"9028835941","node_origin":"osm_node","degree":1,"is_intersection":false,"source":"OpenStreetMap"},"geometry":{"type":"Point","coordinates":[108.9253015,34.3665724]}},{"type":"Feature","properties":{"node_id":"9028995236","node_origin":"osm_node","degree":2,"is_intersection":false,"source":"OpenStreetMap"},"geometry":{"type":"Point","coordinates":[108.9250227,34.3637234]}},{"type":"Feature","properties":{"node_id":"9028995237","node_origin":"osm_node","degree":2,"is_intersection":false,"source":"OpenStreetMap"},"geometry":{"type":"Point","coordinates":[108.9251283,34.3637278]}},{"type":"Feature","properties":{"node_id":"9028995238","node_origin":"osm_node","degree":2,"is_intersection":false,"source":"OpenStreetMap"},"geometry":{"type":"Point","coordinates":[108.9250116,34.3618273]}},{"type":"Feature","properties":{"node_id":"9028995239","node_origin":"osm_node","degree":2,"is_intersection":false,"source":"OpenStreetMap"},"geometry":{"type":"Point","coordinates":[108.9251185,34.3618245]}},{"type":"Feature","properties":{"node_id":"9028995240","node_origin":"osm_node","degree":3,"is_intersection":true,"source":"OpenStreetMap"},"geometry":{"type":"Point","coordinates":[108.9249985,34.3596056]}},{"type":"Feature","properties":{"node_id":"9028995241","node_origin":"osm_node","degree":2,"is_intersection":false,"source":"OpenStreetMap"},"geometry":{"type":"Point","coordinates":[108.9247596,34.3594476]}},{"type":"Feature","properties":{"node_id":"9028995243","node_origin":"osm_node","degree":2,"is_intersection":false,"source":"OpenStreetMap"},"geometry":{"type":"Point","coordinates":[108.9249997,34.3598022]}},{"type":"Feature","properties":{"node_id":"9028995244","node_origin":"osm_node","degree":2,"is_intersection":false,"source":"OpenStreetMap"},"geometry":{"type":"Point","coordinates":[108.9251361,34.3598022]}},{"type":"Feature","properties":{"node_id":"9028995245","node_origin":"osm_node","degree":2,"is_intersection":false,"source":"OpenStreetMap"},"geometry":{"type":"Point","coordinates":[108.9250038,34.3593494]}},{"type":"Feature","properties":{"node_id":"9028995246","node_origin":"osm_node","degree":2,"is_intersection":false,"source":"OpenStreetMap"},"geometry":{"type":"Point","coordinates":[108.9254044,34.3596208]}},{"type":"Feature","properties":{"node_id":"9028995247","node_origin":"osm_node","degree":2,"is_intersection":false,"source":"OpenStreetMap"},"geometry":{"type":"Point","coordinates":[108.9254097,34.3595441]}},{"type":"Feature","properties":{"node_id":"9028995248","node_origin":"osm_node","degree":2,"is_intersection":false,"source":"OpenStreetMap"},"geometry":{"type":"Point","coordinates":[108.925139,34.3593472]}},{"type":"Feature","properties":{"node_id":"9028995252","node_origin":"osm_node","degree":2,"is_intersection":false,"source":"OpenStreetMap"},"geometry":{"type":"Point","coordinates":[108.925024,34.3566153]}},{"type":"Feature","properties":{"node_id":"9028995253","node_origin":"osm_node","degree":2,"is_intersection":false,"source":"OpenStreetMap"},"geometry":{"type":"Point","coordinates":[108.9251327,34.3566171]}},{"type":"Feature","properties":{"node_id":"9028995254","node_origin":"osm_node","degree":2,"is_intersection":false,"source":"OpenStreetMap"},"geometry":{"type":"Point","coordinates":[108.925309,34.3564828]}},{"type":"Feature","properties":{"node_id":"9028995255","node_origin":"osm_node","degree":2,"is_intersection":false,"source":"OpenStreetMap"},"geometry":{"type":"Point","coordinates":[108.9250243,34.3563957]}},{"type":"Feature","properties":{"node_id":"9028995256","node_origin":"osm_node","degree":2,"is_intersection":false,"source":"OpenStreetMap"},"geometry":{"type":"Point","coordinates":[108.9251332,34.3563904]}},{"type":"Feature","properties":{"node_id":"9028995257","node_origin":"osm_node","degree":2,"is_intersection":false,"source":"OpenStreetMap"},"geometry":{"type":"Point","coordinates":[108.9262367,34.3534733]}},{"type":"Feature","properties":{"node_id":"9028995258","node_origin":"osm_node","degree":2,"is_intersection":false,"source":"OpenStreetMap"},"geometry":{"type":"Point","coordinates":[108.926538,34.3535009]}},{"type":"Feature","properties":{"node_id":"9028995289","node_origin":"osm_node","degree":2,"is_intersection":false,"source":"OpenStreetMap"},"geometry":{"type":"Point","coordinates":[108.9669333,34.3404889]}},{"type":"Feature","properties":{"node_id":"9035036052","node_origin":"osm_node","degree":2,"is_intersection":false,"source":"OpenStreetMap"},"geometry":{"type":"Point","coordinates":[108.9150771,34.3616918]}},{"type":"Feature","properties":{"node_id":"9105817853","node_origin":"osm_node","degree":2,"is_intersection":false,"source":"OpenStreetMap"},"geometry":{"type":"Point","coordinates":[108.9543637,34.3425936]}},{"type":"Feature","properties":{"node_id":"9105817854","node_origin":"osm_node","degree":2,"is_intersection":false,"source":"OpenStreetMap"},"geometry":{"type":"Point","coordinates":[108.9574983,34.3425029]}},{"type":"Feature","properties":{"node_id":"9105817855","node_origin":"osm_node","degree":2,"is_intersection":false,"source":"OpenStreetMap"},"geometry":{"type":"Point","coordinates":[108.953698,34.342515]}},{"type":"Feature","properties":{"node_id":"9105817856","node_origin":"osm_node","degree":2,"is_intersection":false,"source":"OpenStreetMap"},"geometry":{"type":"Point","coordinates":[108.9594128,34.342596]}},{"type":"Feature","properties":{"node_id":"9105817859","node_origin":"osm_node","degree":2,"is_intersection":false,"source":"OpenStreetMap"},"geometry":{"type":"Point","coordinates":[108.9621067,34.3423998]}},{"type":"Feature","properties":{"node_id":"9105817862","node_origin":"osm_node","degree":2,"is_intersection":false,"source":"OpenStreetMap"},"geometry":{"type":"Point","coordinates":[108.9675504,34.3420044]}},{"type":"Feature","properties":{"node_id":"9631956942","node_origin":"osm_node","degree":2,"is_intersection":false,"source":"OpenStreetMap"},"geometry":{"type":"Point","coordinates":[108.9107364,34.3638442]}},{"type":"Feature","properties":{"node_id":"9631956963","node_origin":"osm_node","degree":2,"is_intersection":false,"source":"OpenStreetMap"},"geometry":{"type":"Point","coordinates":[108.9108803,34.3642264]}},{"type":"Feature","properties":{"node_id":"9699515962","node_origin":"osm_node","degree":2,"is_intersection":false,"source":"OpenStreetMap"},"geometry":{"type":"Point","coordinates":[108.9524597,34.3208289]}},{"type":"Feature","properties":{"node_id":"9995350875","node_origin":"osm_node","degree":2,"is_intersection":false,"source":"OpenStreetMap"},"geometry":{"type":"Point","coordinates":[108.9491415,34.3582628]}},{"type":"Feature","properties":{"node_id":"9995350899","node_origin":"osm_node","degree":2,"is_intersection":false,"source":"OpenStreetMap"},"geometry":{"type":"Point","coordinates":[108.9468848,34.3664828]}},{"type":"Feature","properties":{"node_id":"9995350900","node_origin":"osm_node","degree":2,"is_intersection":false,"source":"OpenStreetMap"},"geometry":{"type":"Point","coordinates":[108.9467633,34.3663171]}},{"type":"Feature","properties":{"node_id":"9995350901","node_origin":"osm_node","degree":2,"is_intersection":false,"source":"OpenStreetMap"},"geometry":{"type":"Point","coordinates":[108.9466606,34.3662053]}},{"type":"Feature","properties":{"node_id":"9995350902","node_origin":"osm_node","degree":2,"is_intersection":false,"source":"OpenStreetMap"},"geometry":{"type":"Point","coordinates":[108.9463944,34.3658082]}},{"type":"Feature","properties":{"node_id":"9995350903","node_origin":"osm_node","degree":2,"is_intersection":false,"source":"OpenStreetMap"},"geometry":{"type":"Point","coordinates":[108.9463524,34.3656194]}},{"type":"Feature","properties":{"node_id":"9995350904","node_origin":"osm_node","degree":2,"is_intersection":false,"source":"OpenStreetMap"},"geometry":{"type":"Point","coordinates":[108.946343,34.3653611]}},{"type":"Feature","properties":{"node_id":"9995350905","node_origin":"osm_node","degree":2,"is_intersection":false,"source":"OpenStreetMap"},"geometry":{"type":"Point","coordinates":[108.9463337,34.3652069]}},{"type":"Feature","properties":{"node_id":"9995350906","node_origin":"osm_node","degree":2,"is_intersection":false,"source":"OpenStreetMap"},"geometry":{"type":"Point","coordinates":[108.9463337,34.3649448]}},{"type":"Feature","properties":{"node_id":"9995350907","node_origin":"osm_node","degree":2,"is_intersection":false,"source":"OpenStreetMap"},"geometry":{"type":"Point","coordinates":[108.9462543,34.3646209]}},{"type":"Feature","properties":{"node_id":"9995350908","node_origin":"osm_node","degree":2,"is_intersection":false,"source":"OpenStreetMap"},"geometry":{"type":"Point","coordinates":[108.9460115,34.3636534]}},{"type":"Feature","properties":{"node_id":"9995350909","node_origin":"osm_node","degree":2,"is_intersection":false,"source":"OpenStreetMap"},"geometry":{"type":"Point","coordinates":[108.9458854,34.3631792]}},{"type":"Feature","properties":{"node_id":"9995350910","node_origin":"osm_node","degree":2,"is_intersection":false,"source":"OpenStreetMap"},"geometry":{"type":"Point","coordinates":[108.9457733,34.3626703]}},{"type":"Feature","properties":{"node_id":"9995350911","node_origin":"osm_node","degree":2,"is_intersection":false,"source":"OpenStreetMap"},"geometry":{"type":"Point","coordinates":[108.9457359,34.3624352]}},{"type":"Feature","properties":{"node_id":"9995350912","node_origin":"osm_node","degree":2,"is_intersection":false,"source":"OpenStreetMap"},"geometry":{"type":"Point","coordinates":[108.9455164,34.3621114]}},{"type":"Feature","properties":{"node_id":"9995350913","node_origin":"osm_node","degree":2,"is_intersection":false,"source":"OpenStreetMap"},"geometry":{"type":"Point","coordinates":[108.9452176,34.3617528]}},{"type":"Feature","properties":{"node_id":"9995350914","node_origin":"osm_node","degree":2,"is_intersection":false,"source":"OpenStreetMap"},"geometry":{"type":"Point","coordinates":[108.9449047,34.3612671]}},{"type":"Feature","properties":{"node_id":"9995350915","node_origin":"osm_node","degree":2,"is_intersection":false,"source":"OpenStreetMap"},"geometry":{"type":"Point","coordinates":[108.9447926,34.3610512]}},{"type":"Feature","properties":{"node_id":"9995350916","node_origin":"osm_node","degree":2,"is_intersection":false,"source":"OpenStreetMap"},"geometry":{"type":"Point","coordinates":[108.9447412,34.3608662]}},{"type":"Feature","properties":{"node_id":"9995353117","node_origin":"osm_node","degree":2,"is_intersection":false,"source":"OpenStreetMap"},"geometry":{"type":"Point","coordinates":[108.9447319,34.3606272]}},{"type":"Feature","properties":{"node_id":"9995353118","node_origin":"osm_node","degree":2,"is_intersection":false,"source":"OpenStreetMap"},"geometry":{"type":"Point","coordinates":[108.9447319,34.3604344]}},{"type":"Feature","properties":{"node_id":"9995353119","node_origin":"osm_node","degree":2,"is_intersection":false,"source":"OpenStreetMap"},"geometry":{"type":"Point","coordinates":[108.9446758,34.360207]}},{"type":"Feature","properties":{"node_id":"9995353120","node_origin":"osm_node","degree":3,"is_intersection":true,"source":"OpenStreetMap"},"geometry":{"type":"Point","coordinates":[108.944523,34.359846]}},{"type":"Feature","properties":{"node_id":"9995537609","node_origin":"osm_node","degree":1,"is_intersection":false,"source":"OpenStreetMap"},"geometry":{"type":"Point","coordinates":[108.9199194,34.3656357]}},{"type":"Feature","properties":{"node_id":"9995537613","node_origin":"osm_node","degree":1,"is_intersection":false,"source":"OpenStreetMap"},"geometry":{"type":"Point","coordinates":[108.9222833,34.3661101]}},{"type":"Feature","properties":{"node_id":"xian_clip_108.9098000_34.3194257","node_origin":"derived_boundary","degree":1,"is_intersection":false,"source":"OpenStreetMap"},"geometry":{"type":"Point","coordinates":[108.9098,34.3194257]}},{"type":"Feature","properties":{"node_id":"xian_clip_108.9098000_34.3218314","node_origin":"derived_boundary","degree":1,"is_intersection":false,"source":"OpenStreetMap"},"geometry":{"type":"Point","coordinates":[108.9098,34.3218314]}},{"type":"Feature","properties":{"node_id":"xian_clip_108.9098000_34.3247059","node_origin":"derived_boundary","degree":1,"is_intersection":false,"source":"OpenStreetMap"},"geometry":{"type":"Point","coordinates":[108.9098,34.3247059]}},{"type":"Feature","properties":{"node_id":"xian_clip_108.9098000_34.3251841","node_origin":"derived_boundary","degree":1,"is_intersection":false,"source":"OpenStreetMap"},"geometry":{"type":"Point","coordinates":[108.9098,34.3251841]}},{"type":"Feature","properties":{"node_id":"xian_clip_108.9098000_34.3282034","node_origin":"derived_boundary","degree":1,"is_intersection":false,"source":"OpenStreetMap"},"geometry":{"type":"Point","coordinates":[108.9098,34.3282034]}},{"type":"Feature","properties":{"node_id":"xian_clip_108.9098000_34.3282565","node_origin":"derived_boundary","degree":1,"is_intersection":false,"source":"OpenStreetMap"},"geometry":{"type":"Point","coordinates":[108.9098,34.3282565]}},{"type":"Feature","properties":{"node_id":"xian_clip_108.9098000_34.3353838","node_origin":"derived_boundary","degree":1,"is_intersection":false,"source":"OpenStreetMap"},"geometry":{"type":"Point","coordinates":[108.9098,34.3353838]}},{"type":"Feature","properties":{"node_id":"xian_clip_108.9098000_34.3361978","node_origin":"derived_boundary","degree":1,"is_intersection":false,"source":"OpenStreetMap"},"geometry":{"type":"Point","coordinates":[108.9098,34.3361978]}},{"type":"Feature","properties":{"node_id":"xian_clip_108.9098000_34.3372925","node_origin":"derived_boundary","degree":1,"is_intersection":false,"source":"OpenStreetMap"},"geometry":{"type":"Point","coordinates":[108.9098,34.3372925]}},{"type":"Feature","properties":{"node_id":"xian_clip_108.9098000_34.3378619","node_origin":"derived_boundary","degree":1,"is_intersection":false,"source":"OpenStreetMap"},"geometry":{"type":"Point","coordinates":[108.9098,34.3378619]}},{"type":"Feature","properties":{"node_id":"xian_clip_108.9098000_34.3397374","node_origin":"derived_boundary","degree":1,"is_intersection":false,"source":"OpenStreetMap"},"geometry":{"type":"Point","coordinates":[108.9098,34.3397374]}},{"type":"Feature","properties":{"node_id":"xian_clip_108.9098000_34.3409709","node_origin":"derived_boundary","degree":1,"is_intersection":false,"source":"OpenStreetMap"},"geometry":{"type":"Point","coordinates":[108.9098,34.3409709]}},{"type":"Feature","properties":{"node_id":"xian_clip_108.9098000_34.3414064","node_origin":"derived_boundary","degree":1,"is_intersection":false,"source":"OpenStreetMap"},"geometry":{"type":"Point","coordinates":[108.9098,34.3414064]}},{"type":"Feature","properties":{"node_id":"xian_clip_108.9098000_34.3418901","node_origin":"derived_boundary","degree":1,"is_intersection":false,"source":"OpenStreetMap"},"geometry":{"type":"Point","coordinates":[108.9098,34.3418901]}},{"type":"Feature","properties":{"node_id":"xian_clip_108.9098000_34.3454910","node_origin":"derived_boundary","degree":1,"is_intersection":false,"source":"OpenStreetMap"},"geometry":{"type":"Point","coordinates":[108.9098,34.345491]}},{"type":"Feature","properties":{"node_id":"xian_clip_108.9098000_34.3533164","node_origin":"derived_boundary","degree":1,"is_intersection":false,"source":"OpenStreetMap"},"geometry":{"type":"Point","coordinates":[108.9098,34.3533164]}},{"type":"Feature","properties":{"node_id":"xian_clip_108.9098000_34.3570359","node_origin":"derived_boundary","degree":1,"is_intersection":false,"source":"OpenStreetMap"},"geometry":{"type":"Point","coordinates":[108.9098,34.3570359]}},{"type":"Feature","properties":{"node_id":"xian_clip_108.9098000_34.3636028","node_origin":"derived_boundary","degree":1,"is_intersection":false,"source":"OpenStreetMap"},"geometry":{"type":"Point","coordinates":[108.9098,34.3636028]}},{"type":"Feature","properties":{"node_id":"xian_clip_108.9099637_34.3166000","node_origin":"derived_boundary","degree":1,"is_intersection":false,"source":"OpenStreetMap"},"geometry":{"type":"Point","coordinates":[108.9099637,34.3166]}},{"type":"Feature","properties":{"node_id":"xian_clip_108.9100087_34.3666000","node_origin":"derived_boundary","degree":1,"is_intersection":false,"source":"OpenStreetMap"},"geometry":{"type":"Point","coordinates":[108.9100087,34.3666]}},{"type":"Feature","properties":{"node_id":"xian_clip_108.9136566_34.3666000","node_origin":"derived_boundary","degree":1,"is_intersection":false,"source":"OpenStreetMap"},"geometry":{"type":"Point","coordinates":[108.9136566,34.3666]}},{"type":"Feature","properties":{"node_id":"xian_clip_108.9138250_34.3666000","node_origin":"derived_boundary","degree":1,"is_intersection":false,"source":"OpenStreetMap"},"geometry":{"type":"Point","coordinates":[108.913825,34.3666]}},{"type":"Feature","properties":{"node_id":"xian_clip_108.9158339_34.3666000","node_origin":"derived_boundary","degree":1,"is_intersection":false,"source":"OpenStreetMap"},"geometry":{"type":"Point","coordinates":[108.9158339,34.3666]}},{"type":"Feature","properties":{"node_id":"xian_clip_108.9160254_34.3666000","node_origin":"derived_boundary","degree":1,"is_intersection":false,"source":"OpenStreetMap"},"geometry":{"type":"Point","coordinates":[108.9160254,34.3666]}},{"type":"Feature","properties":{"node_id":"xian_clip_108.9177342_34.3166000","node_origin":"derived_boundary","degree":1,"is_intersection":false,"source":"OpenStreetMap"},"geometry":{"type":"Point","coordinates":[108.9177342,34.3166]}},{"type":"Feature","properties":{"node_id":"xian_clip_108.9182702_34.3166000","node_origin":"derived_boundary","degree":1,"is_intersection":false,"source":"OpenStreetMap"},"geometry":{"type":"Point","coordinates":[108.9182702,34.3166]}},{"type":"Feature","properties":{"node_id":"xian_clip_108.9198263_34.3666000","node_origin":"derived_boundary","degree":1,"is_intersection":false,"source":"OpenStreetMap"},"geometry":{"type":"Point","coordinates":[108.9198263,34.3666]}},{"type":"Feature","properties":{"node_id":"xian_clip_108.9199279_34.3666000","node_origin":"derived_boundary","degree":1,"is_intersection":false,"source":"OpenStreetMap"},"geometry":{"type":"Point","coordinates":[108.9199279,34.3666]}},{"type":"Feature","properties":{"node_id":"xian_clip_108.9222840_34.3666000","node_origin":"derived_boundary","degree":1,"is_intersection":false,"source":"OpenStreetMap"},"geometry":{"type":"Point","coordinates":[108.922284,34.3666]}},{"type":"Feature","properties":{"node_id":"xian_clip_108.9248479_34.3666000","node_origin":"derived_boundary","degree":1,"is_intersection":false,"source":"OpenStreetMap"},"geometry":{"type":"Point","coordinates":[108.9248479,34.3666]}},{"type":"Feature","properties":{"node_id":"xian_clip_108.9249974_34.3666000","node_origin":"derived_boundary","degree":1,"is_intersection":false,"source":"OpenStreetMap"},"geometry":{"type":"Point","coordinates":[108.9249974,34.3666]}},{"type":"Feature","properties":{"node_id":"xian_clip_108.9250393_34.3166000","node_origin":"derived_boundary","degree":1,"is_intersection":false,"source":"OpenStreetMap"},"geometry":{"type":"Point","coordinates":[108.9250393,34.3166]}},{"type":"Feature","properties":{"node_id":"xian_clip_108.9251468_34.3166000","node_origin":"derived_boundary","degree":1,"is_intersection":false,"source":"OpenStreetMap"},"geometry":{"type":"Point","coordinates":[108.9251468,34.3166]}},{"type":"Feature","properties":{"node_id":"xian_clip_108.9251577_34.3666000","node_origin":"derived_boundary","degree":1,"is_intersection":false,"source":"OpenStreetMap"},"geometry":{"type":"Point","coordinates":[108.9251577,34.3666]}},{"type":"Feature","properties":{"node_id":"xian_clip_108.9253015_34.3666000","node_origin":"derived_boundary","degree":1,"is_intersection":false,"source":"OpenStreetMap"},"geometry":{"type":"Point","coordinates":[108.9253015,34.3666]}},{"type":"Feature","properties":{"node_id":"xian_clip_108.9329949_34.3166000","node_origin":"derived_boundary","degree":1,"is_intersection":false,"source":"OpenStreetMap"},"geometry":{"type":"Point","coordinates":[108.9329949,34.3166]}},{"type":"Feature","properties":{"node_id":"xian_clip_108.9332256_34.3166000","node_origin":"derived_boundary","degree":1,"is_intersection":false,"source":"OpenStreetMap"},"geometry":{"type":"Point","coordinates":[108.9332256,34.3166]}},{"type":"Feature","properties":{"node_id":"xian_clip_108.9344560_34.3666000","node_origin":"derived_boundary","degree":1,"is_intersection":false,"source":"OpenStreetMap"},"geometry":{"type":"Point","coordinates":[108.934456,34.3666]}},{"type":"Feature","properties":{"node_id":"xian_clip_108.9346121_34.3666000","node_origin":"derived_boundary","degree":1,"is_intersection":false,"source":"OpenStreetMap"},"geometry":{"type":"Point","coordinates":[108.9346121,34.3666]}},{"type":"Feature","properties":{"node_id":"xian_clip_108.9386640_34.3166000","node_origin":"derived_boundary","degree":1,"is_intersection":false,"source":"OpenStreetMap"},"geometry":{"type":"Point","coordinates":[108.938664,34.3166]}},{"type":"Feature","properties":{"node_id":"xian_clip_108.9387426_34.3666000","node_origin":"derived_boundary","degree":1,"is_intersection":false,"source":"OpenStreetMap"},"geometry":{"type":"Point","coordinates":[108.9387426,34.3666]}},{"type":"Feature","properties":{"node_id":"xian_clip_108.9389097_34.3666000","node_origin":"derived_boundary","degree":1,"is_intersection":false,"source":"OpenStreetMap"},"geometry":{"type":"Point","coordinates":[108.9389097,34.3666]}},{"type":"Feature","properties":{"node_id":"xian_clip_108.9424546_34.3166000","node_origin":"derived_boundary","degree":1,"is_intersection":false,"source":"OpenStreetMap"},"geometry":{"type":"Point","coordinates":[108.9424546,34.3166]}},{"type":"Feature","properties":{"node_id":"xian_clip_108.9426399_34.3166000","node_origin":"derived_boundary","degree":1,"is_intersection":false,"source":"OpenStreetMap"},"geometry":{"type":"Point","coordinates":[108.9426399,34.3166]}},{"type":"Feature","properties":{"node_id":"xian_clip_108.9459383_34.3166000","node_origin":"derived_boundary","degree":1,"is_intersection":false,"source":"OpenStreetMap"},"geometry":{"type":"Point","coordinates":[108.9459383,34.3166]}},{"type":"Feature","properties":{"node_id":"xian_clip_108.9469313_34.3666000","node_origin":"derived_boundary","degree":1,"is_intersection":false,"source":"OpenStreetMap"},"geometry":{"type":"Point","coordinates":[108.9469313,34.3666]}},{"type":"Feature","properties":{"node_id":"xian_clip_108.9490944_34.3166000","node_origin":"derived_boundary","degree":1,"is_intersection":false,"source":"OpenStreetMap"},"geometry":{"type":"Point","coordinates":[108.9490944,34.3166]}},{"type":"Feature","properties":{"node_id":"xian_clip_108.9501824_34.3666000","node_origin":"derived_boundary","degree":1,"is_intersection":false,"source":"OpenStreetMap"},"geometry":{"type":"Point","coordinates":[108.9501824,34.3666]}},{"type":"Feature","properties":{"node_id":"xian_clip_108.9526397_34.3166000","node_origin":"derived_boundary","degree":1,"is_intersection":false,"source":"OpenStreetMap"},"geometry":{"type":"Point","coordinates":[108.9526397,34.3166]}},{"type":"Feature","properties":{"node_id":"xian_clip_108.9527842_34.3666000","node_origin":"derived_boundary","degree":1,"is_intersection":false,"source":"OpenStreetMap"},"geometry":{"type":"Point","coordinates":[108.9527842,34.3666]}},{"type":"Feature","properties":{"node_id":"xian_clip_108.9556191_34.3166000","node_origin":"derived_boundary","degree":1,"is_intersection":false,"source":"OpenStreetMap"},"geometry":{"type":"Point","coordinates":[108.9556191,34.3166]}},{"type":"Feature","properties":{"node_id":"xian_clip_108.9557365_34.3166000","node_origin":"derived_boundary","degree":1,"is_intersection":false,"source":"OpenStreetMap"},"geometry":{"type":"Point","coordinates":[108.9557365,34.3166]}},{"type":"Feature","properties":{"node_id":"xian_clip_108.9572753_34.3166000","node_origin":"derived_boundary","degree":1,"is_intersection":false,"source":"OpenStreetMap"},"geometry":{"type":"Point","coordinates":[108.9572753,34.3166]}},{"type":"Feature","properties":{"node_id":"xian_clip_108.9582733_34.3166000","node_origin":"derived_boundary","degree":1,"is_intersection":false,"source":"OpenStreetMap"},"geometry":{"type":"Point","coordinates":[108.9582733,34.3166]}},{"type":"Feature","properties":{"node_id":"xian_clip_108.9592127_34.3166000","node_origin":"derived_boundary","degree":1,"is_intersection":false,"source":"OpenStreetMap"},"geometry":{"type":"Point","coordinates":[108.9592127,34.3166]}},{"type":"Feature","properties":{"node_id":"xian_clip_108.9598370_34.3166000","node_origin":"derived_boundary","degree":1,"is_intersection":false,"source":"OpenStreetMap"},"geometry":{"type":"Point","coordinates":[108.959837,34.3166]}},{"type":"Feature","properties":{"node_id":"xian_clip_108.9610944_34.3166000","node_origin":"derived_boundary","degree":1,"is_intersection":false,"source":"OpenStreetMap"},"geometry":{"type":"Point","coordinates":[108.9610944,34.3166]}},{"type":"Feature","properties":{"node_id":"xian_clip_108.9611662_34.3166000","node_origin":"derived_boundary","degree":1,"is_intersection":false,"source":"OpenStreetMap"},"geometry":{"type":"Point","coordinates":[108.9611662,34.3166]}},{"type":"Feature","properties":{"node_id":"xian_clip_108.9628838_34.3166000","node_origin":"derived_boundary","degree":1,"is_intersection":false,"source":"OpenStreetMap"},"geometry":{"type":"Point","coordinates":[108.9628838,34.3166]}},{"type":"Feature","properties":{"node_id":"xian_clip_108.9643859_34.3166000","node_origin":"derived_boundary","degree":1,"is_intersection":false,"source":"OpenStreetMap"},"geometry":{"type":"Point","coordinates":[108.9643859,34.3166]}},{"type":"Feature","properties":{"node_id":"xian_clip_108.9667498_34.3166000","node_origin":"derived_boundary","degree":1,"is_intersection":false,"source":"OpenStreetMap"},"geometry":{"type":"Point","coordinates":[108.9667498,34.3166]}},{"type":"Feature","properties":{"node_id":"xian_clip_108.9669089_34.3166000","node_origin":"derived_boundary","degree":1,"is_intersection":false,"source":"OpenStreetMap"},"geometry":{"type":"Point","coordinates":[108.9669089,34.3166]}},{"type":"Feature","properties":{"node_id":"xian_clip_108.9690992_34.3166000","node_origin":"derived_boundary","degree":1,"is_intersection":false,"source":"OpenStreetMap"},"geometry":{"type":"Point","coordinates":[108.9690992,34.3166]}},{"type":"Feature","properties":{"node_id":"xian_clip_108.9698000_34.3185673","node_origin":"derived_boundary","degree":1,"is_intersection":false,"source":"OpenStreetMap"},"geometry":{"type":"Point","coordinates":[108.9698,34.3185673]}},{"type":"Feature","properties":{"node_id":"xian_clip_108.9698000_34.3187145","node_origin":"derived_boundary","degree":1,"is_intersection":false,"source":"OpenStreetMap"},"geometry":{"type":"Point","coordinates":[108.9698,34.3187145]}},{"type":"Feature","properties":{"node_id":"xian_clip_108.9698000_34.3207042","node_origin":"derived_boundary","degree":1,"is_intersection":false,"source":"OpenStreetMap"},"geometry":{"type":"Point","coordinates":[108.9698,34.3207042]}},{"type":"Feature","properties":{"node_id":"xian_clip_108.9698000_34.3235688","node_origin":"derived_boundary","degree":1,"is_intersection":false,"source":"OpenStreetMap"},"geometry":{"type":"Point","coordinates":[108.9698,34.3235688]}},{"type":"Feature","properties":{"node_id":"xian_clip_108.9698000_34.3243402","node_origin":"derived_boundary","degree":1,"is_intersection":false,"source":"OpenStreetMap"},"geometry":{"type":"Point","coordinates":[108.9698,34.3243402]}},{"type":"Feature","properties":{"node_id":"xian_clip_108.9698000_34.3279158","node_origin":"derived_boundary","degree":1,"is_intersection":false,"source":"OpenStreetMap"},"geometry":{"type":"Point","coordinates":[108.9698,34.3279158]}},{"type":"Feature","properties":{"node_id":"xian_clip_108.9698000_34.3280415","node_origin":"derived_boundary","degree":1,"is_intersection":false,"source":"OpenStreetMap"},"geometry":{"type":"Point","coordinates":[108.9698,34.3280415]}},{"type":"Feature","properties":{"node_id":"xian_clip_108.9698000_34.3309888","node_origin":"derived_boundary","degree":1,"is_intersection":false,"source":"OpenStreetMap"},"geometry":{"type":"Point","coordinates":[108.9698,34.3309888]}},{"type":"Feature","properties":{"node_id":"xian_clip_108.9698000_34.3311592","node_origin":"derived_boundary","degree":1,"is_intersection":false,"source":"OpenStreetMap"},"geometry":{"type":"Point","coordinates":[108.9698,34.3311592]}},{"type":"Feature","properties":{"node_id":"xian_clip_108.9698000_34.3336540","node_origin":"derived_boundary","degree":1,"is_intersection":false,"source":"OpenStreetMap"},"geometry":{"type":"Point","coordinates":[108.9698,34.333654]}},{"type":"Feature","properties":{"node_id":"xian_clip_108.9698000_34.3362164","node_origin":"derived_boundary","degree":1,"is_intersection":false,"source":"OpenStreetMap"},"geometry":{"type":"Point","coordinates":[108.9698,34.3362164]}},{"type":"Feature","properties":{"node_id":"xian_clip_108.9698000_34.3362752","node_origin":"derived_boundary","degree":1,"is_intersection":false,"source":"OpenStreetMap"},"geometry":{"type":"Point","coordinates":[108.9698,34.3362752]}},{"type":"Feature","properties":{"node_id":"xian_clip_108.9698000_34.3413087","node_origin":"derived_boundary","degree":1,"is_intersection":false,"source":"OpenStreetMap"},"geometry":{"type":"Point","coordinates":[108.9698,34.3413087]}},{"type":"Feature","properties":{"node_id":"xian_clip_108.9698000_34.3414321","node_origin":"derived_boundary","degree":1,"is_intersection":false,"source":"OpenStreetMap"},"geometry":{"type":"Point","coordinates":[108.9698,34.3414321]}},{"type":"Feature","properties":{"node_id":"xian_clip_108.9698000_34.3415592","node_origin":"derived_boundary","degree":1,"is_intersection":false,"source":"OpenStreetMap"},"geometry":{"type":"Point","coordinates":[108.9698,34.3415592]}},{"type":"Feature","properties":{"node_id":"xian_clip_108.9698000_34.3416577","node_origin":"derived_boundary","degree":1,"is_intersection":false,"source":"OpenStreetMap"},"geometry":{"type":"Point","coordinates":[108.9698,34.3416577]}},{"type":"Feature","properties":{"node_id":"xian_clip_108.9698000_34.3438293","node_origin":"derived_boundary","degree":1,"is_intersection":false,"source":"OpenStreetMap"},"geometry":{"type":"Point","coordinates":[108.9698,34.3438293]}},{"type":"Feature","properties":{"node_id":"xian_clip_108.9698000_34.3441477","node_origin":"derived_boundary","degree":1,"is_intersection":false,"source":"OpenStreetMap"},"geometry":{"type":"Point","coordinates":[108.9698,34.3441477]}},{"type":"Feature","properties":{"node_id":"xian_clip_108.9698000_34.3443042","node_origin":"derived_boundary","degree":1,"is_intersection":false,"source":"OpenStreetMap"},"geometry":{"type":"Point","coordinates":[108.9698,34.3443042]}},{"type":"Feature","properties":{"node_id":"xian_clip_108.9698000_34.3445573","node_origin":"derived_boundary","degree":1,"is_intersection":false,"source":"OpenStreetMap"},"geometry":{"type":"Point","coordinates":[108.9698,34.3445573]}},{"type":"Feature","properties":{"node_id":"xian_clip_108.9698000_34.3450572","node_origin":"derived_boundary","degree":1,"is_intersection":false,"source":"OpenStreetMap"},"geometry":{"type":"Point","coordinates":[108.9698,34.3450572]}},{"type":"Feature","properties":{"node_id":"xian_clip_108.9698000_34.3453822","node_origin":"derived_boundary","degree":1,"is_intersection":false,"source":"OpenStreetMap"},"geometry":{"type":"Point","coordinates":[108.9698,34.3453822]}},{"type":"Feature","properties":{"node_id":"xian_clip_108.9698000_34.3498792","node_origin":"derived_boundary","degree":1,"is_intersection":false,"source":"OpenStreetMap"},"geometry":{"type":"Point","coordinates":[108.9698,34.3498792]}},{"type":"Feature","properties":{"node_id":"xian_clip_108.9698000_34.3553288","node_origin":"derived_boundary","degree":1,"is_intersection":false,"source":"OpenStreetMap"},"geometry":{"type":"Point","coordinates":[108.9698,34.3553288]}},{"type":"Feature","properties":{"node_id":"xian_clip_108.9698000_34.3554228","node_origin":"derived_boundary","degree":1,"is_intersection":false,"source":"OpenStreetMap"},"geometry":{"type":"Point","coordinates":[108.9698,34.3554228]}},{"type":"Feature","properties":{"node_id":"xian_clip_108.9698000_34.3604052","node_origin":"derived_boundary","degree":1,"is_intersection":false,"source":"OpenStreetMap"},"geometry":{"type":"Point","coordinates":[108.9698,34.3604052]}},{"type":"Feature","properties":{"node_id":"xian_clip_108.9698000_34.3604758","node_origin":"derived_boundary","degree":1,"is_intersection":false,"source":"OpenStreetMap"},"geometry":{"type":"Point","coordinates":[108.9698,34.3604758]}},{"type":"Feature","properties":{"node_id":"xian_clip_108.9698000_34.3624503","node_origin":"derived_boundary","degree":1,"is_intersection":false,"source":"OpenStreetMap"},"geometry":{"type":"Point","coordinates":[108.9698,34.3624503]}}]}