{"type":"FeatureCollection","name":"ghsl_china_major_urban_centres_2024","crs":{"type":"name","properties":{"name":"urn:ogc:def:crs:OGC:1.3:CRS84"}},"features":[{"type":"Feature","properties":{"uc_id":10933,"city_name_en":"Guangzhou","city_name_zh":"广州（珠三角连续城市形态区）","country":"China","urban_area_km2_2025":6454,"population_2025":42987704,"population_density_km2_2025":6660.63,"gdp_average_ppp_1990":3062700,"gdp_average_ppp_2000":26651380,"gdp_average_ppp_2010":79640070,"gdp_average_ppp_2020":131994300,"gdp_total_ppp_1990":24317833216,"gdp_total_ppp_2000":215000000000,"gdp_total_ppp_2010":644000000000,"gdp_total_ppp_2020":1070000000000,"hdi_1990":0.539,"hdi_2000":0.626,"hdi_2010":0.727,"hdi_2020":0.794},"geometry":{"type":"Polygon","coordinates":[[[113.365781313496,23.3722783394738],[113.386821733133,23.3722783394738],[113.382393411583,23.3639221067752],[113.392913210871,23.3639221067752],[113.388486545814,23.3555660741427],[113.399005934572,23.3555660741427],[113.394580926908,23.3472102418582],[113.405099905136,23.3472102418582],[113.400676553964,23.3388546093788],[113.390157986266,23.3388546093788],[113.354848788641,23.2720167400055],[113.365364080183,23.2720167400055],[113.360959303476,23.2636629035842],[113.371474187183,23.2636629035842],[113.35387404559,23.2302495480953],[113.364387297058,23.2302495480953],[113.359992001172,23.2218967061109],[113.381017688437,23.2218967061109],[113.376623635819,23.2135440631947],[113.397648507414,23.2135440631947],[113.393255698064,23.2051916188011],[113.435303813508,23.2051916188011],[113.430911432654,23.1968393732103],[113.451934676503,23.1968393732103],[113.447543538917,23.1884873250507],[113.458054753904,23.1884873250507],[113.453665267423,23.1801354762534],[113.464176075473,23.1801354762534],[113.459788239196,23.1717838254469],[113.470298641208,23.1717838254469],[113.465912454239,23.1634323720848],[113.507952437234,23.1634323720848],[113.503566681456,23.1550811172724],[113.545605040297,23.1550811172724],[113.541219716608,23.1467300604632],[113.551728900504,23.1467300604632],[113.547345227919,23.1383792011104],[113.578871561493,23.1383792011104],[113.583256451295,23.1467300604632],[113.593765635192,23.1467300604632],[113.598152987276,23.1550811172724],[113.608662577211,23.1550811172724],[113.613052393375,23.1634323720848],[113.62356238845,23.1634323720848],[113.627954669591,23.1717838254469],[113.638465071603,23.1717838254469],[113.64285981772,23.1801354762534],[113.66388143472,23.1801354762534],[113.659485874728,23.1717838254469],[113.680506678752,23.1717838254469],[113.67611236652,23.1634323720848],[113.665602371445,23.1634323720848],[113.656820736773,23.1467300604632],[113.66732992067,23.1467300604632],[113.662941785254,23.1383792011104],[113.673450563112,23.1383792011104],[113.669064079698,23.1300285403195],[113.690080824235,23.1300285403195],[113.694468118828,23.1383792011104],[113.704976896686,23.1383792011104],[113.709366654459,23.1467300604632],[113.74089420525,23.1467300604632],[113.73650323026,23.1383792011104],[113.757520785975,23.1383792011104],[113.753131058745,23.1300285403195],[113.805672920537,23.1300285403195],[113.810064675265,23.1383792011104],[113.820573453123,23.1383792011104],[113.824967674624,23.1467300604632],[113.835476858521,23.1467300604632],[113.83108223098,23.1383792011104],[113.852099787595,23.1383792011104],[113.856495225415,23.1467300604632],[113.867004409312,23.1467300604632],[113.875802282829,23.1634323720848],[113.886312278802,23.1634323720848],[113.895119218117,23.1801354762534],[113.884608410067,23.1801354762534],[113.88901456928,23.1884873250507],[113.910036999255,23.1884873250507],[113.905630026168,23.1801354762534],[113.916140835116,23.1801354762534],[113.911735520319,23.1717838254469],[113.932756323445,23.1717838254469],[113.928352260899,23.1634323720848],[113.938862256873,23.1634323720848],[113.9256612326,23.1383792011104],[113.936170010458,23.1383792011104],[113.931773389556,23.1300285403195],[113.952790134093,23.1300285403195],[113.957187566173,23.1383792011104],[113.967696344031,23.1383792011104],[113.972096244682,23.1467300604632],[113.982605428579,23.1467300604632],[113.978205121889,23.1383792011104],[113.999222677605,23.1383792011104],[113.990426632159,23.1216780767172],[114.000934599737,23.1216780767172],[113.992145994139,23.1049777421944],[114.002653150537,23.1049777421944],[113.998261535947,23.0966278718316],[114.008768288104,23.0966278718316],[114.004378329108,23.0882781981202],[114.035897371955,23.0882781981202],[114.031508260969,23.0799287213388],[114.042014203744,23.0799287213388],[114.033241353697,23.063230360506],[114.043746488886,23.063230360506],[114.039362748927,23.0548814753585],[114.049867479875,23.0548814753585],[114.045485395511,23.0465327866011],[114.066494051617,23.0465327866011],[114.070876942668,23.0548814753585],[114.081381674514,23.0548814753585],[114.076998379221,23.0465327866011],[114.087502706825,23.0465327866011],[114.083121067127,23.0381842953385],[114.104128915648,23.0381842953385],[114.108511362033,23.0465327866011],[114.119015689637,23.0465327866011],[114.123400599203,23.0548814753585],[114.144410061996,23.0548814753585],[114.122502072814,23.0131400018599],[114.111999357686,23.0131400018599],[114.107624337674,23.0047922967423],[114.097122024991,23.0047922967423],[114.088378960384,22.9880974751684],[114.098880468177,22.9880974751684],[114.094511616895,22.979750359267],[114.147017144529,22.979750359267],[114.142648338163,22.9714034397743],[114.174150449563,22.9714034397743],[114.169782493902,22.9630567153135],[114.19078309751,22.9630567153135],[114.195151856265,22.9714034397743],[114.205652560065,22.9714034397743],[114.214397052095,22.9880974751684],[114.266904590158,22.9880974751684],[114.258156078168,22.9714034397743],[114.268656781968,22.9714034397743],[114.264285210588,22.9630567153135],[114.24328460698,22.9630567153135],[114.247655374368,22.9714034397743],[114.226653967666,22.9714034397743],[114.222284003372,22.9630567153135],[114.201283398865,22.9630567153135],[114.196916293909,22.9547101878157],[114.133916891468,22.9547101878157],[114.129554249342,22.9463638550766],[114.119054751081,22.9463638550766],[114.110336427873,22.9296717782899],[114.120835124837,22.9296717782899],[114.116478640662,22.9213260331414],[114.105980345245,22.9213260331414],[114.092924400688,22.8962899706841],[114.050936020515,22.8962899706841],[114.055284351581,22.904635129062],[114.023791865629,22.904635129062],[114.019444735611,22.8962899706841],[114.008947641242,22.8962899706841],[113.995919736697,22.8712556652366],[113.985423841579,22.8712556652366],[113.989764030314,22.8796002384952],[113.979267734547,22.8796002384952],[113.987953451605,22.8962899706841],[113.977456356337,22.8962899706841],[113.981801885557,22.904635129062],[113.929314409569,22.904635129062],[113.933659984603,22.9129804838583],[113.902166298502,22.9129804838583],[113.906512718851,22.9213260331414],[113.88551612622,22.9213260331414],[113.881170507169,22.9129804838583],[113.870672611502,22.9129804838583],[113.857649230874,22.887945006518],[113.847152536255,22.887945006518],[113.842815899458,22.8796002384952],[113.832319604589,22.8796002384952],[113.827985411209,22.8712556652366],[113.796497724956,22.8712556652366],[113.809502838343,22.8962899706841],[113.799005743076,22.8962899706841],[113.803344468456,22.904635129062],[113.792846973438,22.904635129062],[113.797187342735,22.9129804838583],[113.786689447967,22.9129804838583],[113.795375521655,22.9296717782899],[113.784876824691,22.9296717782899],[113.789222529981,22.9380177190272],[113.757725236246,22.9380177190272],[113.7533807338,22.9296717782899],[113.742882036836,22.9296717782899],[113.734199969634,22.9129804838583],[113.713204179199,22.9129804838583],[113.717543388771,22.9213260331414],[113.696546797039,22.9213260331414],[113.692208387866,22.9129804838583],[113.6817104922,22.9129804838583],[113.66870872324,22.887945006518],[113.679205418757,22.887945006518],[113.670546979942,22.8712556652366],[113.681042875958,22.8712556652366],[113.676716317361,22.8629112861903],[113.729193796896,22.8629112861903],[113.724867282316,22.8545671032877],[113.745857476246,22.8545671032877],[113.741532203138,22.8462231143213],[113.752026900802,22.8462231143213],[113.747703268915,22.8378793203945],[113.758197567727,22.8378793203945],[113.753875576164,22.829535720955],[113.785357276045,22.829535720955],[113.789680463265,22.8378793203945],[113.800174762077,22.8378793203945],[113.795851176005,22.829535720955],[113.869308475726,22.829535720955],[113.86498413956,22.8211923162783],[113.896464643783,22.8211923162783],[113.892141152932,22.8128491058118],[113.913127359241,22.8128491058118],[113.908805112556,22.8045060898307],[113.929790522958,22.8045060898307],[113.93411356555,22.8128491058118],[113.944606668704,22.8128491058118],[113.961920852288,22.8462231143213],[113.993404944382,22.8462231143213],[113.989072138001,22.8378793203945],[113.978577839189,22.8378793203945],[113.969919154235,22.8211923162783],[113.980412655343,22.8211923162783],[113.976085978168,22.8128491058118],[113.965592875013,22.8128491058118],[113.943992091692,22.7711359671537],[113.954483205977,22.7711359671537],[113.950168770144,22.7627939219286],[113.960659487373,22.7627939219286],[113.939115883617,22.7210866002495],[113.918138416119,22.7210866002495],[113.913836595327,22.712745716901],[113.903348257735,22.712745716901],[113.899048866887,22.7044050263633],[113.888560925452,22.7044050263633],[113.892859920143,22.712745716901],[113.871883244061,22.712745716901],[113.867585041684,22.7044050263633],[113.85709709935,22.7044050263633],[113.844215871726,22.6793841143532],[113.854702627384,22.6793841143532],[113.850412552065,22.6710441961393],[113.871385272865,22.6710441961393],[113.862809632668,22.6543649392087],[113.873295203448,22.6543649392087],[113.869010033829,22.646025599381],[113.879495209351,22.646025599381],[113.870930167477,22.629347498367],[113.881414555177,22.629347498367],[113.877134682923,22.6210087360688],[113.887618676262,22.6210087360688],[113.879064225526,22.6043317892551],[113.889547431042,22.6043317892551],[113.88527285256,22.5959936044562],[113.895755665513,22.5959936044562],[113.89148271927,22.5876556113203],[113.912447557353,22.5876556113203],[113.916721289622,22.5959936044562],[113.948169726684,22.5959936044562],[113.952446665939,22.6043317892551],[113.994379488904,22.6043317892551],[113.990100975801,22.5959936044562],[114.000583787856,22.5959936044562],[113.992032059014,22.5793178109496],[114.002514085043,22.5793178109496],[113.998240868407,22.5709802019576],[114.029685767903,22.5709802019576],[114.033960163129,22.5793178109496],[114.075888266346,22.5793178109496],[114.08016626202,22.5876556113203],[114.09064868151,22.5876556113203],[114.099211546766,22.6043317892551],[114.088728341249,22.6043317892551],[114.093012425704,22.6126701671031],[114.072045226848,22.6126701671031],[114.067761929318,22.6043317892551],[114.057278723801,22.6043317892551],[114.052997849925,22.5959936044562],[114.021549412863,22.5959936044562],[114.025829106353,22.6043317892551],[114.015345900836,22.6043317892551],[114.019627229259,22.6126701671031],[114.00914363028,22.6126701671031],[114.013426594536,22.6210087360688],[114.002942602095,22.6210087360688],[114.007227202182,22.629347498367],[113.996742815381,22.629347498367],[114.001029052199,22.6376864528953],[113.990544271037,22.6376864528953],[113.994832144586,22.646025599381],[113.984346968166,22.646025599381],[113.988636478444,22.6543649392087],[113.978150907664,22.6543649392087],[113.982442055571,22.6627044712763],[113.97195609043,22.6627044712763],[113.97624887417,22.6710441961393],[113.96576251377,22.6710441961393],[113.970056936037,22.6793841143532],[113.949083425618,22.6793841143532],[113.944789793868,22.6710441961393],[113.934303433468,22.6710441961393],[113.925723055556,22.6543649392087],[113.936208626337,22.6543649392087],[113.931921088758,22.646025599381],[113.952891440701,22.646025599381],[113.94003864206,22.6210087360688],[113.92955464872,22.6210087360688],[113.933836491878,22.629347498367],[113.923352104179,22.629347498367],[113.927635581372,22.6376864528953],[113.906666019049,22.6376864528953],[113.915237485673,22.6543649392087],[113.904751914893,22.6543649392087],[113.909040298684,22.6627044712763],[113.898554333543,22.6627044712763],[113.920024750655,22.7044050263633],[113.951488576756,22.7044050263633],[113.955789946593,22.712745716901],[113.966278284185,22.712745716901],[113.983505704885,22.7461104127041],[113.993995628003,22.7461104127041],[113.998307972559,22.7544520703539],[114.008798292732,22.7544520703539],[114.017429891684,22.7711359671537],[114.006938777399,22.7711359671537],[114.02855149394,22.8128491058118],[114.049537699351,22.8128491058118],[114.053867165795,22.8211923162783],[114.064360666904,22.8211923162783],[114.081700568355,22.8545671032877],[114.092195664871,22.8545671032877],[114.096536154543,22.8629112861903],[114.180500121979,22.8629112861903],[114.176156438797,22.8545671032877],[114.186651535313,22.8545671032877],[114.182309500539,22.8462231143213],[114.203298895868,22.8462231143213],[114.198958111549,22.8378793203945],[114.219946709173,22.8378793203945],[114.215607174411,22.829535720955],[114.226101074371,22.829535720955],[114.221763188916,22.8211923162783],[114.200776185801,22.8211923162783],[114.196441143514,22.8128491058118],[114.185948040359,22.8128491058118],[114.18161544149,22.8045060898307],[114.171122737187,22.8045060898307],[114.166792581735,22.7961632677822],[114.156300274488,22.7961632677822],[114.147646890492,22.7794782065829],[114.158138401832,22.7794782065829],[114.153814377382,22.7711359671537],[114.164305491666,22.7711359671537],[114.159983111133,22.7627939219286],[114.180964545591,22.7627939219286],[114.176643413716,22.7544520703539],[114.208114373339,22.7544520703539],[114.21243669638,22.7627939219286],[114.254399565296,22.7627939219286],[114.258725519328,22.7711359671537],[114.269216633612,22.7711359671537],[114.273545030163,22.7794782065829],[114.284036542401,22.7794782065829],[114.288367380573,22.7878206399413],[114.30935119916,22.7878206399413],[114.313684879602,22.7961632677822],[114.324177186849,22.7961632677822],[114.328513311606,22.8045060898307],[114.34949872111,22.8045060898307],[114.319183248267,22.7461104127041],[114.329673171385,22.7461104127041],[114.316710302172,22.7210866002495],[114.327199035921,22.7210866002495],[114.322881768598,22.712745716901],[114.343858443782,22.712745716901],[114.339542426016,22.7044050263633],[114.381494193552,22.7044050263633],[114.377178633927,22.6960645297388],[114.398153726279,22.6960645297388],[114.393839417108,22.6877242256442],[114.383352267089,22.6877242256442],[114.37904039415,22.6793841143532],[114.368553638491,22.6793841143532],[114.364244200884,22.6710441961393],[114.332785120582,22.6710441961393],[114.328478907927,22.6627044712763],[114.265563116182,22.6627044712763],[114.261261310661,22.6543649392087],[114.250775739881,22.6543649392087],[114.246476365202,22.646025599381],[114.235991189679,22.646025599381],[114.223106459523,22.6210087360688],[114.233590452862,22.6210087360688],[114.229299217818,22.6126701671031],[114.197848419983,22.6126701671031],[114.193560398213,22.6043317892551],[114.183077192696,22.6043317892551],[114.178791597275,22.5959936044562],[114.168308785221,22.5959936044562],[114.164025614353,22.5876556113203],[114.15354319576,22.5876556113203],[114.149262448547,22.5793178109496],[114.170226499706,22.5793178109496],[114.16594699666,22.5709802019576],[114.186910262691,22.5709802019576],[114.178355774225,22.5543055591994],[114.167874925888,22.5543055591994],[114.163601117262,22.5459685251481],[114.153120662387,22.5459685251481],[114.148849272924,22.5376316835647],[114.127889146504,22.5376316835647],[114.123620568768,22.5292950330619],[114.092181555033,22.5292950330619],[114.087916178893,22.5209585730818],[114.077436899014,22.5209585730818],[114.073173939341,22.5126223055558],[114.062695051128,22.5126223055558],[114.058434507025,22.504286229096],[114.026999017381,22.504286229096],[114.031258387386,22.5126223055558],[114.020779500071,22.5126223055558],[114.025040501416,22.5209585730818],[113.951685544958,22.5209585730818],[113.947427284373,22.5126223055558],[113.957906171688,22.5126223055558],[113.94939493351,22.4959503431442],[113.959873038393,22.4959503431442],[113.955620059902,22.4876146488017],[113.966097774017,22.4876146488017],[113.957597095535,22.470943833541],[113.947120162954,22.470943833541],[113.951369101721,22.4792791455102],[113.919937130778,22.4792791455102],[113.911443616361,22.4626087115051],[113.900967074547,22.4626087115051],[113.892482413027,22.4459390399781],[113.871530888874,22.4459390399781],[113.875771431089,22.4542737805039],[113.865295279144,22.4542737805039],[113.869537448207,22.4626087115051],[113.859060905495,22.4626087115051],[113.867550514037,22.4792791455102],[113.857073190689,22.4792791455102],[113.861320631965,22.4876146488017],[113.850842916951,22.4876146488017],[113.855091985974,22.4959503431442],[113.844613880194,22.4959503431442],[113.840365202836,22.4876146488017],[113.829887488721,22.4876146488017],[113.834135775311,22.4959503431442],[113.82365766953,22.4959503431442],[113.836413469884,22.5209585730818],[113.846892749763,22.5209585730818],[113.851149114902,22.5292950330619],[113.840669443358,22.5292950330619],[113.853449492834,22.5543055591994],[113.842968644497,22.5543055591994],[113.83870699906,22.5459685251481],[113.828226543286,22.5459685251481],[113.841016372721,22.5709802019576],[113.830534740154,22.5709802019576],[113.83480167038,22.5793178109496],[113.813837618323,22.5793178109496],[113.822375979334,22.5959936044562],[113.811893167279,22.5959936044562],[113.828992618476,22.629347498367],[113.818508231674,22.629347498367],[113.82278776706,22.6376864528953],[113.812302985899,22.6376864528953],[113.816584154422,22.646025599381],[113.806098978001,22.646025599381],[113.81038178056,22.6543649392087],[113.799896209779,22.6543649392087],[113.804180646373,22.6627044712763],[113.751750819769,22.6627044712763],[113.764610377334,22.6877242256442],[113.754123227315,22.6877242256442],[113.758413409534,22.6960645297388],[113.747925863358,22.6960645297388],[113.756511528754,22.712745716901],[113.766999866345,22.712745716901],[113.779894789685,22.7377689484253],[113.769405263622,22.7377689484253],[113.773707240721,22.7461104127041],[113.742237470467,22.7461104127041],[113.746540291084,22.7544520703539],[113.73604997091,22.7544520703539],[113.744660920288,22.7711359671537],[113.734169806003,22.7711359671537],[113.738477935663,22.7794782065829],[113.727986423425,22.7794782065829],[113.732296190714,22.7878206399413],[113.69032855354,22.7878206399413],[113.686020377167,22.7794782065829],[113.675528865828,22.7794782065829],[113.671223120297,22.7711359671537],[113.639749777443,22.7711359671537],[113.64405433091,22.7794782065829],[113.633562818672,22.7794782065829],[113.63786900797,22.7878206399413],[113.627377098677,22.7878206399413],[113.635994783623,22.8045060898307],[113.625502078422,22.8045060898307],[113.629813574968,22.8128491058118],[113.598334266402,22.8128491058118],[113.602646603771,22.8211923162783],[113.592153101765,22.8211923162783],[113.596467076762,22.829535720955],[113.585973176802,22.829535720955],[113.59028878853,22.8378793203945],[113.579794489717,22.8378793203945],[113.58843102581,22.8545671032877],[113.598926122326,22.8545671032877],[113.611897408753,22.8796002384952],[113.601401113884,22.8796002384952],[113.605728554628,22.887945006518],[113.574238469872,22.887945006518],[113.587229432997,22.9129804838583],[113.597727328664,22.9129804838583],[113.610737866079,22.9380177190272],[113.621236963691,22.9380177190272],[113.634267096956,22.9630567153135],[113.623766794703,22.9630567153135],[113.62811386094,22.9714034397743],[113.586111046638,22.9714034397743],[113.599159697774,22.9964447880283],[113.588657788435,22.9964447880283],[113.593011029692,23.0047922967423],[113.603513342375,23.0047922967423],[113.612226773357,23.0214879031035],[113.622729891828,23.0214879031035],[113.631452324828,23.0381842953385],[113.620948400568,23.0381842953385],[113.629678229397,23.0548814753585],[113.619173497551,23.0548814753585],[113.623541084903,23.063230360506],[113.602530815422,23.063230360506],[113.598164035656,23.0548814753585],[113.58765930381,23.0548814753585],[113.578932703526,23.0381842953385],[113.568428779266,23.0381842953385],[113.555355457697,23.0131400018599],[113.544852743467,23.0131400018599],[113.540499467176,23.0047922967423],[113.519494842709,23.0047922967423],[113.510796039893,22.9880974751684],[113.521297547685,22.9880974751684],[113.516950812028,22.979750359267],[113.527451918273,22.979750359267],[113.523106824736,22.9714034397743],[113.512606120936,22.9714034397743],[113.50826347441,22.9630567153135],[113.497763172156,22.9630567153135],[113.489084809606,22.9463638550766],[113.499584308766,22.9463638550766],[113.490913311502,22.9296717782899],[113.480414614539,22.9296717782899],[113.467424625187,22.904635129062],[113.477922120205,22.904635129062],[113.469271520987,22.887945006518],[113.479768215606,22.887945006518],[113.475445573663,22.8796002384952],[113.485941868532,22.8796002384952],[113.481620863319,22.8712556652366],[113.492116758437,22.8712556652366],[113.487797390853,22.8629112861903],[113.466806399219,22.8629112861903],[113.471124968201,22.8712556652366],[113.450133177065,22.8712556652366],[113.445815407584,22.8629112861903],[113.414328919683,22.8629112861903],[113.410014383239,22.8545671032877],[113.399519286723,22.8545671032877],[113.390897113794,22.8378793203945],[113.401391412606,22.8378793203945],[113.397082977519,22.829535720955],[113.407576877479,22.829535720955],[113.403270076428,22.8211923162783],[113.43475058065,22.8211923162783],[113.421838783356,22.7961632677822],[113.411346476109,22.7961632677822],[113.407047004412,22.7878206399413],[113.396555095119,22.7878206399413],[113.387963035515,22.7711359671537],[113.37747192123,22.7711359671537],[113.364600234612,22.7461104127041],[113.354110311493,22.7461104127041],[113.345540114188,22.7294276777919],[113.356029244094,22.7294276777919],[113.351746787387,22.7210866002495],[113.362235521136,22.7210866002495],[113.357954693074,22.712745716901],[113.378931368258,22.712745716901],[113.374651772685,22.7044050263633],[113.385139715018,22.7044050263633],[113.380861747192,22.6960645297388],[113.391349293368,22.6960645297388],[113.387072954188,22.6877242256442],[113.376585803271,22.6877242256442],[113.372311882355,22.6793841143532],[113.361825126697,22.6793841143532],[113.353284141706,22.6627044712763],[113.321826245384,22.6627044712763],[113.326094542846,22.6710441961393],[113.305121822046,22.6710441961393],[113.300854315102,22.6627044712763],[113.290368349961,22.6627044712763],[113.281840184828,22.646025599381],[113.29232536035,22.646025599381],[113.288063911644,22.6376864528953],[113.330003037189,22.6376864528953],[113.325742029555,22.629347498367],[113.336226417255,22.629347498367],[113.331967033776,22.6210087360688],[113.321483040437,22.6210087360688],[113.312971114149,22.6043317892551],[113.323454320564,22.6043317892551],[113.319200989035,22.5959936044562],[113.32968380109,22.5959936044562],[113.325432091918,22.5876556113203],[113.356879349492,22.5876556113203],[113.361132238152,22.5959936044562],[113.371615050206,22.5959936044562],[113.375870349046,22.6043317892551],[113.396836760079,22.6043317892551],[113.388326606168,22.5876556113203],[113.398809025659,22.5876556113203],[113.394556580767,22.5793178109496],[113.405038606795,22.5793178109496],[113.400787785159,22.5709802019576],[113.421751051191,22.5709802019576],[113.426002658853,22.5793178109496],[113.520340892213,22.5793178109496],[113.516085748782,22.5709802019576],[113.537049014814,22.5709802019576],[113.528543211443,22.5543055591994],[113.507581515667,22.5543055591994],[113.503332425084,22.5459685251481],[113.49285196931,22.5459685251481],[113.484360618934,22.5292950330619],[113.494840290479,22.5292950330619],[113.490597245558,22.5209585730818],[113.480117966577,22.5209585730818],[113.471638702135,22.504286229096],[113.461160205587,22.504286229096],[113.452689776076,22.4876146488017],[113.410778919614,22.4876146488017],[113.406548285818,22.4792791455102],[113.396070962469,22.4792791455102],[113.400301205499,22.4876146488017],[113.368868062255,22.4876146488017],[113.364638991526,22.4792791455102],[113.354161668178,22.4792791455102],[113.34571033685,22.4626087115051],[113.356186878664,22.4626087115051],[113.347742798536,22.4459390399781],[113.33726703646,22.4459390399781],[113.341487682788,22.4542737805039],[113.331011530842,22.4542737805039],[113.335233794138,22.4626087115051],[113.324757252324,22.4626087115051],[113.328981132586,22.470943833541],[113.308027267424,22.470943833541],[113.303804167797,22.4626087115051],[113.293327625085,22.4626087115051],[113.289106923062,22.4542737805039],[113.247202315282,22.4542737805039],[113.251421456931,22.4626087115051],[113.261897998745,22.4626087115051],[113.270343081392,22.4792791455102],[113.259865758044,22.4792791455102],[113.264090920203,22.4876146488017],[113.253613206087,22.4876146488017],[113.262068772074,22.504286229096],[113.272547268622,22.504286229096],[113.276778456679,22.5126223055558],[113.287257344893,22.5126223055558],[113.295726535627,22.5292950330619],[113.285246864083,22.5292950330619],[113.289484084327,22.5376316835647],[113.299964147537,22.5376316835647],[113.304203771673,22.5459685251481],[113.314684226549,22.5459685251481],[113.323170297526,22.5626427846168],[113.312689057523,22.5626427846168],[113.316934721033,22.5709802019576],[113.306453088466,22.5709802019576],[113.310700373435,22.5793178109496],[113.279254295349,22.5793178109496],[113.27500818897,22.5709802019576],[113.264526556403,22.5709802019576],[113.256041169044,22.5543055591994],[113.266522016483,22.5543055591994],[113.262281949477,22.5459685251481],[113.272762405251,22.5459685251481],[113.264287520994,22.5292950330619],[113.274767192539,22.5292950330619],[113.270532375287,22.5209585730818],[113.228615257568,22.5209585730818],[113.23708376738,22.5376316835647],[113.22660370417,22.5376316835647],[113.230840583055,22.5459685251481],[113.22036012818,22.5459685251481],[113.224598625828,22.5543055591994],[113.214117777491,22.5543055591994],[113.218357894802,22.5626427846168],[113.207876654799,22.5626427846168],[113.212118390875,22.5709802019576],[113.20163675741,22.5709802019576],[113.205880114046,22.5793178109496],[113.195398088017,22.5793178109496],[113.199643064316,22.5876556113203],[113.189160644825,22.5876556113203],[113.193407240787,22.5959936044562],[113.161958803724,22.5959936044562],[113.15771338815,22.5876556113203],[113.147230968659,22.5876556113203],[113.134507972085,22.5626427846168],[113.124026732082,22.5626427846168],[113.119790147844,22.5543055591994],[113.109309299507,22.5543055591994],[113.092384623634,22.5209585730818],[113.081905344654,22.5209585730818],[113.077679586912,22.5126223055558],[113.067200698699,22.5126223055558],[113.0545366352,22.4876146488017],[113.044058921085,22.4876146488017],[113.039841966833,22.4792791455102],[113.008409996789,22.4792791455102],[113.012625777841,22.4876146488017],[113.002148063725,22.4876146488017],[113.006365458151,22.4959503431442],[112.985409247488,22.4959503431442],[112.998071108317,22.5209585730818],[113.008550387298,22.5209585730818],[113.021231474769,22.5459685251481],[113.031711929644,22.5459685251481],[113.040176809364,22.5626427846168],[113.029695569361,22.5626427846168],[113.042406778242,22.5876556113203],[113.03192435965,22.5876556113203],[113.036165056374,22.5959936044562],[112.983750995203,22.5959936044562],[112.987991735945,22.6043317892551],[112.967025324013,22.6043317892551],[112.962785370195,22.5959936044562],[112.952302558141,22.5959936044562],[112.969272862142,22.629347498367],[113.021694798843,22.629347498367],[113.025944374516,22.6376864528953],[113.036429155678,22.6376864528953],[113.040681138836,22.646025599381],[113.051166315256,22.646025599381],[113.055420707696,22.6543649392087],[113.065906277578,22.6543649392087],[113.070163080198,22.6627044712763],[113.080649045339,22.6627044712763],[113.084908258138,22.6710441961393],[113.095394618538,22.6710441961393],[113.09113501048,22.6627044712763],[113.112106940763,22.6627044712763],[113.116367339338,22.6710441961393],[113.12685369884,22.6710441961393],[113.131116509392,22.6793841143532],[113.14160326505,22.6793841143532],[113.150135731317,22.6960645297388],[113.139648185141,22.6960645297388],[113.143917051236,22.7044050263633],[113.133429109801,22.7044050263633],[113.137699600051,22.712745716901],[113.127211262459,22.712745716901],[113.131483376862,22.7210866002495],[113.110505908466,22.7210866002495],[113.106234586377,22.712745716901],[113.095746248785,22.712745716901],[113.104290121859,22.7294276777919],[113.114779251765,22.7294276777919],[113.119054615375,22.7377689484253],[113.129544142336,22.7377689484253],[113.125268381671,22.7294276777919],[113.156735772287,22.7294276777919],[113.15246084436,22.7210866002495],[113.162949578109,22.7210866002495],[113.158676275235,22.712745716901],[113.169164612826,22.712745716901],[113.164892935004,22.7044050263633],[113.175380877337,22.7044050263633],[113.171110823669,22.6960645297388],[113.202573462198,22.6960645297388],[113.20684470254,22.7044050263633],[113.217332644874,22.7044050263633],[113.238721156293,22.7461104127041],[113.228231233174,22.7461104127041],[113.232514608858,22.7544520703539],[113.222024288684,22.7544520703539],[113.230596321248,22.7711359671537],[113.220105206963,22.7711359671537],[113.228684547321,22.7878206399413],[113.218192638028,22.7878206399413],[113.222484950152,22.7961632677822],[113.191008029309,22.7961632677822],[113.19530117507,22.8045060898307],[113.174315764668,22.8045060898307],[113.18290654597,22.8211923162783],[113.172413043963,22.8211923162783],[113.176711078356,22.829535720955],[113.155723278435,22.829535720955],[113.16002254352,22.8378793203945],[113.097056751545,22.8378793203945],[113.092759878674,22.829535720955],[113.082265978714,22.829535720955],[113.077971531295,22.8211923162783],[113.067478030186,22.8211923162783],[113.06318600732,22.8128491058118],[113.000227388393,22.8128491058118],[113.004517021741,22.8211923162783],[112.994023519734,22.8211923162783],[112.998314779033,22.829535720955],[112.966833079153,22.829535720955],[112.971125167596,22.8378793203945],[112.960630868784,22.8378793203945],[112.964924583179,22.8462231143213],[112.975419280843,22.8462231143213],[112.984013587133,22.8629112861903],[112.973518090867,22.8629112861903],[112.982119706749,22.8796002384952],[112.992616001618,22.8796002384952],[112.988313780178,22.8712556652366],[113.009305571313,22.8712556652366],[113.013608592254,22.8796002384952],[113.024104887122,22.8796002384952],[113.032717816387,22.8962899706841],[113.02222072112,22.8962899706841],[113.026529830841,22.904635129062],[112.995037344889,22.904635129062],[113.003659253714,22.9213260331414],[112.993160958297,22.9213260331414],[112.997474558697,22.9296717782899],[112.986975861733,22.9296717782899],[112.991291092575,22.9380177190272],[112.949294701227,22.9380177190272],[112.953610360566,22.9463638550766],[112.932611362247,22.9463638550766],[112.928296506002,22.9380177190272],[112.917797407492,22.9380177190272],[112.913484982987,22.9296717782899],[112.892487589059,22.9296717782899],[112.896799212267,22.9380177190272],[112.886300114655,22.9380177190272],[112.890613366508,22.9463638550766],[112.880113867349,22.9463638550766],[112.884428748746,22.9547101878157],[112.873928848938,22.9547101878157],[112.878245360778,22.9630567153135],[112.888745662133,22.9630567153135],[112.893064607509,22.9714034397743],[112.914066015109,22.9714034397743],[112.918387797364,22.979750359267],[112.939390008058,22.979750359267],[112.943714628092,22.9880974751684],[112.954216135884,22.9880974751684],[112.958543192149,22.9964447880283],[112.969045102386,22.9964447880283],[112.973374597577,23.0047922967423],[112.983876909361,23.0047922967423],[112.988208843478,23.0131400018599],[112.998711558606,23.0131400018599],[113.007382344765,23.0298360010223],[112.996878823848,23.0298360010223],[113.001216871,23.0381842953385],[112.980209022479,23.0381842953385],[112.98454830212,23.0465327866011],[112.995052629724,23.0465327866011],[113.012431763299,23.0799287213388],[113.033443649747,23.0799287213388],[113.037794345178,23.0882781981202],[113.048300693093,23.0882781981202],[113.057009023441,23.1049777421944],[113.046501866144,23.1049777421944],[113.050858692577,23.1133278105825],[113.040351131038,23.1133278105825],[113.049070109117,23.1300285403195],[113.059578481835,23.1300285403195],[113.068306454745,23.1467300604632],[113.057797270848,23.1467300604632],[113.062163922156,23.1550811172724],[113.051654333119,23.1550811172724],[113.056022626547,23.1634323720848],[113.045512630573,23.1634323720848],[113.054254550726,23.1801354762534],[113.064765358777,23.1801354762534],[113.073516289931,23.1968393732103],[113.105051154805,23.1968393732103],[113.109430917922,23.2051916188011],[113.130454975644,23.2051916188011],[113.126074398653,23.1968393732103],[113.147097642501,23.1968393732103],[113.151479033365,23.2051916188011],[113.161991062226,23.2051916188011],[113.166374912678,23.2135440631947],[113.176887349374,23.2135440631947],[113.185662027492,23.2302495480953],[113.175148776024,23.2302495480953],[113.179538789817,23.2386025888675],[113.19005244912,23.2386025888675],[113.203236050568,23.2636629035842],[113.192721166861,23.2636629035842],[113.197119407426,23.2720167400055],[113.186604114985,23.2720167400055],[113.204216026305,23.3054340781939],[113.214732954577,23.3054340781939],[113.219141491631,23.3137889119372],[113.250693505344,23.3137889119372],[113.255105332927,23.3221439441368],[113.265623080463,23.3221439441368],[113.283292663624,23.3555660741427],[113.293812051484,23.3555660741427],[113.298235019973,23.3639221067752],[113.329794416939,23.3639221067752],[113.334220683143,23.3722783394738],[113.34474089386,23.3722783394738],[113.349169638516,23.3806347719567],[113.370210881009,23.3806347719567],[113.365781313496,23.3722783394738]],[[113.83812793335,22.9714034397743],[113.796125119047,22.9714034397743],[113.783070782474,22.9463638550766],[113.793570281633,22.9463638550766],[113.789222529981,22.9380177190272],[113.820719822818,22.9380177190272],[113.825068778213,22.9463638550766],[113.835568277372,22.9463638550766],[113.844273134833,22.9630567153135],[113.83377283258,22.9630567153135],[113.83812793335,22.9714034397743]],[[113.337133568368,22.8962899706841],[113.305642283464,22.8962899706841],[113.30132440349,22.887945006518],[113.290827707973,22.887945006518],[113.286512263331,22.8796002384952],[113.276015967564,22.8796002384952],[113.267391976445,22.8629112861903],[113.277887472712,22.8629112861903],[113.269270812743,22.8462231143213],[113.279765510408,22.8462231143213],[113.275459828657,22.8378793203945],[113.285954127469,22.8378793203945],[113.281650077957,22.829535720955],[113.302637877878,22.829535720955],[113.306942724195,22.8378793203945],[113.317437023007,22.8378793203945],[113.343311182864,22.887945006518],[113.332814488245,22.887945006518],[113.337133568368,22.8962899706841]],[[113.886847690881,22.5376316835647],[113.876367627671,22.5376316835647],[113.872108457093,22.5292950330619],[113.882588128637,22.5292950330619],[113.886847690881,22.5376316835647]]]}},{"type":"Feature","properties":{"uc_id":11345,"city_name_en":"Shanghai","city_name_zh":"上海","country":"China","urban_area_km2_2025":3128,"population_2025":30678616,"population_density_km2_2025":9807.74,"gdp_average_ppp_1990":11527180,"gdp_average_ppp_2000":46541300,"gdp_average_ppp_2010":111760200,"gdp_average_ppp_2020":232499400,"gdp_total_ppp_1990":48598577152,"gdp_total_ppp_2000":197000000000,"gdp_total_ppp_2010":473000000000,"gdp_total_ppp_2020":984000000000,"hdi_1990":0.617225,"hdi_2000":0.7268308,"hdi_2010":0.8064516,"hdi_2020":0.8719335},"geometry":{"type":"Polygon","coordinates":[[[121.127956788271,31.5006282305268],[121.138970422912,31.5006282305268],[121.132043892845,31.4920349990786],[121.143056897767,31.4920349990786],[121.136132739253,31.4834420666109],[121.147145114455,31.4834420666109],[121.140223327493,31.4748494312458],[121.162246820258,31.4748494312458],[121.169169865759,31.4834420666109],[121.18018224186,31.4834420666109],[121.187108918353,31.4920349990786],[121.231160938938,31.4920349990786],[121.224231744468,31.4834420666109],[121.235244120569,31.4834420666109],[121.228317299448,31.4748494312458],[121.250340792213,31.4748494312458],[121.24341571562,31.4662570949359],[121.276449068304,31.4662570949359],[121.269525106521,31.4576650558028],[121.280535595261,31.4576650558028],[121.308251975188,31.4920349990786],[121.352303995773,31.4920349990786],[121.345367877089,31.4834420666109],[121.367392629291,31.4834420666109],[121.374330006515,31.4920349990786],[121.385343011437,31.4920349990786],[121.392284025939,31.5006282305268],[121.403297661478,31.5006282305268],[121.396356016359,31.4920349990786],[121.407369022179,31.4920349990786],[121.400429755798,31.4834420666109],[121.433466883203,31.4834420666109],[121.426528737021,31.4748494312458],[121.448552229785,31.4748494312458],[121.434682440326,31.4576650558028],[121.445692929067,31.4576650558028],[121.438761913712,31.4490733150327],[121.46078163445,31.4490733150327],[121.453852366318,31.4404818715125],[121.475870831212,31.4404818715125],[121.468943310304,31.4318907256617],[121.490960519352,31.4318907256617],[121.484034745667,31.4232998771333],[121.506050699769,31.4232998771333],[121.499126672409,31.4147093263462],[121.510134021538,31.4147093263462],[121.503212368425,31.4061190721863],[121.514219090529,31.4061190721863],[121.507299809867,31.3975291150722],[121.540318097804,31.3975291150722],[121.533399936442,31.3889394554224],[121.577421814957,31.3889394554224],[121.57050414677,31.3803500921216],[121.603518677054,31.3803500921216],[121.596602129067,31.371761025588],[121.618610563372,31.371761025588],[121.611695761709,31.3631722554724],[121.63370294556,31.3631722554724],[121.626789890222,31.3545837821927],[121.648795822719,31.3545837821927],[121.641884512808,31.3459956053994],[121.663889195749,31.3459956053994],[121.656979631264,31.3374077247425],[121.678983064648,31.3374077247425],[121.672075246489,31.3288201398722],[121.694077429418,31.3288201398722],[121.687171356685,31.3202328512053],[121.709172291854,31.3202328512053],[121.681572930969,31.2858866546255],[121.692570903482,31.2858866546255],[121.68567791561,31.2773008440137],[121.751662015498,31.2773008440137],[121.744768279329,31.268715329033],[121.755765006778,31.268715329033],[121.748873635873,31.2601301093313],[121.759869740789,31.2601301093313],[121.752980735149,31.2515451845561],[121.763976217533,31.2515451845561],[121.757089576258,31.2429605543546],[121.768084437007,31.2429605543546],[121.7612001592,31.23437621991],[121.772194398315,31.23437621991],[121.765312483077,31.2257921793329],[121.776306101457,31.2257921793329],[121.769426548788,31.217208433806],[121.791412542279,31.217208433806],[121.784534729647,31.2086249822073],[121.795527105656,31.2086249822073],[121.788651654695,31.2000418249511],[121.799643409969,31.2000418249511],[121.792770318881,31.1914589624515],[121.803761454318,31.1914589624515],[121.790022969807,31.1742941195353],[121.779033074046,31.1742941195353],[121.765307738176,31.1571304521566],[121.77629639516,31.1571304521566],[121.769437570218,31.1485490588857],[121.780425608263,31.1485490588857],[121.773569137805,31.1399679590089],[121.78455655781,31.1399679590089],[121.77085129749,31.1228066395507],[121.781837480514,31.1228066395507],[121.774988688855,31.1142264200254],[121.785974254737,31.1142264200254],[121.779127814867,31.1056464932371],[121.812082657491,31.1056464932371],[121.805237334227,31.0970668595979],[121.816221664027,31.0970668595979],[121.809378691654,31.088487517981],[121.82036240521,31.088487517981],[121.806684126688,31.0713297147683],[121.817666606856,31.0713297147683],[121.81083129891,31.0627512516872],[121.799849435884,31.0627512516872],[121.779363138437,31.03701761532],[121.790343154527,31.03701761532],[121.769881651481,31.0112866084227],[121.780859823329,31.0112866084227],[121.760423085038,30.9855582251317],[121.771399414442,30.9855582251317],[121.764592462716,30.9769826810199],[121.77556817857,30.9769826810199],[121.768763565159,30.9684074269774],[121.779738668362,30.9684074269774],[121.772936392367,30.9598324649535],[121.783910882021,30.9598324649535],[121.77031395583,30.9426834124337],[121.748367427126,30.9426834124337],[121.741574610391,30.9341093227549],[121.73060195869,30.9341093227549],[121.723812700181,30.9255355236472],[121.701868620285,30.9255355236472],[121.69508352996,30.916962014748],[121.684112101764,30.916962014748],[121.670551970567,30.8998158684353],[121.615700941726,30.8998158684353],[121.608928342475,30.8912432302954],[121.597958747741,30.8912432302954],[121.604730736138,30.8998158684353],[121.593760530549,30.8998158684353],[121.600534846481,30.908388796465],[121.589564030038,30.908388796465],[121.596340674403,30.916962014748],[121.541483532527,30.916962014748],[121.548260059213,30.9255355236472],[121.537288018367,30.9255355236472],[121.544066873486,30.9341093227549],[121.587957482086,30.9341093227549],[121.581176179058,30.9255355236472],[121.603120258954,30.9255355236472],[121.609902785488,30.9341093227549],[121.620875438087,30.9341093227549],[121.641242517417,30.9598324649535],[121.652217007071,30.9598324649535],[121.645424423,30.9512577930459],[121.656398299105,30.9512577930459],[121.649608047958,30.9426834124337],[121.66058131231,30.9426834124337],[121.653793394088,30.9341093227549],[121.675738698388,30.9341093227549],[121.682527841014,30.9426834124337],[121.693501105366,30.9426834124337],[121.700293807117,30.9512577930459],[121.711267683221,30.9512577930459],[121.72486315504,30.9684074269774],[121.713888052735,30.9684074269774],[121.720689599298,30.9769826810199],[121.709713883444,30.9769826810199],[121.723324603267,30.994134061214],[121.712347660314,30.994134061214],[121.71915683537,31.0027101888576],[121.708179277969,31.0027101888576],[121.714990792239,31.0112866084227],[121.682056276694,31.0112866084227],[121.688868903077,31.0198633187299],[121.666911330485,31.0198633187299],[121.660099933895,31.0112866084227],[121.649121762047,31.0112866084227],[121.642313932667,31.0027101888576],[121.631336375266,31.0027101888576],[121.638143590199,31.0112866084227],[121.62716541835,31.0112866084227],[121.633974970699,31.0198633187299],[121.601038611811,31.0198633187299],[121.594230902805,31.0112866084227],[121.583252730957,31.0112866084227],[121.576448588263,31.0027101888576],[121.565471030862,31.0027101888576],[121.572274559108,31.0112866084227],[121.550318215412,31.0112866084227],[121.543515916061,31.0027101888576],[121.53253835866,31.0027101888576],[121.512150996269,30.9769826810199],[121.523126712123,30.9769826810199],[121.516336204957,30.9684074269774],[121.52731130816,30.9684074269774],[121.513737900761,30.9512577930459],[121.502764023758,30.9512577930459],[121.489203613184,30.9341093227549],[121.500176264885,30.9341093227549],[121.493399858574,30.9255355236472],[121.526315978418,30.9255355236472],[121.499232394236,30.8912432302954],[121.477293204768,30.8912432302954],[121.484058472869,30.8998158684353],[121.429207444028,30.8998158684353],[121.435972592653,30.908388796465],[121.403060142426,30.908388796465],[121.396296827263,30.8998158684353],[121.363386209599,30.8998158684353],[121.370147691301,30.908388796465],[121.381118508642,30.908388796465],[121.401422396882,30.9341093227549],[121.412395048583,30.9341093227549],[121.425946886534,30.9512577930459],[121.414973009531,30.9512577930459],[121.428535383821,30.9684074269774],[121.417560281516,30.9684074269774],[121.424345269434,30.9769826810199],[121.413369553579,30.9769826810199],[121.420156870828,30.9855582251317],[121.387227882617,30.9855582251317],[121.380442405118,30.9769826810199],[121.325563825846,30.9769826810199],[121.339131586435,30.994134061214],[121.328154643482,30.994134061214],[121.334942324549,31.0027101888576],[121.312987209747,31.0027101888576],[121.306200756678,30.994134061214],[121.295223813725,30.994134061214],[121.288440917085,30.9855582251317],[121.255511928874,30.9855582251317],[121.248733813967,30.9769826810199],[121.226782382258,30.9769826810199],[121.220008434636,30.9684074269774],[121.187083126823,30.9684074269774],[121.180313955542,30.9598324649535],[121.169339465888,30.9598324649535],[121.176108023619,30.9684074269774],[121.154157819009,30.9684074269774],[121.167701292746,30.9855582251317],[121.156724963343,30.9855582251317],[121.163500493797,30.994134061214],[121.141546606992,30.994134061214],[121.134772303637,30.9855582251317],[121.123795974233,30.9855582251317],[121.117025222816,30.9769826810199],[121.106049506962,30.9769826810199],[121.11281964483,30.9855582251317],[121.101843315426,30.9855582251317],[121.135735016449,31.028440320909],[121.146714417192,31.028440320909],[121.153502197074,31.03701761532],[121.164482214062,31.03701761532],[121.184865073198,31.0627512516872],[121.173883209274,31.0627512516872],[121.187485289999,31.0799084703366],[121.176502193586,31.0799084703366],[121.183307043254,31.088487517981],[121.161339617042,31.088487517981],[121.168146183391,31.0970668595979],[121.157161853591,31.0970668595979],[121.16397075556,31.1056464932371],[121.152985807719,31.1056464932371],[121.173428385958,31.131387152939],[121.162441584893,31.131387152939],[121.16926107171,31.1399679590089],[121.125311394388,31.1399679590089],[121.118494381531,31.131387152939],[121.063560376206,31.131387152939],[121.084011006943,31.1571304521566],[121.073022349958,31.1571304521566],[121.07984452184,31.1657121384088],[121.068855245018,31.1657121384088],[121.082507227157,31.182876394354],[121.071516712457,31.182876394354],[121.085179298309,31.2000418249511],[121.074187543035,31.2000418249511],[121.081022659641,31.2086249822073],[121.070030283631,31.2086249822073],[121.076867744839,31.217208433806],[121.131832728566,31.217208433806],[121.124992164577,31.2086249822073],[121.135984540587,31.2086249822073],[121.129146321201,31.2000418249511],[121.16212158792,31.2000418249511],[121.168961668616,31.2086249822073],[121.179954044625,31.2086249822073],[121.193644349793,31.2257921793329],[121.182650731413,31.2257921793329],[121.189499716209,31.23437621991],[121.178505477094,31.23437621991],[121.185356809188,31.2429605543546],[121.174361948438,31.2429605543546],[121.181215630526,31.2515451845561],[121.15922466486,31.2515451845561],[121.152372226939,31.2429605543546],[121.141377366189,31.2429605543546],[121.134528519733,31.23437621991],[121.123534280618,31.23437621991],[121.13038250544,31.2429605543546],[121.11938764469,31.2429605543546],[121.12623821681,31.2515451845561],[121.115242734426,31.2515451845561],[121.128951548481,31.268715329033],[121.117954821032,31.268715329033],[121.124813064764,31.2773008440137],[121.080823664839,31.2773008440137],[121.073967912135,31.268715329033],[121.062971184686,31.268715329033],[121.069826314857,31.2773008440137],[121.058828964876,31.2773008440137],[121.065686444142,31.2858866546255],[121.054688471628,31.2858866546255],[121.061548301785,31.2944727604525],[121.05054970584,31.2944727604525],[121.057411886888,31.3030591618464],[121.035413447239,31.3030591618464],[121.042277356646,31.3116458583911],[121.064277044055,31.3116458583911],[121.07114517734,31.3202328512053],[121.082145644476,31.3202328512053],[121.089017380903,31.3288201398722],[121.122020656195,31.3288201398722],[121.115147047678,31.3202328512053],[121.137147981949,31.3202328512053],[121.144022840022,31.3288201398722],[121.155023931487,31.3288201398722],[121.168783840817,31.3459956053994],[121.157781499796,31.3459956053994],[121.164665304191,31.3545837821927],[121.153662337044,31.3545837821927],[121.160548501314,31.3631722554724],[121.138541317464,31.3631722554724],[121.152320100398,31.3803500921216],[121.141315257569,31.3803500921216],[121.148208503258,31.3889394554224],[121.137203033405,31.3889394554224],[121.144098642561,31.3975291150722],[121.15510473854,31.3975291150722],[121.162003963415,31.4061190721863],[121.17301068552,31.4061190721863],[121.186819364387,31.4232998771333],[121.175811387336,31.4232998771333],[121.182719589974,31.4318907256617],[121.160702380926,31.4318907256617],[121.153795433234,31.4232998771333],[121.142787456182,31.4232998771333],[121.135884129599,31.4147093263462],[121.080847381261,31.4147093263462],[121.087747570927,31.4232998771333],[121.076739593875,31.4232998771333],[121.083642148806,31.4318907256617],[121.061624939757,31.4318907256617],[121.068529230232,31.4404818715125],[121.057519998235,31.4404818715125],[121.071336305595,31.4576650558028],[121.060325816854,31.4576650558028],[121.067237833739,31.4662570949359],[121.034204481055,31.4662570949359],[121.048033733139,31.4834420666109],[121.070058484443,31.4834420666109],[121.07697886644,31.4920349990786],[121.08799187226,31.4920349990786],[121.09491588345,31.5006282305268],[121.105929518091,31.5006282305268],[121.112857162069,31.5092217597687],[121.134885691687,31.5092217597687],[121.127956788271,31.5006282305268]],[[121.680263286997,31.1056464932371],[121.647308445272,31.1056464932371],[121.640472380945,31.0970668595979],[121.629488051145,31.0970668595979],[121.602175890639,31.0627512516872],[121.613157753665,31.0627512516872],[121.599518199718,31.0455952023218],[121.610498831154,31.0455952023218],[121.603682873817,31.03701761532],[121.636622923882,31.03701761532],[121.643440727257,31.0455952023218],[121.654421359591,31.0455952023218],[121.647602939972,31.03701761532],[121.669562973049,31.03701761532],[121.67638262336,31.0455952023218],[121.687363254796,31.0455952023218],[121.701012663261,31.0627512516872],[121.690030799337,31.0627512516872],[121.703690819601,31.0799084703366],[121.692707723188,31.0799084703366],[121.699541560593,31.088487517981],[121.688557847037,31.088487517981],[121.695394031739,31.0970668595979],[121.67342537214,31.0970668595979],[121.680263286997,31.1056464932371]]]}},{"type":"Feature","properties":{"uc_id":8745,"city_name_en":"Beijing","city_name_zh":"北京","country":"China","urban_area_km2_2025":2179,"population_2025":18150575,"population_density_km2_2025":8329.77,"gdp_average_ppp_1990":9655084,"gdp_average_ppp_2000":35192620,"gdp_average_ppp_2010":103686100,"gdp_average_ppp_2020":197046500,"gdp_total_ppp_1990":31649366016,"gdp_total_ppp_2000":116000000000,"gdp_total_ppp_2010":342000000000,"gdp_total_ppp_2020":649000000000,"hdi_1990":0.614,"hdi_2000":0.731,"hdi_2010":0.829,"hdi_2020":0.903},"geometry":{"type":"Polygon","coordinates":[[[116.648546150955,40.2381400612453],[116.66034671248,40.2381400612453],[116.650689961516,40.2291820571342],[116.674289129831,40.2291820571342],[116.664634829472,40.2202244964691],[116.676433437161,40.2202244964691],[116.666782560281,40.211267379272],[116.678580192399,40.211267379272],[116.659289682851,40.1933544733102],[116.671085363829,40.1933544733102],[116.66144572667,40.1843986839011],[116.673240433874,40.1843986839011],[116.663604214804,40.1754433373576],[116.675397947336,40.1754433373576],[116.665765144559,40.1664884330132],[116.677557904216,40.1664884330132],[116.658303514129,40.1485799509976],[116.670094326238,40.1485799509976],[116.660472736233,40.1396263719901],[116.684052417395,40.1396263719901],[116.693675952252,40.1485799509976],[116.70546676526,40.1485799509976],[116.695842257526,40.1396263719901],[116.731211779718,40.1396263719901],[116.740839204281,40.1485799509976],[116.764420830296,40.1485799509976],[116.735545873385,40.1217205394366],[116.723757976309,40.1217205394366],[116.704531851712,40.103816471301],[116.716317806631,40.103816471301],[116.706710337243,40.0948650990159],[116.718495322879,40.0948650990159],[116.708891257209,40.0859141670234],[116.720675272664,40.0859141670234],[116.711074608015,40.0769636753381],[116.699291560943,40.0769636753381],[116.680105272138,40.0590640129447],[116.691886381544,40.0590640129447],[116.68229881523,40.0501148422637],[116.694078956252,40.0501148422637],[116.684494784671,40.0411661105682],[116.71983230528,40.0411661105682],[116.710249591665,40.032217818558],[116.698471384716,40.032217818558],[116.669752280117,40.0053755793776],[116.681527588202,40.0053755793776],[116.633744568696,39.960647288363],[116.645515053727,39.960647288363],[116.635970513122,39.9517029450411],[116.659509558093,39.9517029450411],[116.649967428567,39.9427590394341],[116.673504548449,39.9427590394341],[116.683048603963,39.9517029450411],[116.694818126898,39.9517029450411],[116.68527310839,39.9427590394341],[116.697041669229,39.9427590394341],[116.687500024792,39.9338155708599],[116.699267622638,39.9338155708599],[116.689729352274,39.9248725407023],[116.701495988023,39.9248725407023],[116.691961088138,39.9159299469005],[116.70372676269,39.9159299469005],[116.684668030164,39.898046071829],[116.696431784118,39.898046071829],[116.686907947884,39.8891047891902],[116.710433534296,39.8891047891902],[116.691394994999,39.8712235337252],[116.703155869852,39.8712235337252],[116.693642122597,39.8622835602156],[116.658362376238,39.8622835602156],[116.648855822691,39.8533440230877],[116.637096864843,39.8533440230877],[116.618098614088,39.8354662559147],[116.629855656728,39.8354662559147],[116.620362038922,39.8265280258717],[116.608605953885,39.8265280258717],[116.580153805233,39.79971594647],[116.59190702105,39.79971594647],[116.582430618558,39.7907794564495],[116.594182879466,39.7907794564495],[116.575241056386,39.7729077807245],[116.586991408374,39.7729077807245],[116.558608005994,39.7461035237458],[116.570355497746,39.7461035237458],[116.560901987022,39.7371696388679],[116.584395064303,39.7371696388679],[116.574943934114,39.7282361882827],[116.563198347688,39.7282361882827],[116.553752452881,39.7193031706034],[116.530263183559,39.7193031706034],[116.539707175735,39.7282361882827],[116.527961589309,39.7282361882827],[116.537408909742,39.7371696388679],[116.49042275608,39.7371696388679],[116.499870549926,39.7461035237458],[116.464628076464,39.7461035237458],[116.483530800372,39.7639725943249],[116.471781402394,39.7639725943249],[116.481238241376,39.7729077807245],[116.469487889388,39.7729077807245],[116.478948063815,39.7818434014318],[116.443694144918,39.7818434014318],[116.434236833422,39.7729077807245],[116.422486481434,39.7729077807245],[116.394143128644,39.7461035237458],[116.405890620396,39.7461035237458],[116.396450447858,39.7371696388679],[116.44343660152,39.7371696388679],[116.405703448322,39.7014384346308],[116.382217984264,39.7014384346308],[116.372797280014,39.692506716325],[116.361055497953,39.692506716325],[116.342228789485,39.6746445776574],[116.330488908259,39.6746445776574],[116.321082897753,39.6657141565887],[116.309343965148,39.6657141565887],[116.299943163972,39.6567841683772],[116.288205179988,39.6567841683772],[116.297605032544,39.6657141565887],[116.274127168233,39.6657141565887],[116.311761591191,39.7014384346308],[116.300018858713,39.7014384346308],[116.309437177037,39.7103705858244],[116.297693493243,39.7103705858244],[116.307115129046,39.7193031706034],[116.283625859724,39.7193031706034],[116.274206127451,39.7103705858244],[116.25071876166,39.7103705858244],[116.269558690634,39.7282361882827],[116.257813104208,39.7282361882827],[116.267238523715,39.7371696388679],[116.255491985075,39.7371696388679],[116.264920725653,39.7461035237458],[116.241425743046,39.7461035237458],[116.260292239695,39.7639725943249],[116.248542842615,39.7639725943249],[116.257981555392,39.7729077807245],[116.246231203403,39.7729077807245],[116.265119567741,39.7907794564495],[116.253367306833,39.7907794564495],[116.262816961089,39.79971594647],[116.251063744373,39.79971594647],[116.260516731379,39.8086528714949],[116.248762559754,39.8086528714949],[116.258218880408,39.8175902308352],[116.234708623747,39.8175902308352],[116.225254214707,39.8086528714949],[116.213500043082,39.8086528714949],[116.204050879306,39.79971594647],[116.19229766259,39.79971594647],[116.182853739585,39.7907794564495],[116.15934921687,39.7907794564495],[116.149911486851,39.7818434014318],[116.138160180851,39.7818434014318],[116.109875520388,39.7550378422301],[116.098127076421,39.7550378422301],[116.107550067782,39.7639725943249],[116.095800669804,39.7639725943249],[116.10522698044,39.7729077807245],[116.093476628451,39.7729077807245],[116.102906261955,39.7818434014318],[116.091154955057,39.7818434014318],[116.100587911429,39.7907794564495],[116.088835650521,39.7907794564495],[116.098271930659,39.79971594647],[116.110025147375,39.79971594647],[116.128912468769,39.8175902308352],[116.117157340438,39.8175902308352],[116.136059896361,39.8354662559147],[116.124302854618,39.8354662559147],[116.133759610955,39.8444049216536],[116.110243612262,39.8444049216536],[116.100788771134,39.8354662559147],[116.07727468675,39.8354662559147],[116.086727613569,39.8444049216536],[116.098485612916,39.8444049216536],[116.11740626001,39.8622835602156],[116.129166175463,39.8622835602156],[116.148105928825,39.8801639429247],[116.136344094571,39.8801639429247],[116.145819464,39.8891047891902],[116.122293877588,39.8891047891902],[116.112820427858,39.8801639429247],[116.07753492779,39.8801639429247],[116.096480370183,39.898046071829],[116.084716617127,39.898046071829],[116.094194833318,39.9069877908374],[116.082430119963,39.9069877908374],[116.09191168148,39.9159299469005],[116.080146006927,39.9159299469005],[116.089630915567,39.9248725407023],[116.042564370772,39.9248725407023],[116.071033420328,39.9517029450411],[116.082802943263,39.9517029450411],[116.101805811359,39.9695920700811],[116.113577260282,39.9695920700811],[116.123086138668,39.9785372894993],[116.134858551484,39.9785372894993],[116.125348710103,39.9695920700811],[116.137120159026,39.9695920700811],[116.127613675548,39.960647288363],[116.151154647406,39.960647288363],[116.14165055704,39.9517029450411],[116.16518960291,39.9517029450411],[116.174695619264,39.960647288363],[116.186466105193,39.960647288363],[116.205493032867,39.9785372894993],[116.193720619153,39.9785372894993],[116.20323960718,39.9874829472979],[116.179692851968,39.9874829472979],[116.189214239395,39.9964290441565],[116.20098858269,39.9964290441565],[116.220046282153,40.0143225536397],[116.208270008379,40.0143225536397],[116.217804395326,40.0232699662448],[116.194249914603,40.0232699662448],[116.203786705442,40.032217818558],[116.156673879444,40.032217818558],[116.166211141,40.0411661105682],[116.142652793928,40.0411661105682],[116.152192460274,40.0501148422637],[116.140412319252,40.0501148422637],[116.149955359671,40.0590640129447],[116.102830922947,40.0590640129447],[116.131474489112,40.0859141670234],[116.143258504568,40.0859141670234],[116.171944122668,40.1127682852378],[116.160157196671,40.1127682852378],[116.169726808357,40.1217205394366],[116.122575220054,40.1217205394366],[116.113009491785,40.1127682852378],[116.101222565788,40.1127682852378],[116.11078732208,40.1217205394366],[116.098999425004,40.1217205394366],[116.127716929703,40.1485799509976],[116.174880181732,40.1485799509976],[116.18446529834,40.157533970887],[116.196257084223,40.157533970887],[116.215442370508,40.1754433373576],[116.227236103938,40.1754433373576],[116.236836279904,40.1843986839011],[116.248630986209,40.1843986839011],[116.28707937624,40.2202244964691],[116.310676592516,40.2202244964691],[116.281827876293,40.1933544733102],[116.293623557271,40.1933544733102],[116.274411034964,40.1754433373576],[116.286204767496,40.1754433373576],[116.276604096559,40.1664884330132],[116.288396855317,40.1664884330132],[116.278799585401,40.157533970887],[116.314174942151,40.157533970887],[116.304579124811,40.1485799509976],[116.328160750826,40.1485799509976],[116.308978334658,40.1306732352552],[116.320767203711,40.1306732352552],[116.311181575063,40.1217205394366],[116.334757369215,40.1217205394366],[116.344344940918,40.1306732352552],[116.356133809971,40.1306732352552],[116.375324002855,40.1485799509976],[116.363533189847,40.1485799509976],[116.373133871564,40.157533970887],[116.361342085682,40.157533970887],[116.37094616842,40.1664884330132],[116.359153409662,40.1664884330132],[116.37837276186,40.1843986839011],[116.366578055554,40.1843986839011],[116.376193327708,40.1933544733102],[116.364397645832,40.1933544733102],[116.374016327092,40.2023107048786],[116.409406296736,40.2023107048786],[116.399784690562,40.1933544733102],[116.411580371539,40.1933544733102],[116.401962175369,40.1843986839011],[116.425551589777,40.1843986839011],[116.415935827143,40.1754433373576],[116.451317025637,40.1754433373576],[116.460935710491,40.1843986839011],[116.519909244714,40.1843986839011],[116.510285689195,40.1754433373576],[116.522079421727,40.1754433373576],[116.512459277111,40.1664884330132],[116.536044795525,40.1664884330132],[116.545666887689,40.1754433373576],[116.557460620221,40.1754433373576],[116.547837554283,40.1664884330132],[116.559630313042,40.1664884330132],[116.550010658007,40.157533970887],[116.573594229773,40.157533970887],[116.583215831456,40.1664884330132],[116.595008590214,40.1664884330132],[116.604635551246,40.1754433373576],[116.616429283778,40.1754433373576],[116.635698319998,40.1933544733102],[116.623902638122,40.1933544733102],[116.633542770252,40.2023107048786],[116.621746113704,40.2023107048786],[116.631389664823,40.211267379272],[116.607794400586,40.211267379272],[116.636745590329,40.2381400612453],[116.624945028804,40.2381400612453],[116.634603253005,40.2470985080939],[116.658206328992,40.2470985080939],[116.648546150955,40.2381400612453]],[[116.630785846035,40.0680136239739],[116.607221691355,40.0680136239739],[116.597637508097,40.0590640129447],[116.585856398691,40.0590640129447],[116.557132904924,40.032217818558],[116.568911111872,40.032217818558],[116.559344355032,40.0232699662448],[116.571121595394,40.0232699662448],[116.561558223405,40.0143225536397],[116.585110770954,40.0143225536397],[116.594676075219,40.0232699662448],[116.60645331558,40.0232699662448],[116.635178250245,40.0501148422637],[116.623398109224,40.0501148422637],[116.632980835415,40.0590640129447],[116.621199726908,40.0590640129447],[116.630785846035,40.0680136239739]]]}},{"type":"Feature","properties":{"uc_id":11199,"city_name_en":"Suzhou","city_name_zh":"苏州","country":"China","urban_area_km2_2025":1802,"population_2025":11540429,"population_density_km2_2025":6404.23,"gdp_average_ppp_1990":5291061,"gdp_average_ppp_2000":14680510,"gdp_average_ppp_2010":52818640,"gdp_average_ppp_2020":138891000,"gdp_total_ppp_1990":12719710208,"gdp_total_ppp_2000":35673636864,"gdp_total_ppp_2010":129000000000,"gdp_total_ppp_2020":341000000000,"hdi_1990":0.513,"hdi_2000":0.614,"hdi_2010":0.729,"hdi_2020":0.805},"geometry":{"type":"Polygon","coordinates":[[[120.342519770217,31.7155562894681],[120.331490302769,31.7155562894681],[120.317602659294,31.6983551381066],[120.328630853829,31.6983551381066],[120.321690908321,31.6897550149669],[120.354773583905,31.6897550149669],[120.347834737935,31.6811551917954],[120.369888583875,31.6811551917954],[120.362951472552,31.6725556697813],[120.373977759964,31.6725556697813],[120.367043019295,31.663956448585],[120.400119975305,31.663956448585],[120.393186335073,31.6553575278666],[120.404211352267,31.6553575278666],[120.397280080892,31.6467589080505],[120.408304462977,31.6467589080505],[120.401375560459,31.6381605880316],[120.412399308333,31.6381605880316],[120.398549240488,31.6209648498456],[120.409571719941,31.6209648498456],[120.402650552817,31.6123674302314],[120.424694245997,31.6123674302314],[120.417774810824,31.6037703113445],[120.439817237379,31.6037703113445],[120.432899534159,31.5951734920779],[120.443920113675,31.5951734920779],[120.430092433643,31.5779807518024],[120.441111748331,31.5779807518024],[120.434201768825,31.5693848308735],[120.456239134272,31.5693848308735],[120.442425629656,31.5521938872501],[120.453443048001,31.5521938872501],[120.446540153507,31.5435988638688],[120.457556941235,31.5435988638688],[120.450656405717,31.5350041400039],[120.472688719039,31.5350041400039],[120.458894095213,31.5178155879154],[120.46990899019,31.5178155879154],[120.456125058113,31.5006282305268],[120.467138693652,31.5006282305268],[120.460250577343,31.4920349990786],[120.471263582265,31.4920349990786],[120.464377821339,31.4834420666109],[120.475390196542,31.4834420666109],[120.468506790999,31.4748494312458],[120.479518537381,31.4748494312458],[120.445143081001,31.4318907256617],[120.456151685974,31.4318907256617],[120.449284901959,31.4232998771333],[120.471300856061,31.4232998771333],[120.478168895023,31.4318907256617],[120.489177499098,31.4318907256617],[120.496049143,31.4404818715125],[120.518067607893,31.4404818715125],[120.524943487351,31.4490733150327],[120.535953348169,31.4490733150327],[120.542832837058,31.4576650558028],[120.564853814539,31.4576650558028],[120.557973068908,31.4490733150327],[120.568982929726,31.4490733150327],[120.56210453768,31.4404818715125],[120.573113770576,31.4404818715125],[120.566237732117,31.4318907256617],[120.588254941165,31.4318907256617],[120.581380626573,31.4232998771333],[120.592388603624,31.4232998771333],[120.585516641719,31.4147093263462],[120.607531340875,31.4147093263462],[120.614404557726,31.4232998771333],[120.636420511829,31.4232998771333],[120.629546040929,31.4147093263462],[120.651560740085,31.4147093263462],[120.644687993951,31.4061190721863],[120.655694716954,31.4061190721863],[120.648824322609,31.3975291150722],[120.659830418588,31.3975291150722],[120.652962375135,31.3889394554224],[120.674973313943,31.3889394554224],[120.668106994356,31.3803500921216],[120.679111838084,31.3803500921216],[120.67224786849,31.371761025588],[120.694256302795,31.371761025588],[120.70112152464,31.3803500921216],[120.778155428038,31.3803500921216],[120.785028008882,31.3889394554224],[120.818044417543,31.3889394554224],[120.811169957423,31.3803500921216],[120.844184487707,31.3803500921216],[120.851060826204,31.3889394554224],[120.862066296058,31.3889394554224],[120.868946242189,31.3975291150722],[120.879952338168,31.3975291150722],[120.900611961057,31.4232998771333],[120.889603984006,31.4232998771333],[120.896495870543,31.4318907256617],[120.88548726557,31.4318907256617],[120.892381511084,31.4404818715125],[120.90339074398,31.4404818715125],[120.910288607009,31.4490733150327],[120.921298467827,31.4490733150327],[120.948922351822,31.4834420666109],[120.970947103126,31.4834420666109],[120.964035383583,31.4748494312458],[120.997070622729,31.4748494312458],[120.990160010809,31.4662570949359],[121.001171128371,31.4662570949359],[120.994262882613,31.4576650558028],[121.005273372252,31.4576650558028],[120.998367491759,31.4490733150327],[121.009377351679,31.4490733150327],[121.002473835551,31.4404818715125],[121.013483068447,31.4404818715125],[121.006581916686,31.4318907256617],[121.028599125734,31.4318907256617],[121.02169970862,31.4232998771333],[121.032707685671,31.4232998771333],[121.025810632023,31.4147093263462],[121.036817982051,31.4147093263462],[121.029923290074,31.4061190721863],[121.040930013077,31.4061190721863],[121.027148338466,31.3889394554224],[121.038153808319,31.3889394554224],[121.031266823888,31.3803500921216],[121.042271667615,31.3803500921216],[121.03538704216,31.371761025588],[121.057395476465,31.371761025588],[121.064281354172,31.3803500921216],[121.075286197001,31.3803500921216],[121.082175685935,31.3889394554224],[121.093181155788,31.3889394554224],[121.086291040728,31.3803500921216],[121.097295883557,31.3803500921216],[121.09040812927,31.371761025588],[121.101412345973,31.371761025588],[121.087644539553,31.3545837821927],[121.098647505802,31.3545837821927],[121.091767451873,31.3459956053994],[121.036755745869,31.3459956053994],[121.029881798688,31.3374077247425],[121.007878365304,31.3374077247425],[121.001008646492,31.3288201398722],[120.990007555028,31.3288201398722],[120.96941812919,31.3030591618464],[120.980417348565,31.3030591618464],[120.973559532431,31.2944727604525],[120.962560935588,31.2944727604525],[120.948855465062,31.2773008440137],[120.959852815044,31.2773008440137],[120.953003911096,31.268715329033],[120.920013729647,31.268715329033],[120.926860764201,31.2773008440137],[120.91586341422,31.2773008440137],[120.922712796072,31.2858866546255],[120.91171482266,31.2858866546255],[120.918566550911,31.2944727604525],[120.929565147754,31.2944727604525],[120.943278765999,31.3116458583911],[120.932278922295,31.3116458583911],[120.939139567224,31.3202328512053],[120.917138632953,31.3202328512053],[120.924001004444,31.3288201398722],[120.879996636789,31.3288201398722],[120.873136762615,31.3202328512053],[120.862136295479,31.3202328512053],[120.848426712466,31.3030591618464],[120.85942593274,31.3030591618464],[120.852574974345,31.2944727604525],[120.907567954967,31.2944727604525],[120.900716850146,31.2858866546255],[120.91171482266,31.2858866546255],[120.904866064239,31.2773008440137],[120.893868714257,31.2773008440137],[120.866505843854,31.2429605543546],[120.855510983104,31.2429605543546],[120.862346630613,31.2515451845561],[120.851351147331,31.2515451845561],[120.858189137647,31.2601301093313],[120.814204717981,31.2601301093313],[120.807369216897,31.2515451845561],[120.796373733615,31.2515451845561],[120.782712862647,31.23437621991],[120.793707101762,31.23437621991],[120.786880485016,31.2257921793329],[120.775886867535,31.2257921793329],[120.769063831474,31.217208433806],[120.758070834728,31.217208433806],[120.764893249155,31.2257921793329],[120.720918777433,31.2257921793329],[120.714098846848,31.217208433806],[120.703105850102,31.217208433806],[120.696289496609,31.2086249822073],[120.685297120599,31.2086249822073],[120.671674517862,31.1914589624515],[120.682665653298,31.1914589624515],[120.675858160786,31.182876394354],[120.697839191085,31.182876394354],[120.691033410762,31.1742941195353],[120.713013202284,31.1742941195353],[120.706209132354,31.1657121384088],[120.728187685099,31.1657121384088],[120.721385327357,31.1571304521566],[120.732373984342,31.1571304521566],[120.718776876691,31.1399679590089],[120.707789456686,31.1399679590089],[120.700995942859,31.131387152939],[120.690009141794,31.131387152939],[120.676432183354,31.1142264200254],[120.687417748337,31.1142264200254],[120.667072525916,31.088487517981],[120.678056238573,31.088487517981],[120.671279761295,31.0799084703366],[120.682262857708,31.0799084703366],[120.668717482237,31.0627512516872],[120.657735619211,31.0627512516872],[120.664506221507,31.0713297147683],[120.653523741339,31.0713297147683],[120.660296664882,31.0799084703366],[120.649313568469,31.0799084703366],[120.656088812361,31.088487517981],[120.623137672593,31.088487517981],[120.636693276282,31.1056464932371],[120.625708328441,31.1056464932371],[120.632489923422,31.1142264200254],[120.577562097608,31.1142264200254],[120.584343544366,31.1228066395507],[120.573357361342,31.1228066395507],[120.580141131144,31.131387152939],[120.569154330079,31.131387152939],[120.603114245571,31.1742941195353],[120.581134454947,31.1742941195353],[120.587934038692,31.182876394354],[120.565953007494,31.182876394354],[120.559154663425,31.1742941195353],[120.548164767664,31.1742941195353],[120.541369990805,31.1657121384088],[120.508402162136,31.1657121384088],[120.50161218767,31.1571304521566],[120.479634873702,31.1571304521566],[120.48642360939,31.1657121384088],[120.475434333467,31.1657121384088],[120.4890194001,31.182876394354],[120.4780288854,31.182876394354],[120.484825218141,31.1914589624515],[120.495816353577,31.1914589624515],[120.509419103547,31.2086249822073],[120.498426727537,31.2086249822073],[120.505231905989,31.217208433806],[120.472252915752,31.217208433806],[120.479059182962,31.2257921793329],[120.468065564582,31.2257921793329],[120.474874162022,31.23437621991],[120.452885683791,31.23437621991],[120.473325465574,31.2601301093313],[120.462329360658,31.2601301093313],[120.469147908736,31.268715329033],[120.480144636184,31.268715329033],[120.507450902844,31.3030591618464],[120.49645168257,31.3030591618464],[120.503285027698,31.3116458583911],[120.481285340288,31.3116458583911],[120.4881204003,31.3202328512053],[120.477119933164,31.3202328512053],[120.483957332389,31.3288201398722],[120.461955148561,31.3288201398722],[120.482481390495,31.3545837821927],[120.471478424247,31.3545837821927],[120.478325814534,31.3631722554724],[120.467322222159,31.3631722554724],[120.474171955253,31.371761025588],[120.452163520948,31.371761025588],[120.445315039208,31.3631722554724],[120.434311446833,31.3631722554724],[120.454863923167,31.3889394554224],[120.443858454212,31.3889394554224],[120.45071459409,31.3975291150722],[120.428702402132,31.3975291150722],[120.435560262283,31.4061190721863],[120.42455353928,31.4061190721863],[120.431413744933,31.4147093263462],[120.420406395804,31.4147093263462],[120.427268947857,31.4232998771333],[120.416260970805,31.4232998771333],[120.423125871952,31.4318907256617],[120.412117266979,31.4318907256617],[120.418984516321,31.4404818715125],[120.407975283426,31.4404818715125],[120.421717458215,31.4576650558028],[120.410706969475,31.4576650558028],[120.417581896718,31.4662570949359],[120.406570779157,31.4662570949359],[120.41344805819,31.4748494312458],[120.347377578999,31.4748494312458],[120.340504073788,31.4662570949359],[120.296459603543,31.4662570949359],[120.28959159153,31.4576650558028],[120.267570613151,31.4576650558028],[120.27443736842,31.4662570949359],[120.252415133297,31.4662570949359],[120.266155058706,31.4834420666109],[120.255142682605,31.4834420666109],[120.262016484259,31.4920349990786],[120.251003478439,31.4920349990786],[120.257879630086,31.5006282305268],[120.235852359906,31.5006282305268],[120.263381743828,31.5350041400039],[120.252365586718,31.5350041400039],[120.25925476214,31.5435988638688],[120.226204398958,31.5435988638688],[120.233094666731,31.5521938872501],[120.222077247488,31.5521938872501],[120.242764080347,31.5779807518024],[120.231744764761,31.5779807518024],[120.238645722486,31.5865769720896],[120.205585880281,31.5865769720896],[120.198686820696,31.5779807518024],[120.187667506007,31.5779807518024],[120.180772066632,31.5693848308735],[120.169753384358,31.5693848308735],[120.162861565194,31.5607892097256],[120.151843514435,31.5607892097256],[120.144955313685,31.5521938872501],[120.133937894442,31.5521938872501],[120.12705330941,31.5435988638688],[120.116036521683,31.5435988638688],[120.109155550574,31.5350041400039],[120.098139394362,31.5350041400039],[120.105019733956,31.5435988638688],[120.094002946228,31.5435988638688],[120.1077713114,31.5607892097256],[120.096753260641,31.5607892097256],[120.103641288017,31.5693848308735],[120.114659971189,31.5693848308735],[120.12155161608,31.5779807518024],[120.132570930769,31.5779807518024],[120.139466196769,31.5865769720896],[120.150486143871,31.5865769720896],[120.16428690858,31.6037703113445],[120.153265694854,31.6037703113445],[120.16016993143,31.6123674302314],[120.149148084391,31.6123674302314],[120.156054679943,31.6209648498456],[120.111964759436,31.6209648498456],[120.132694903668,31.6467589080505],[120.121670520685,31.6467589080505],[120.142425727913,31.6725556697813],[120.164478302737,31.6725556697813],[120.157555631832,31.663956448585],[120.179606935539,31.663956448585],[120.172685993892,31.6553575278666],[120.227811078963,31.6553575278666],[120.234735195256,31.663956448585],[120.245760847559,31.663956448585],[120.259619355975,31.6811551917954],[120.248592433454,31.6811551917954],[120.255525558053,31.6897550149669],[120.244497999526,31.6897550149669],[120.265313498083,31.7155562894681],[120.298401900426,31.7155562894681],[120.30534832638,31.724157316839],[120.349468743793,31.724157316839],[120.342519770217,31.7155562894681]]]}},{"type":"Feature","properties":{"uc_id":8557,"city_name_en":"Chongqing","city_name_zh":"重庆","country":"China","urban_area_km2_2025":653,"population_2025":8449690,"population_density_km2_2025":12939.8,"gdp_average_ppp_1990":3436333,"gdp_average_ppp_2000":17829930,"gdp_average_ppp_2010":47925510,"gdp_average_ppp_2020":151600500,"gdp_total_ppp_1990":2934628352,"gdp_total_ppp_2000":15387230208,"gdp_total_ppp_2010":41695191040,"gdp_total_ppp_2020":132000000000,"hdi_1990":0.464,"hdi_2000":0.564,"hdi_2010":0.68,"hdi_2020":0.77},"geometry":{"type":"Polygon","coordinates":[[[106.653071856464,29.7877639485157],[106.685750767175,29.7877639485157],[106.674443867628,29.7706924447092],[106.663552051726,29.7706924447092],[106.629693827321,29.7194845334686],[106.640582185607,29.7194845334686],[106.62931460532,29.7024174272616],[106.640201813763,29.7024174272616],[106.628942894134,29.6853514185563],[106.639828952733,29.6853514185563],[106.622957229851,29.6597544601498],[106.612072893322,29.6597544601498],[106.589613826341,29.6256290152341],[106.600495869471,29.6256290152341],[106.59488664331,29.6170983371377],[106.605768113315,29.6170983371377],[106.600160757446,29.6085679327437],[106.621922554798,29.6085679327437],[106.627531055121,29.6170983371377],[106.638412526024,29.6170983371377],[106.632803452576,29.6085679327437],[106.65456524903,29.6085679327437],[106.643352144379,29.5915079434616],[106.632472390156,29.5915079434616],[106.626870072938,29.582978357772],[106.615990890044,29.582978357772],[106.604794719534,29.5659200046338],[106.615672759771,29.5659200046338],[106.610077761127,29.5573912371635],[106.620955230934,29.5573912371635],[106.609771405971,29.5403345191933],[106.620647734019,29.5403345191933],[106.598307031755,29.5062243492473],[106.609181080777,29.5062243492473],[106.598024190001,29.4891708955163],[106.587151279145,29.4891708955163],[106.581577048652,29.4806445758314],[106.570704706429,29.4806445758314],[106.559564670743,29.4635927511488],[106.570435876597,29.4635927511488],[106.564868933238,29.4550672453428],[106.575739571357,29.4550672453428],[106.564611827319,29.4380170479071],[106.55374232467,29.4380170479071],[106.542625415213,29.4209679341223],[106.553493784188,29.4209679341223],[106.542385433878,29.4039199023099],[106.553252670077,29.4039199023099],[106.542152872627,29.3868729531356],[106.553018976949,29.3868729531356],[106.530846147354,29.352782295957],[106.519982304092,29.352782295957],[106.525521319727,29.3613045553398],[106.50379250402,29.3613045553398],[106.509332806043,29.3698270841314],[106.487602860256,29.3698270841314],[106.493144448666,29.378349883522],[106.482278910283,29.378349883522],[106.487822351019,29.3868729531356],[106.476956246697,29.3868729531356],[106.48250153976,29.395396292596],[106.471634869499,29.395396292596],[106.477182015786,29.4039199023099],[106.466314778689,29.4039199023099],[106.4718637782,29.4124437826833],[106.460995976062,29.4124437826833],[106.466546828798,29.4209679341223],[106.455678459823,29.4209679341223],[106.46123116758,29.4294923554675],[106.43949329416,29.4294923554675],[106.433941720976,29.4209679341223],[106.423073351103,29.4209679341223],[106.428624358349,29.4294923554675],[106.417755421639,29.4294923554675],[106.428863565336,29.4465420110639],[106.417993494952,29.4465420110639],[106.429110194204,29.4635927511488],[106.41823898835,29.4635927511488],[106.429364248546,29.4806445758314],[106.418491906323,29.4806445758314],[106.424057606414,29.4891708955163],[106.413184694659,29.4891708955163],[106.418752253364,29.4976974867811],[106.397005292587,29.4976974867811],[106.391438872047,29.4891708955163],[106.380565960292,29.4891708955163],[106.363882956384,29.4635927511488],[106.342140543777,29.4635927511488],[106.347697984757,29.4721185281042],[106.336826210269,29.4721185281042],[106.34238550627,29.4806445758314],[106.331513163149,29.4806445758314],[106.35934317906,29.5232788901799],[106.348467990974,29.5232788901799],[106.354040706907,29.5318065686705],[106.375792223041,29.5318065686705],[106.381368508879,29.5403345191933],[106.392244836927,29.5403345191933],[106.408989994372,29.5659200046338],[106.398111954135,29.5659200046338],[106.409286418653,29.582978357772],[106.398407235759,29.582978357772],[106.40399754879,29.5915079434616],[106.393117794567,29.5915079434616],[106.409901641553,29.6170983371377],[106.39902017065,29.6170983371377],[106.404619091338,29.6256290152341],[106.39373704731,29.6256290152341],[106.404941061909,29.6426911910111],[106.394057872529,29.6426911910111],[106.405270506463,29.6597544601498],[106.394386169934,29.6597544601498],[106.411221723948,29.6853514185563],[106.422107782547,29.6853514185563],[106.416492912271,29.6768188250642],[106.438263880524,29.6768188250642],[106.443879899745,29.6853514185563],[106.454765958344,29.6853514185563],[106.4491493651,29.6768188250642],[106.460034848777,29.6768188250642],[106.454420127621,29.6682865057282],[106.465305037275,29.6682865057282],[106.454081781661,29.6512226887105],[106.464965544166,29.6512226887105],[106.459357007911,29.6426911910111],[106.492006576052,29.6426911910111],[106.497616831682,29.6512226887105],[106.508500594187,29.6512226887105],[106.525347753536,29.6768188250642],[106.514462269859,29.6768188250642],[106.52570479703,29.6938842858227],[106.536591429653,29.6938842858227],[106.53096836764,29.6853514185563],[106.552740484838,29.6853514185563],[106.558364695796,29.6938842858227],[106.569251329317,29.6938842858227],[106.591774987862,29.7280184982518],[106.60266392107,29.7280184982518],[106.608301544774,29.7365527380179],[106.6191910547,29.7365527380179],[106.63047482173,29.7536220409668],[106.619584159265,29.7536220409668],[106.647833718957,29.7963001133479],[106.658727266811,29.7963001133479],[106.653071856464,29.7877639485157]]]}},{"type":"Feature","properties":{"uc_id":10131,"city_name_en":"Wuhan","city_name_zh":"武汉","country":"China","urban_area_km2_2025":772,"population_2025":8079484,"population_density_km2_2025":10465.65,"gdp_average_ppp_1990":8494137,"gdp_average_ppp_2000":34343480,"gdp_average_ppp_2010":95998750,"gdp_average_ppp_2020":198295700,"gdp_total_ppp_1990":8570584064,"gdp_total_ppp_2000":34789941248,"gdp_total_ppp_2010":97726726144,"gdp_total_ppp_2020":202000000000,"hdi_1990":0.469,"hdi_2000":0.566,"hdi_2010":0.688,"hdi_2020":0.771},"geometry":{"type":"Polygon","coordinates":[[[114.171496424667,30.6684561114275],[114.182450228815,30.6684561114275],[114.176156233981,30.659891263867],[114.198062634043,30.659891263867],[114.204357836213,30.6684561114275],[114.237219247758,30.6684561114275],[114.230922233686,30.659891263867],[114.285688233392,30.659891263867],[114.291988266701,30.6684561114275],[114.346757284746,30.6684561114275],[114.340454233097,30.659891263867],[114.351407433577,30.659891263867],[114.345106513631,30.6513267036375],[114.356059110443,30.6513267036375],[114.343464267527,30.6341984429163],[114.354415657902,30.6341984429163],[114.360712315343,30.6427624303686],[114.371664308487,30.6427624303686],[114.377964303169,30.6513267036375],[114.410822092707,30.6513267036375],[114.417126632865,30.659891263867],[114.428079833345,30.659891263867],[114.434387715235,30.6684561114275],[114.445341518485,30.6684561114275],[114.451652743006,30.6770212459168],[114.462607150822,30.6770212459168],[114.456295322633,30.6684561114275],[114.467249125882,30.6684561114275],[114.460939432988,30.659891263867],[114.47189263257,30.659891263867],[114.465585074074,30.6513267036375],[114.476537670886,30.6513267036375],[114.463929558955,30.6341984429163],[114.474880948431,30.6341984429163],[114.468580394099,30.625634743228],[114.479531181704,30.625634743228],[114.473232758176,30.6170713293867],[114.495133127847,30.6170713293867],[114.488836235048,30.6085082017934],[114.499785817114,30.6085082017934],[114.493491055118,30.599945360076],[114.482542074025,30.599945360076],[114.469961949107,30.5828205358734],[114.480909726458,30.5828205358734],[114.455779819915,30.5485743178256],[114.433889071201,30.5485743178256],[114.440166255861,30.5571354436055],[114.429220281429,30.5571354436055],[114.435499591503,30.5656968553446],[114.380766714479,30.5656968553446],[114.368216825057,30.5485743178256],[114.379162199414,30.5485743178256],[114.372890740615,30.5400134768576],[114.405725063463,30.5400134768576],[114.411998322486,30.5485743178256],[114.422943696843,30.5485743178256],[114.416669837746,30.5400134768576],[114.427614612029,30.5400134768576],[114.421342876549,30.5314529211009],[114.432287050757,30.5314529211009],[114.426017437996,30.5228926509554],[114.436961013028,30.5228926509554],[114.430693522986,30.5143326660464],[114.452579473799,30.5143326660464],[114.458848162194,30.5228926509554],[114.469791737225,30.5228926509554],[114.450992038403,30.4972135504392],[114.461933815906,30.4972135504392],[114.455672091251,30.4886544205389],[114.477554449701,30.4886544205389],[114.465036763984,30.4715370131191],[114.475976746653,30.4715370131191],[114.463468733994,30.45442074383],[114.474407521005,30.45442074383],[114.468156990258,30.4458630350438],[114.47909517989,30.4458630350438],[114.472846767369,30.4373056104352],[114.483784359621,30.4373056104352],[114.477538063532,30.428748470402],[114.466601067762,30.428748470402],[114.460358080167,30.4201916137924],[114.449421680878,30.4201916137924],[114.424479215904,30.3859670233322],[114.402611182888,30.3859670233322],[114.408841546458,30.3945227461515],[114.397906934816,30.3945227461515],[114.404139408528,30.4030787516576],[114.393204201303,30.4030787516576],[114.399438786954,30.4116350410035],[114.388502984146,30.4116350410035],[114.394739682635,30.4201916137924],[114.383803283346,30.4201916137924],[114.390042094672,30.428748470402],[114.379105098901,30.428748470402],[114.385346023963,30.4373056104352],[114.352533245411,30.4373056104352],[114.358775091246,30.4458630350438],[114.315022331821,30.4458630350438],[114.308782874606,30.4373056104352],[114.297845281456,30.4373056104352],[114.304084142189,30.4458630350438],[114.293145952558,30.4458630350438],[114.305630611714,30.4629787363962],[114.294691226424,30.4629787363962],[114.300937026644,30.4715370131191],[114.268117078637,30.4715370131191],[114.274363797832,30.4800955743746],[114.24154205589,30.4800955743746],[114.279068610047,30.5314529211009],[114.268124435839,30.5314529211009],[114.249350734261,30.5057729659994],[114.216523605121,30.5057729659994],[114.235291912316,30.5314529211009],[114.224347738108,30.5314529211009],[114.230608675838,30.5400134768576],[114.208719127273,30.5400134768576],[114.202459389692,30.5314529211009],[114.191515214585,30.5314529211009],[114.179005089987,30.5143326660464],[114.189948064945,30.5143326660464],[114.177447602626,30.4972135504392],[114.188389380129,30.4972135504392],[114.182142620509,30.4886544205389],[114.193083798836,30.4886544205389],[114.186839152952,30.4800955743746],[114.208720313947,30.4800955743746],[114.214966156387,30.4886544205389],[114.225907335612,30.4886544205389],[114.219660894894,30.4800955743746],[114.230601475841,30.4800955743746],[114.218115533891,30.4629787363962],[114.2071761495,30.4629787363962],[114.200937842128,30.45442074383],[114.168121480196,30.45442074383],[114.174357995428,30.4629787363962],[114.163418610139,30.4629787363962],[114.169657236412,30.4715370131191],[114.147777271973,30.4715370131191],[114.141539841357,30.4629787363962],[114.130600456068,30.4629787363962],[114.118134914857,30.4458630350438],[114.107196724327,30.4458630350438],[114.113427545139,30.45442074383],[114.102488757229,30.45442074383],[114.108721687286,30.4629787363962],[114.086842917605,30.4629787363962],[114.099314508969,30.4800955743746],[114.110255089916,30.4800955743746],[114.135233188362,30.5143326660464],[114.124290212506,30.5143326660464],[114.130540920222,30.5228926509554],[114.141484495254,30.5228926509554],[114.160254712267,30.5485743178256],[114.14930933791,30.5485743178256],[114.155570911647,30.5571354436055],[114.133678962783,30.5571354436055],[114.127418589195,30.5485743178256],[114.083637091766,30.5485743178256],[114.089895063259,30.5571354436055],[114.100841037691,30.5571354436055],[114.107102328459,30.5656968553446],[114.118048903864,30.5656968553446],[114.130580844947,30.5828205358734],[114.119633067596,30.5828205358734],[114.12590251866,30.5913828054091],[114.114954139438,30.5913828054091],[114.121225711424,30.599945360076],[114.088378769941,30.599945360076],[114.094651259108,30.6085082017934],[114.083701676143,30.6085082017934],[114.089976288029,30.6170713293867],[114.079026102295,30.6170713293867],[114.085302836001,30.625634743228],[114.074352048395,30.625634743228],[114.086912486734,30.6427624303686],[114.108816473023,30.6427624303686],[114.115101989557,30.6513267036375],[114.126054585471,30.6513267036375],[114.13863501402,30.6684561114275],[114.127681209872,30.6684561114275],[114.140271356395,30.6855866669327],[114.162181381159,30.6855866669327],[114.168481763015,30.6941523763899],[114.190392996013,30.6941523763899],[114.171496424667,30.6684561114275]]]}},{"type":"Feature","properties":{"uc_id":10887,"city_name_en":"Nanjing","city_name_zh":"南京","country":"China","urban_area_km2_2025":1012,"population_2025":8061028,"population_density_km2_2025":7965.44,"gdp_average_ppp_1990":5700444,"gdp_average_ppp_2000":19852160,"gdp_average_ppp_2010":65272020,"gdp_average_ppp_2020":175976900,"gdp_total_ppp_1990":7866611712,"gdp_total_ppp_2000":27395981312,"gdp_total_ppp_2010":90140655616,"gdp_total_ppp_2020":244000000000,"hdi_1990":0.513,"hdi_2000":0.614,"hdi_2010":0.729,"hdi_2020":0.805},"geometry":{"type":"Polygon","coordinates":[[[118.855941521244,32.3614780940144],[118.86701952826,32.3614780940144],[118.859963166482,32.3528544307013],[118.882117866278,32.3528544307013],[118.875063246333,32.344231077437],[118.886139939114,32.344231077437],[118.872038553195,32.3269853020592],[118.849887795206,32.3269853020592],[118.842842996542,32.3183628800679],[118.831768274665,32.3183628800679],[118.81768914271,32.3011189636078],[118.828762553047,32.3011189636078],[118.821726905521,32.2924974700186],[118.832799659189,32.2924974700186],[118.825766404775,32.2838762865231],[118.836838503571,32.2838762865231],[118.829807639574,32.2752554120418],[118.840879083498,32.2752554120418],[118.826825183423,32.2580145903589],[118.837895318502,32.2580145903589],[118.830872279729,32.2493946425156],[118.819802798624,32.2493946425156],[118.805767154112,32.2321556742578],[118.794698981852,32.2321556742578],[118.78768637252,32.2235366532002],[118.776618853335,32.2235366532002],[118.755601205093,32.1976814407268],[118.76666676595,32.1976814407268],[118.759666300044,32.1890636531535],[118.770731208725,32.1890636531535],[118.763733123354,32.1804461733341],[118.774797380756,32.1804461733341],[118.746832735232,32.1459793319637],[118.757894386621,32.1459793319637],[118.750910144289,32.137363390618],[118.761971145298,32.137363390618],[118.754989278111,32.1287477558412],[118.777109980267,32.1287477558412],[118.791079342586,32.1459793319637],[118.802140993975,32.1459793319637],[118.809130866948,32.1545955809641],[118.820193169616,32.1545955809641],[118.827186722087,32.163212137183],[118.838249676034,32.163212137183],[118.8452469107,32.1718290017053],[118.856310515925,32.1718290017053],[118.863311435481,32.1804461733341],[118.907568462394,32.1804461733341],[118.900564936826,32.1718290017053],[118.966946568177,32.1718290017053],[118.938947166834,32.137363390618],[118.950008167843,32.137363390618],[118.943015245988,32.1287477558412],[118.965135948144,32.1287477558412],[118.972130170759,32.137363390618],[118.983191171769,32.137363390618],[118.997190012303,32.1545955809641],[119.008252314971,32.1545955809641],[119.001250727967,32.1459793319637],[119.012312379357,32.1459793319637],[118.998317001828,32.1287477558412],[118.9872566503,32.1287477558412],[118.980264157841,32.1201324288298],[118.969204456694,32.1201324288298],[118.955229857197,32.1029026952794],[118.944171455014,32.1029026952794],[118.923234194312,32.0770603965723],[118.934290649846,32.0770603965723],[118.927316960023,32.0684469093099],[118.960484380873,32.0684469093099],[118.953511768131,32.0598337290517],[118.964566927396,32.0598337290517],[118.957596687104,32.0512208547088],[118.946542175524,32.0512208547088],[118.939575602155,32.042608286715],[118.928521738261,32.042608286715],[118.921558830019,32.0339960247426],[118.91050561381,32.0339960247426],[118.903546367999,32.0253840677016],[118.892493798577,32.0253840677016],[118.871636084591,31.9995500320203],[118.882686715449,31.9995500320203],[118.875739520537,31.9909392982723],[118.886789506404,31.9909392982723],[118.87290285377,31.9737187448753],[118.88395154786,31.9737187448753],[118.877012088341,31.9651089253281],[118.89910818654,31.9651089253281],[118.892170443702,31.956499411124],[118.903217848709,31.956499411124],[118.896282466644,31.9478902019326],[118.918375987576,31.9478902019326],[118.904511658975,31.9306726965012],[118.915557131706,31.9306726965012],[118.901703526296,31.9134564086699],[118.912747711741,31.9134564086699],[118.90582476685,31.9048487210966],[118.91686831,31.9048487210966],[118.896115536308,31.8790274812823],[118.907157151673,31.8790274812823],[118.900244911107,31.8704210083782],[118.911285885076,31.8704210083782],[118.897469103405,31.8532089741724],[118.90850879368,31.8532089741724],[118.894702698368,31.8359981532109],[118.905741107646,31.8359981532109],[118.885052464682,31.8101841930379],[118.85194299954,31.8101841930379],[118.845054679314,31.8015801456581],[118.822982981155,31.8015801456581],[118.816098923435,31.7929764003429],[118.805063713956,31.7929764003429],[118.798183277345,31.78437295752],[118.787148707466,31.78437295752],[118.800911283894,31.8015801456581],[118.789875435713,31.8015801456581],[118.796760557937,31.8101841930379],[118.785724070155,31.8101841930379],[118.792611536982,31.8187885435816],[118.781574408702,31.8187885435816],[118.788464220131,31.8273931968609],[118.766388683471,31.8273931968609],[118.773280199903,31.8359981532109],[118.784318609181,31.8359981532109],[118.818824227852,31.8790274812823],[118.807782612487,31.8790274812823],[118.814692069174,31.8876342569728],[118.770523038531,31.8876342569728],[118.77743292012,31.8962413373084],[118.755347120208,31.8962413373084],[118.783011461628,31.9306726965012],[118.771965988897,31.9306726965012],[118.778888925702,31.9392812966605],[118.767842808879,31.9392812966605],[118.774768101966,31.9478902019326],[118.752674581034,31.9478902019326],[118.74575057703,31.9392812966605],[118.701566111533,31.9392812966605],[118.694647681576,31.9306726965012],[118.683602208844,31.9306726965012],[118.655961019704,31.8962413373084],[118.589703619967,31.8962413373084],[118.596605570331,31.9048487210966],[118.585562027181,31.9048487210966],[118.633955000071,31.9651089253281],[118.64500304917,31.9651089253281],[118.665789804333,31.9909392982723],[118.654739819364,31.9909392982723],[118.689441278852,32.0339960247426],[118.678388061745,32.0339960247426],[118.699243109531,32.0598337290517],[118.710298267898,32.0598337290517],[118.724217997398,32.0770603965723],[118.713161541865,32.0770603965723],[118.720125281947,32.0856741896432],[118.70906817783,32.0856741896432],[118.688187950266,32.0598337290517],[118.655022472472,32.0598337290517],[118.648070369166,32.0512208547088],[118.637015857586,32.0512208547088],[118.623121978904,32.0339960247426],[118.612068761797,32.0339960247426],[118.605126982828,32.0253840677016],[118.583021843086,32.0253840677016],[118.596905821435,32.042608286715],[118.585851957541,32.042608286715],[118.592797812166,32.0512208547088],[118.581743301485,32.0512208547088],[118.595642747027,32.0684469093099],[118.584586940077,32.0684469093099],[118.598497138452,32.0856741896432],[118.620611346687,32.0856741896432],[118.627572265161,32.0942882888498],[118.638630017862,32.0942882888498],[118.645594602361,32.1029026952794],[118.656653003646,32.1029026952794],[118.670592528422,32.1201324288298],[118.659532827275,32.1201324288298],[118.666506469487,32.1287477558412],[118.655446118858,32.1287477558412],[118.662422133521,32.137363390618],[118.673483135428,32.137363390618],[118.6874455376,32.1545955809641],[118.676383234932,32.1545955809641],[118.683368322579,32.163212137183],[118.639116507691,32.163212137183],[118.653090554723,32.1804461733341],[118.664154812126,32.1804461733341],[118.671147029701,32.1890636531535],[118.682211938381,32.1890636531535],[118.724232844753,32.2407750046822],[118.713164017622,32.2407750046822],[118.720177474963,32.2493946425156],[118.731246955171,32.2493946425156],[118.738264106385,32.2580145903589],[118.749334240566,32.2580145903589],[118.770405909896,32.2838762865231],[118.759333810201,32.2838762865231],[118.78746938626,32.3183628800679],[118.776394664383,32.3183628800679],[118.790479435063,32.3356080346625],[118.801555471175,32.3356080346625],[118.829764286878,32.3701020676944],[118.863000282422,32.3701020676944],[118.855941521244,32.3614780940144]]]}},{"type":"Feature","properties":{"uc_id":9127,"city_name_en":"Tianjin","city_name_zh":"天津","country":"China","urban_area_km2_2025":671,"population_2025":7330647,"population_density_km2_2025":10924.96,"gdp_average_ppp_1990":9226577,"gdp_average_ppp_2000":31837050,"gdp_average_ppp_2010":90329330,"gdp_average_ppp_2020":162691100,"gdp_total_ppp_1990":9245030400,"gdp_total_ppp_2000":32346439680,"gdp_total_ppp_2010":92226240512,"gdp_total_ppp_2020":166000000000,"hdi_1990":0.559,"hdi_2000":0.673,"hdi_2010":0.776,"hdi_2020":0.84},"geometry":{"type":"Polygon","coordinates":[[[117.062546066618,39.2553791946849],[117.074241795647,39.2553791946849],[117.064939611522,39.2464688996511],[117.088329210068,39.2464688996511],[117.079029362462,39.2375590296095],[117.114110972809,39.2375590296095],[117.123413607887,39.2464688996511],[117.158498004808,39.2464688996511],[117.16780762339,39.2553791946849],[117.179503351521,39.2553791946849],[117.170192804081,39.2464688996511],[117.2052772019,39.2464688996511],[117.214590536812,39.2553791946849],[117.249677722104,39.2553791946849],[117.240361599719,39.2464688996511],[117.252056398094,39.2464688996511],[117.242743546475,39.2375590296095],[117.266131286407,39.2375590296095],[117.2568207749,39.2286495831377],[117.291899600469,39.2286495831377],[117.282590501114,39.2197405602038],[117.305974528308,39.2197405602038],[117.296667769064,39.2108319607757],[117.308358854702,39.2108319607757],[117.299055361732,39.2019237848207],[117.334125838359,39.2019237848207],[117.324823756642,39.1930160323059],[117.336512989056,39.1930160323059],[117.327214170919,39.1841087031978],[117.338902477169,39.1841087031978],[117.329606921713,39.1752017967662],[117.3412943018,39.1752017967662],[117.322713900603,39.157389251794],[117.334399429262,39.157389251794],[117.325114579029,39.1484836124864],[117.33679918422,39.1484836124864],[117.32751759038,39.1395783964113],[117.339201270307,39.1395783964113],[117.329922931962,39.1306736014424],[117.34160568842,39.1306736014424],[117.332330603773,39.1217692289363],[117.344012436763,39.1217692289363],[117.334740604915,39.112865278159],[117.358102424858,39.112865278159],[117.348832920545,39.1039617483758],[117.372192895348,39.1039617483758],[117.36292571857,39.0950586402455],[117.374604783851,39.0950586402455],[117.365340856279,39.0861559537296],[117.388697143498,39.0861559537296],[117.370178108014,39.0683518432926],[117.381854408281,39.0683518432926],[117.372600219345,39.0594504185944],[117.360924838056,39.0594504185944],[117.342430786517,39.0416488321289],[117.354104327159,39.0416488321289],[117.344862620314,39.0327486688841],[117.368207862746,39.0327486688841],[117.358968474453,39.0238489255755],[117.347296771765,39.0238489255755],[117.338062457157,39.0149496021608],[117.314720889732,39.0149496021608],[117.305492563294,39.0060506992954],[117.293822696761,39.0060506992954],[117.256954529554,38.9704592784943],[117.233622133929,38.9704592784943],[117.22441727957,38.961562470737],[117.212751997141,38.961562470737],[117.203552194908,38.9526660818666],[117.180223462612,38.9526660818666],[117.198623540491,38.9704592784943],[117.186957342678,38.9704592784943],[117.196162670449,38.9793565051839],[117.184495556354,38.9793565051839],[117.202916799439,38.9971522148419],[117.191247850985,38.9971522148419],[117.200463768995,39.0060506992954],[117.165454171194,39.0060506992954],[117.174671481593,39.0149496021608],[117.163000696982,39.0149496021608],[117.172221235027,39.0238489255755],[117.160549532338,39.0238489255755],[117.169773299827,39.0327486688841],[117.158100678161,39.0327486688841],[117.167327675991,39.0416488321289],[117.132307054066,39.0416488321289],[117.141535445183,39.0505494153518],[117.094837604015,39.0505494153518],[117.104066467646,39.0594504185944],[117.092391087254,39.0594504185944],[117.101623183922,39.0683518432926],[117.054917979263,39.0683518432926],[117.064150547547,39.0772536880918],[117.052473325609,39.0772536880918],[117.070949090143,39.0950586402455],[117.059270024862,39.0950586402455],[117.068513223809,39.1039617483758],[117.021793275101,39.1039617483758],[117.012553764638,39.0950586402455],[116.989195634076,39.0950586402455],[116.998433300298,39.1039617483758],[116.986753312448,39.1039617483758],[116.9959942153,39.112865278159],[116.972632395358,39.112865278159],[116.981875614067,39.1217692289363],[116.970193781077,39.1217692289363],[116.979440239111,39.1306736014424],[116.967757482653,39.1306736014424],[116.97700718091,39.1395783964113],[116.988690861735,39.1395783964113],[117.007204609734,39.157389251794],[117.018890139292,39.157389251794],[117.028154194424,39.1662953129766],[117.039840649246,39.1662953129766],[117.086228217706,39.2108319607757],[117.07453713117,39.2108319607757],[117.083826266366,39.2197405602038],[117.060442238273,39.2197405602038],[117.069733705496,39.2286495831377],[116.999576054358,39.2286495831377],[117.018160415329,39.2464688996511],[117.029855214602,39.2464688996511],[117.039154610356,39.2553791946849],[117.050850338487,39.2553791946849],[117.060154858231,39.2642899133505],[117.071851516118,39.2642899133505],[117.062546066618,39.2553791946849]]]}},{"type":"Feature","properties":{"uc_id":11311,"city_name_en":"Hangzhou","city_name_zh":"杭州","country":"China","urban_area_km2_2025":1517,"population_2025":6387063,"population_density_km2_2025":4210.32,"gdp_average_ppp_1990":3534477,"gdp_average_ppp_2000":15806630,"gdp_average_ppp_2010":50384950,"gdp_average_ppp_2020":68032380,"gdp_total_ppp_1990":7167919104,"gdp_total_ppp_2000":32182304768,"gdp_total_ppp_2010":103000000000,"gdp_total_ppp_2020":139000000000,"hdi_1990":0.516,"hdi_2000":0.622,"hdi_2010":0.725,"hdi_2020":0.796},"geometry":{"type":"Polygon","coordinates":[[[120.390148322613,30.4800955743746],[120.379207741666,30.4800955743746],[120.366049728729,30.4629787363962],[120.376989114019,30.4629787363962],[120.363841330198,30.4458630350438],[120.37477951983,30.4458630350438],[120.368209312808,30.4373056104352],[120.379146905959,30.4373056104352],[120.359451610154,30.4116350410035],[120.370387412962,30.4116350410035],[120.344164529807,30.3774115843711],[120.355097951181,30.3774115843711],[120.348548752161,30.3688564288895],[120.337615925471,30.3688564288895],[120.331070166101,30.3603015557334],[120.320137934994,30.3603015557334],[120.307056132431,30.3431926587561],[120.317987175066,30.3431926587561],[120.311449941606,30.3346386341758],[120.333310839304,30.3346386341758],[120.339849260337,30.3431926587561],[120.372642389141,30.3431926587561],[120.36610218585,30.3346386341758],[120.398893532397,30.3346386341758],[120.392354389118,30.3260848927284],[120.403284244181,30.3260848927284],[120.396747348487,30.3175314332584],[120.407676609763,30.3175314332584],[120.368511274305,30.2662166030072],[120.324808447735,30.2662166030072],[120.331326547079,30.2747683700803],[120.309473949815,30.2747683700803],[120.315993697568,30.2833204183956],[120.294139916324,30.2833204183956],[120.300661313384,30.2918727491102],[120.267878863752,30.2918727491102],[120.26135924356,30.2833204183956],[120.250432352938,30.2833204183956],[120.237402793696,30.2662166030072],[120.226477087054,30.2662166030072],[120.213460030565,30.2491139141625],[120.224384554126,30.2491139141625],[120.211377625243,30.2320123519074],[120.22230096752,30.2320123519074],[120.215801150688,30.2234619922942],[120.226723902771,30.2234619922942],[120.220226320049,30.2149119139559],[120.252992803026,30.2149119139559],[120.259492156327,30.2234619922942],[120.281337658697,30.2234619922942],[120.287841018485,30.2320123519074],[120.298764360762,30.2320123519074],[120.305271138639,30.2405629924025],[120.327119003579,30.2405629924025],[120.320611044417,30.2320123519074],[120.375227754003,30.2320123519074],[120.381738667724,30.2405629924025],[120.403586532664,30.2405629924025],[120.390565172346,30.2234619922942],[120.368719669976,30.2234619922942],[120.362214413845,30.2149119139559],[120.351292252853,30.2149119139559],[120.338291400175,30.1978126003469],[120.34921238078,30.1978126003469],[120.34271560205,30.1892633643086],[120.364556385571,30.1892633643086],[120.371054343789,30.1978126003469],[120.381975324394,30.1978126003469],[120.388476697109,30.2063621165092],[120.399398267907,30.2063621165092],[120.405903057813,30.2149119139559],[120.416825218805,30.2149119139559],[120.423333425902,30.2234619922942],[120.434256177985,30.2234619922942],[120.453799554303,30.2491139141625],[120.442875030741,30.2491139141625],[120.449394562899,30.25766511757],[120.405694101593,30.25766511757],[120.412214101773,30.2662166030072],[120.423139808415,30.2662166030072],[120.442718593626,30.2918727491102],[120.431791110116,30.2918727491102],[120.438322453323,30.3004253618301],[120.449250528823,30.3004253618301],[120.455785303594,30.3089782561606],[120.466713972881,30.3089782561606],[120.460178605221,30.3004253618301],[120.471106680721,30.3004253618301],[120.464573559748,30.2918727491102],[120.519210974604,30.2918727491102],[120.506147324297,30.2747683700803],[120.51707362293,30.2747683700803],[120.510545462454,30.2662166030072],[120.521471169096,30.2662166030072],[120.51494525351,30.25766511757],[120.525870368163,30.25766511757],[120.519346697467,30.2491139141625],[120.530271221028,30.2491139141625],[120.523749792527,30.2405629924025],[120.556521590835,30.2405629924025],[120.550001224142,30.2320123519074],[120.560924566419,30.2320123519074],[120.521858287288,30.1807144095631],[120.532778089304,30.1807144095631],[120.526276353671,30.1721657349497],[120.53719556729,30.1721657349497],[120.530696068462,30.1636173408604],[120.541614693685,30.1636173408604],[120.535117431662,30.1550692276869],[120.556953503518,30.1550692276869],[120.543965098795,30.1379738409937],[120.55488195793,30.1379738409937],[120.54839140183,30.1294265674798],[120.559307673468,30.1294265674798],[120.552819351478,30.1208795741169],[120.563735035617,30.1208795741169],[120.557248946839,30.1123328605192],[120.579079141018,30.1123328605192],[120.585566404793,30.1208795741169],[120.618313458108,30.1208795741169],[120.624805305985,30.1294265674798],[120.646637849259,30.1294265674798],[120.640144827284,30.1208795741169],[120.66197619646,30.1208795741169],[120.655484821995,30.1123328605192],[120.666399919534,30.1123328605192],[120.659910780077,30.1037864263002],[120.670825290118,30.1037864263002],[120.657854300135,30.0866943967834],[120.668767636976,30.0866943967834],[120.64933053495,30.0610584471152],[120.638418955214,30.0610584471152],[120.631946139942,30.0525136888151],[120.621035145908,30.0525136888151],[120.601635336543,30.0268810871386],[120.612544576168,30.0268810871386],[120.606083011397,30.0183374432854],[120.638808974066,30.0183374432854],[120.619435880597,29.992708182619],[120.630342783704,29.992708182619],[120.617440259719,29.9756233996918],[120.606534523523,29.9756233996918],[120.593644387306,29.9585397280873],[120.582739816225,29.9585397280873],[120.576299535239,29.9499983092224],[120.565395547165,29.9499983092224],[120.571835246043,29.9585397280873],[120.560930675861,29.9585397280873],[120.567372594476,29.9670814255585],[120.545562288099,29.9670814255585],[120.539121534598,29.9585397280873],[120.528216964416,29.9585397280873],[120.53465713491,29.9670814255585],[120.491036522155,29.9670814255585],[120.497477163366,29.9756233996918],[120.486571428069,29.9756233996918],[120.493014288119,29.984165652434],[120.482107968917,29.984165652434],[120.507905121594,30.0183374432854],[120.496996467671,30.0183374432854],[120.503452187104,30.0268810871386],[120.44890599347,30.0268810871386],[120.455361597919,30.0354250088263],[120.444451774389,30.0354250088263],[120.450909603067,30.0439692095148],[120.439999194733,30.0439692095148],[120.452922110476,30.0610584471152],[120.442010530739,30.0610584471152],[120.448475619601,30.0696034848031],[120.415739125084,30.0696034848031],[120.422205267669,30.0781488014891],[120.41129251653,30.0781488014891],[120.41776088514,30.0866943967834],[120.406847548299,30.0866943967834],[120.413318144732,30.0952402718505],[120.391490296952,30.0952402718505],[120.385020874617,30.0866943967834],[120.374107537776,30.0866943967834],[120.393522488245,30.1123328605192],[120.382607391605,30.1123328605192],[120.389084084005,30.1208795741169],[120.35633703069,30.1208795741169],[120.349862099886,30.1123328605192],[120.328031904808,30.1123328605192],[120.334505662412,30.1208795741169],[120.312674293236,30.1208795741169],[120.306201710628,30.1123328605192],[120.295286613089,30.1123328605192],[120.282351062543,30.0952402718505],[120.260523214762,30.0952402718505],[120.266988411422,30.1037864263002],[120.245159390442,30.1037864263002],[120.25162622473,30.1123328605192],[120.240711127191,30.1123328605192],[120.247180186606,30.1208795741169],[120.236264501569,30.1208795741169],[120.242735787009,30.1294265674798],[120.231819514474,30.1294265674798],[120.244769352725,30.1465213942675],[120.233851905193,30.1465213942675],[120.240330459801,30.1550692276869],[120.229412423873,30.1550692276869],[120.235893207201,30.1636173408604],[120.214055957653,30.1636173408604],[120.207576352016,30.1550692276869],[120.19665831519,30.1550692276869],[120.183708727568,30.1379738409937],[120.194625587602,30.1379738409937],[120.188154427027,30.1294265674798],[120.199070698664,30.1294265674798],[120.186135641293,30.1123328605192],[120.175220543754,30.1123328605192],[120.168757819258,30.1037864263002],[120.146928798278,30.1037864263002],[120.153390349574,30.1123328605192],[120.131560154496,30.1123328605192],[120.125099778196,30.1037864263002],[120.114185267257,30.1037864263002],[120.107728285691,30.0952402718505],[120.09681436225,30.0952402718505],[120.109729960316,30.1123328605192],[120.098814862777,30.1123328605192],[120.105276288309,30.1208795741169],[120.083444919133,30.1208795741169],[120.096373849994,30.1379738409937],[120.085456989961,30.1379738409937],[120.091925084585,30.1465213942675],[120.070090188623,30.1465213942675],[120.063623270792,30.1379738409937],[120.052706410758,30.1379738409937],[120.072113838735,30.1636173408604],[120.061195214411,30.1636173408604],[120.067669395121,30.1721657349497],[120.078588608741,30.1721657349497],[120.085066194066,30.1807144095631],[120.095985996082,30.1807144095631],[120.102466986921,30.1892633643086],[120.113387378232,30.1892633643086],[120.119871776381,30.1978126003469],[120.130792757885,30.1978126003469],[120.150264642678,30.2234619922942],[120.139341891493,30.2234619922942],[120.152336080468,30.2405629924025],[120.1414121471,30.2405629924025],[120.1479128874,30.2491139141625],[120.136988363839,30.2491139141625],[120.143491338249,30.25766511757],[120.088865762291,30.25766511757],[120.082365744236,30.2491139141625],[120.071441220675,30.2491139141625],[120.05845083876,30.2320123519074],[120.069374181036,30.2320123519074],[120.062882632298,30.2234619922942],[120.041037129928,30.2234619922942],[120.034549583184,30.2149119139559],[120.023627422192,30.2149119139559],[120.017143284555,30.2063621165092],[120.006221713756,30.2063621165092],[120.0127052612,30.2149119139559],[120.001783100208,30.2149119139559],[120.008268875474,30.2234619922942],[119.953655118649,30.2234619922942],[119.960140761863,30.2320123519074],[119.949217419586,30.2320123519074],[119.955705290622,30.2405629924025],[119.912009559844,30.2405629924025],[119.931483005011,30.2662166030072],[119.92055729747,30.2662166030072],[119.927053498584,30.2747683700803],[119.916127199951,30.2747683700803],[119.922625631581,30.2833204183956],[119.97726008559,30.2833204183956],[119.983764303268,30.2918727491102],[119.994691786779,30.2918727491102],[120.001199424344,30.3004253618301],[120.023055576242,30.3004253618301],[120.029567228378,30.3089782561606],[120.040495896766,30.3089782561606],[120.053528879486,30.3260848927284],[120.042599024424,30.3260848927284],[120.062167964099,30.3517469660737],[120.051236327677,30.3517469660737],[120.057764383051,30.3603015557334],[120.035899920838,30.3603015557334],[120.042429623721,30.3688564288895],[120.031496797032,30.3688564288895],[120.038028743008,30.3774115843711],[120.027095321634,30.3774115843711],[120.033629510704,30.3859670233322],[120.077365574939,30.3859670233322],[120.083904985018,30.3945227461515],[120.094839596659,30.3945227461515],[120.101382443692,30.4030787516576],[120.112317650917,30.4030787516576],[120.1188639367,30.4116350410035],[120.129799739508,30.4116350410035],[120.136349465839,30.4201916137924],[120.147285865129,30.4201916137924],[120.134188065367,30.4030787516576],[120.145123272592,30.4030787516576],[120.138578043227,30.3945227461515],[120.160447266511,30.3945227461515],[120.16699368794,30.4030787516576],[120.177928895165,30.4030787516576],[120.171381878153,30.3945227461515],[120.182316489795,30.3945227461515],[120.175771721266,30.3859670233322],[120.186705737325,30.3859670233322],[120.173623535909,30.3688564288895],[120.184556361701,30.3688564288895],[120.178018927916,30.3603015557334],[120.199883390129,30.3603015557334],[120.206422013283,30.3688564288895],[120.250153317346,30.3688564288895],[120.256697162406,30.3774115843711],[120.267630582882,30.3774115843711],[120.280727994572,30.3945227461515],[120.26979338293,30.3945227461515],[120.276345761088,30.4030787516576],[120.265410553863,30.4030787516576],[120.271965183199,30.4116350410035],[120.261029380391,30.4116350410035],[120.267586260905,30.4201916137924],[120.245713461428,30.4201916137924],[120.265397621716,30.4458630350438],[120.254459432084,30.4458630350438],[120.261025922775,30.45442074383],[120.250087135764,30.45442074383],[120.256655882124,30.4629787363962],[120.267595266515,30.4629787363962],[120.287320425913,30.4886544205389],[120.309202783465,30.4886544205389],[120.302623678631,30.4800955743746],[120.324504839626,30.4800955743746],[120.317927393981,30.4715370131191],[120.339807359319,30.4715370131191],[120.346386000622,30.4800955743746],[120.357326580671,30.4800955743746],[120.363908677793,30.4886544205389],[120.39673221457,30.4886544205389],[120.390148322613,30.4800955743746]]]}},{"type":"Feature","properties":{"uc_id":6378,"city_name_en":"Chengdu","city_name_zh":"成都","country":"China","urban_area_km2_2025":867,"population_2025":5609626,"population_density_km2_2025":6470.16,"gdp_average_ppp_1990":8180355,"gdp_average_ppp_2000":21674680,"gdp_average_ppp_2010":71525830,"gdp_average_ppp_2020":99238950,"gdp_total_ppp_1990":9562834944,"gdp_total_ppp_2000":25381048320,"gdp_total_ppp_2010":83756752896,"gdp_total_ppp_2020":116000000000,"hdi_1990":0.44,"hdi_2000":0.542,"hdi_2010":0.651,"hdi_2020":0.736},"geometry":{"type":"Polygon","coordinates":[[[104.002728631773,30.8912432302954],[104.024667821241,30.8912432302954],[104.018877031188,30.8826708824527],[104.029846015068,30.8826708824527],[104.018270747423,30.8655270569741],[104.029238511391,30.8655270569741],[104.017672064304,30.8483843890855],[104.006705520248,30.8483843890855],[103.989376485717,30.822672559158],[104.000341202599,30.822672559158],[103.994569260099,30.8141025275128],[103.983605152274,30.8141025275128],[103.972069994407,30.7969633310662],[103.983032886811,30.7969633310662],[103.977268453328,30.7883941655322],[103.988230737572,30.7883941655322],[103.982468197738,30.7798252889978],[104.070161614502,30.7798252889978],[104.06439671659,30.7712567018679],[104.075357786312,30.7712567018679],[104.069594782947,30.7626884022319],[104.102476172126,30.7626884022319],[104.108240995478,30.7712567018679],[104.1192020652,30.7712567018679],[104.130740436341,30.7883941655322],[104.119778152097,30.7883941655322],[104.125550486262,30.7969633310662],[104.114587593858,30.7969633310662],[104.120361825266,30.8055327844232],[104.131325324931,30.8055327844232],[104.14288252476,30.822672559158],[104.13191780698,30.822672559158],[104.143483822875,30.8398134895789],[104.16541569287,30.8398134895789],[104.171203683773,30.8483843890855],[104.182170227828,30.8483843890855],[104.17638162697,30.8398134895789],[104.198313496965,30.8398134895789],[104.19252618968,30.8312428797249],[104.21445684156,30.8312428797249],[104.22024536696,30.8398134895789],[104.26410910695,30.8398134895789],[104.25831814442,30.8312428797249],[104.247352818481,30.8312428797249],[104.229996827304,30.8055327844232],[104.219033327639,30.8055327844232],[104.213253623695,30.7969633310662],[104.180364947382,30.7969633310662],[104.174589574216,30.7883941655322],[104.163627289972,30.7883941655322],[104.157855030366,30.7798252889978],[104.146893353383,30.7798252889978],[104.123831775562,30.7455526678306],[104.134791025297,30.7455526678306],[104.129031277427,30.7369852331016],[104.139989920799,30.7369852331016],[104.134232065679,30.728418085939],[104.199980292228,30.728418085939],[104.188464810161,30.7112846559274],[104.19942163714,30.7112846559274],[104.176418222538,30.6770212459168],[104.187372630354,30.6770212459168],[104.181627410038,30.6684561114275],[104.192581214186,30.6684561114275],[104.186837883926,30.659891263867],[104.208744283988,30.659891263867],[104.203002238319,30.6513267036375],[104.192049642405,30.6513267036375],[104.18631069233,30.6427624303686],[104.175358699186,30.6427624303686],[104.163889477661,30.625634743228],[104.174840264367,30.625634743228],[104.157653285822,30.599945360076],[104.168602266016,30.599945360076],[104.162877644071,30.5913828054091],[104.173826023293,30.5913828054091],[104.168103284216,30.5828205358734],[104.157155506865,30.5828205358734],[104.151435853501,30.5742585526428],[104.118594324367,30.5742585526428],[104.112878956866,30.5656968553446],[104.101932381461,30.5656968553446],[104.090510289148,30.5485743178256],[104.101455663506,30.5485743178256],[104.078638816412,30.5143326660464],[104.089581791369,30.5143326660464],[104.078187024011,30.4972135504392],[104.089128801514,30.4972135504392],[104.066366543243,30.4629787363962],[104.055427157954,30.4629787363962],[104.061113418244,30.4715370131191],[104.050173435575,30.4715370131191],[104.055861567954,30.4800955743746],[104.044920987905,30.4800955743746],[104.050610992373,30.4886544205389],[104.017787455597,30.4886544205389],[104.023478136496,30.4972135504392],[104.012536358993,30.4972135504392],[104.01822891288,30.5057729659994],[103.985401783741,30.5057729659994],[103.979711026485,30.4972135504392],[103.957827472377,30.4972135504392],[103.952140382942,30.4886544205389],[103.941199203717,30.4886544205389],[103.963959990547,30.5228926509554],[103.953016416414,30.5228926509554],[103.970111170319,30.5485743178256],[103.959165795962,30.5485743178256],[103.964868397505,30.5571354436055],[103.942976448642,30.5571354436055],[103.937275047247,30.5485743178256],[103.92632967289,30.5485743178256],[103.909242117185,30.5228926509554],[103.898298542153,30.5228926509554],[103.903991321517,30.5314529211009],[103.882102973101,30.5314529211009],[103.899192549117,30.5571354436055],[103.888246574685,30.5571354436055],[103.89394744787,30.5656968553446],[103.883000872465,30.5656968553446],[103.888703621332,30.5742585526428],[103.877756444954,30.5742585526428],[103.883461068605,30.5828205358734],[103.861565513006,30.5828205358734],[103.867271411366,30.5913828054091],[103.856323032144,30.5913828054091],[103.862030807085,30.599945360076],[103.87297978728,30.599945360076],[103.901558871476,30.6427624303686],[103.91251086462,30.6427624303686],[103.918234731981,30.6513267036375],[103.929187328793,30.6513267036375],[103.940643727766,30.6684561114275],[103.929689924517,30.6684561114275],[103.935421250589,30.6770212459168],[103.924466842774,30.6770212459168],[103.930200053512,30.6855866669327],[103.908290029646,30.6855866669327],[103.914024519585,30.6941523763899],[103.903068903536,30.6941523763899],[103.90880527814,30.7027183723409],[103.897849056626,30.7027183723409],[103.903587316794,30.7112846559274],[103.892630490714,30.7112846559274],[103.909858405487,30.7369852331016],[103.898899762115,30.7369852331016],[103.904646780857,30.7455526678306],[103.893687531122,30.7455526678306],[103.899436438123,30.754120391266],[103.888476582025,30.754120391266],[103.894227377285,30.7626884022319],[103.883266914825,30.7626884022319],[103.88901960014,30.7712567018679],[103.87805852952,30.7712567018679],[103.88381310489,30.7798252889978],[103.861889750924,30.7798252889978],[103.856136390076,30.7712567018679],[103.834214250632,30.7712567018679],[103.839966396958,30.7798252889978],[103.850928073941,30.7798252889978],[103.862441072167,30.7969633310662],[103.851478179763,30.7969633310662],[103.868764598218,30.822672559158],[103.857799881336,30.822672559158],[103.863566414181,30.8312428797249],[103.90742771794,30.8312428797249],[103.901658749762,30.822672559158],[103.923588183526,30.822672559158],[103.917820500837,30.8141025275128],[103.950712826107,30.8141025275128],[103.956482334172,30.822672559158],[103.967447051953,30.822672559158],[103.97899479881,30.8398134895789],[103.968028863813,30.8398134895789],[103.979585417753,30.8569555778386],[103.990552571765,30.8569555778386],[104.002120378003,30.8740988245432],[103.991152004079,30.8740988245432],[103.996939062531,30.8826708824527],[103.985970078651,30.8826708824527],[103.991759037039,30.8912432302954],[103.980789442305,30.8912432302954],[103.986580302427,30.8998158684353],[104.008520713604,30.8998158684353],[104.002728631773,30.8912432302954]]]}},{"type":"Feature","properties":{"uc_id":8006,"city_name_en":"Xi'an","city_name_zh":"西安","country":"China","urban_area_km2_2025":691,"population_2025":5298991,"population_density_km2_2025":7668.58,"gdp_average_ppp_1990":6415062,"gdp_average_ppp_2000":18663780,"gdp_average_ppp_2010":75350100,"gdp_average_ppp_2020":128818400,"gdp_total_ppp_1990":6184119296,"gdp_total_ppp_2000":18066540544,"gdp_total_ppp_2010":72938897408,"gdp_total_ppp_2020":125000000000,"hdi_1990":0.453,"hdi_2000":0.548,"hdi_2010":0.684,"hdi_2020":0.763},"geometry":{"type":"Polygon","coordinates":[[[109.015538442737,34.4143216541283],[109.026780634837,34.4143216541283],[109.019712070344,34.4056208630211],[109.030953533911,34.4056208630211],[109.023887315817,34.3969204136948],[109.012646580784,34.3969204136948],[108.998524821074,34.3795205356936],[109.009764099938,34.3795205356936],[109.002707100356,34.3708211080081],[109.025184201915,34.3708211080081],[109.00402725282,34.3447248650218],[109.015263622939,34.3447248650218],[109.008216714132,34.3360267975459],[109.019452357514,34.3360267975459],[109.01240778792,34.327329069873],[109.046112541448,34.327329069873],[109.039068858492,34.3186316817542],[109.050303050196,34.3186316817542],[109.043261705555,34.3099346329407],[109.065728639082,34.3099346329407],[109.072771434503,34.3186316817542],[109.084005627106,34.3186316817542],[109.069921647842,34.3012379231828],[109.081154388767,34.3012379231828],[109.074116268179,34.292541553715],[109.085348285062,34.292541553715],[109.078312500094,34.2838455228031],[109.089543792935,34.2838455228031],[109.082510343586,34.2751498301966],[109.093740911487,34.2751498301966],[109.079681739199,34.2577594626083],[109.090910860812,34.2577594626083],[109.083885136077,34.2490647871242],[109.106341931218,34.2490647871242],[109.078263788049,34.2142894668091],[109.055812770872,34.2142894668091],[109.048802306716,34.2055964812443],[109.037577519475,34.2055964812443],[108.988594566344,34.1447550357835],[108.977374822245,34.1447550357835],[108.970390137941,34.1360647492239],[108.959171112494,34.1360647492239],[108.952190183149,34.1273747996356],[108.940971876353,34.1273747996356],[108.927020554901,34.1099959088605],[108.904586815021,34.1099959088605],[108.911559523883,34.1186851860187],[108.866689173108,34.1186851860187],[108.873662039176,34.1273747996356],[108.851225426484,34.1273747996356],[108.844253997721,34.1186851860187],[108.81060123419,34.1186851860187],[108.817570507895,34.1273747996356],[108.795133895203,34.1273747996356],[108.802104761621,34.1360647492239],[108.813323787068,34.1360647492239],[108.827276053548,34.15344565957],[108.816055589898,34.15344565957],[108.823035554453,34.1621366200956],[108.800593187153,34.1621366200956],[108.835531359905,34.2055964812443],[108.824306573562,34.2055964812443],[108.831302606282,34.2142894668091],[108.797626081414,34.2142894668091],[108.80462299089,34.2229827894066],[108.793396760954,34.2229827894066],[108.800395991677,34.2316764500329],[108.777942086416,34.2316764500329],[108.770944300184,34.2229827894066],[108.759718070248,34.2229827894066],[108.752724047957,34.2142894668091],[108.741498540267,34.2142894668091],[108.755488181154,34.2316764500329],[108.744261228973,34.2316764500329],[108.751259891062,34.2403704496831],[108.762487566387,34.2403704496831],[108.776495471822,34.2577594626083],[108.765266350209,34.2577594626083],[108.772274149961,34.2664544771295],[108.761044305204,34.2664544771295],[108.768054429796,34.2751498301966],[108.745593293097,34.2751498301966],[108.752605018487,34.2838455228031],[108.741373725646,34.2838455228031],[108.748387777673,34.292541553715],[108.73715576079,34.292541553715],[108.744172138555,34.3012379231828],[108.721706655806,34.3012379231828],[108.714691727024,34.292541553715],[108.703459710141,34.292541553715],[108.710473913983,34.3012379231828],[108.676775688512,34.3012379231828],[108.690808902183,34.3186316817542],[108.71327728649,34.3186316817542],[108.720299923716,34.327329069873],[108.731534842157,34.327329069873],[108.73856126129,34.3360267975459],[108.74979690557,34.3360267975459],[108.756827108407,34.3447248650218],[108.768063478526,34.3447248650218],[108.761032548952,34.3360267975459],[108.817210768556,34.3360267975459],[108.824245329121,34.3447248650218],[108.83548169924,34.3447248650218],[108.856605935285,34.3708211080081],[108.867844486514,34.3708211080081],[108.874892755369,34.3795205356936],[108.908610591961,34.3795205356936],[108.915664112368,34.3882203044207],[108.949384131865,34.3882203044207],[108.956442906518,34.3969204136948],[108.967683641551,34.3969204136948],[108.981811865538,34.4143216541283],[109.004296250637,34.4143216541283],[109.011366432995,34.4230227857797],[109.022609354528,34.4230227857797],[109.015538442737,34.4143216541283]]]}}]}